<?xml version="1.0" encoding="UTF-8"?>

<newsitem date="1996-10-28" id="root" itemid="50094" xml:lang="pt">
<title></title>
<headline> ACÇÕES PREVÊEM-SE FRACA VOLATILIDADE E SELECTIVAS. </headline>
<byline></byline>
<dateline></dateline>
<text>
<p> As acções do Contínuo deverão hoje negociar com fraca volatilidade e mistas, prevendo-se a manutenção de interesse selectivo e que a procura continue concentrada em BES, Cimpor, disseram dealers. </p>
<p> *DJ Industrial fecha a subir 0,24 pct para 6.007,62 pontos </p>
<p> *PT fecha em Nova Iorque estável nos 25,5/8 dólares </p>
<p> *BP mantém facilidade permanente absorção, emergência </p>
<p> *Taxa máxima BT 182 dias cai 0,02 para 6,58 pct. </p>
<p> - Lisboa Editorial, 351-1-3150035. (c) Reuters Limited 1996. </p></text>
<copyright>(c) Reuters Limited 1996</copyright>
<metadata>
<codes class="bip:countries:1.0">
<code code="FDPIWKzaVa">
<editdetail action="confirmed" attribution="Reuters BIP Coding Group" date="1996-10-28"></editdetail></code>
<code code="WZDhBWTihl">
<editdetail action="confirmed" attribution="Reuters BIP Coding Group" date="1996-10-28"></editdetail></code>
<code code="uEXJSbbFIM">
<editdetail action="confirmed" attribution="Reuters BIP Coding Group" date="1996-10-28"></editdetail></code></codes>
<codes class="bip:topics:1.0">
<code code="vbXHHRvZso">
<editdetail action="confirmed" attribution="Reuters BIP Coding Group" date="1996-10-28"></editdetail></code>
<code code="UpjbxvrcPp">
<editdetail action="confirmed" attribution="Reuters BIP Coding Group" date="1996-10-28"></editdetail></code></codes>
<dc element="dc.publisher" value="Reuters Holdings Plc"></dc>
<dc element="dc.datepublished" value="1996-10-28"></dc>
<dc element="dc.source" value="Reuters - Notícias em Português"></dc>
<dc element="dc.creator.location" value=""></dc>
<dc element="dc.creator.location.country.name" value=""></dc></metadata></newsitem>