<?xml version="1.0" encoding="UTF-8"?>

<newsitem date="1996-08-21" id="root" itemid="48306" xml:lang="pt">
<title></title>
<headline> RESUMO DAS TRANSACÇÕES NO MERCADO CONTÍNUO. </headline>
<byline></byline>
<dateline></dateline>
<text>
<p>     LISBOA, 21 Ago (Reuter) - Transacções no Contínuo (números </p>
<p> da sessão anterior entre parentesis): (MC=milhões de contos). </p>
<p>         Quantidade     Valor </p>
<p> Mercado Contínuo Acções 2.011.059(  909.663) 4,057 MC( 1,848 MC) </p>
<p>        OT  616.962(  430.296) 6,148 MC( 4,091 MC) Futuros OT-10       590( 251) 5,620 MC( 2,396 MC) Futuros PSI20   58( 220) 0,027 MC( 0,102 MC) Índices  Oficial BVL      1.053,34    + 0,10 pct     BVL30      1.942,37    + 0,13 pct     PSI-20     4.640,33    + 0,16 pct     ORF(TRM 7,9712 vs 7,9600 pct)   106,57    0 0,03 pct     FPI (Fincor Privatisation)    1.130,76    + 0,07 pct     ----Lisboa Editorial, 351.1.3113121. </p>
<p> (c) Reuters Limited 1996. </p></text>
<copyright>(c) Reuters Limited 1996</copyright>
<metadata>
<codes class="bip:countries:1.0">
<code code="idIfBikWrF">
<editdetail action="confirmed" attribution="Reuters BIP Coding Group" date="1996-08-21"></editdetail></code>
<code code="xnBzDBkGiM">
<editdetail action="confirmed" attribution="Reuters BIP Coding Group" date="1996-08-21"></editdetail></code>
<code code="UCyWfJlJhL">
<editdetail action="confirmed" attribution="Reuters BIP Coding Group" date="1996-08-21"></editdetail></code></codes>
<codes class="bip:topics:1.0">
<code code="WFpQalEeKy">
<editdetail action="confirmed" attribution="Reuters BIP Coding Group" date="1996-08-21"></editdetail></code>
<code code="MWjdzqcEdo">
<editdetail action="confirmed" attribution="Reuters BIP Coding Group" date="1996-08-21"></editdetail></code>
<code code="MPgyTviscS">
<editdetail action="confirmed" attribution="Reuters BIP Coding Group" date="1996-08-21"></editdetail></code></codes>
<dc element="dc.publisher" value="Reuters Holdings Plc"></dc>
<dc element="dc.datepublished" value="1996-08-21"></dc>
<dc element="dc.source" value="Reuters - Notícias em Português"></dc>
<dc element="dc.creator.location" value=""></dc>
<dc element="dc.creator.location.country.name" value=""></dc></metadata></newsitem>