<?xml version="1.0" encoding="UTF-8"?>

<newsitem date="1996-08-29" id="root" itemid="48517" xml:lang="pt">
<title></title>
<headline> ESCUDO CALMO VS MARCO MANHÃ E POUCOS INTERESSES. </headline>
<byline></byline>
<dateline></dateline>
<text>
<p> 1040 TMG - O escudo manteve-se calmo contra o marco ao longo da manhã, numa sessão com fracos interesses, reflectindo, aliás, o sentimento externo, continuando o mercado a aguardar por uma definição do dólar que tarda em aparecer. </p>
<p> *Escudo 102,58/61 por marco contra 102,61/65 na abertura </p>
<p> *Escudo oscilou entre 102,58 e 102,62 por marco </p>
<p> *Peseta 84,62/65 por marco contra 84,69/71 na abertura </p>
<p> *Dólar 1,4769/74 marcos vs 1,4753/60 na abertura Europa </p>
<p> *BP não coloca nada proposta cedência de até 10 MC, 6 dias </p>
<p> *PIB real EUA 2do tri prevê-se +4,2%(range +4/+4,2) vs +4,2%. </p></text>
<copyright>(c) Reuters Limited 1996</copyright>
<metadata>
<codes class="bip:countries:1.0">
<code code="dvGtJEoiDU">
<editdetail action="confirmed" attribution="Reuters BIP Coding Group" date="1996-08-29"></editdetail></code>
<code code="icDyDWrYpM">
<editdetail action="confirmed" attribution="Reuters BIP Coding Group" date="1996-08-29"></editdetail></code>
<code code="tgqeALAqow">
<editdetail action="confirmed" attribution="Reuters BIP Coding Group" date="1996-08-29"></editdetail></code></codes>
<codes class="bip:topics:1.0">
<code code="FuUcBgkbAb">
<editdetail action="confirmed" attribution="Reuters BIP Coding Group" date="1996-08-29"></editdetail></code>
<code code="RDZmDsTGCN">
<editdetail action="confirmed" attribution="Reuters BIP Coding Group" date="1996-08-29"></editdetail></code>
<code code="uATPlecGxD">
<editdetail action="confirmed" attribution="Reuters BIP Coding Group" date="1996-08-29"></editdetail></code></codes>
<dc element="dc.publisher" value="Reuters Holdings Plc"></dc>
<dc element="dc.datepublished" value="1996-08-29"></dc>
<dc element="dc.source" value="Reuters - Notícias em Português"></dc>
<dc element="dc.creator.location" value=""></dc>
<dc element="dc.creator.location.country.name" value=""></dc></metadata></newsitem>