<?xml version="1.0" encoding="UTF-8"?>

<newsitem date="1996-08-21" id="root" itemid="48281" xml:lang="pt">
<title></title>
<headline> ACÇÕES PREVÊEM-SE ILÍQUIDAS E OSCILAÇÕES PEQUENAS. </headline>
<byline></byline>
<dateline></dateline>
<text>
<p> 0826 TMG - As acções do Contínuo deverão hoje manter a apatia dos últimos tempos, ou seja a negociar sem liquidez estrutural e com oscilações pequenas, prevendo-se a manutenção de interesse concentrado em PT, PI, Cimpor e BFE, disseram dealers. </p>
<p> &quot;A apatia é para continuar, com a liquidez reduzida e os preços sem volatilidade. O FED não mexeu nas taxas, mas o mercado não vai reagir em alta por causa disso, já que os estrangeiros estão relativamente fora&quot;, disse um dealer. </p>
<p> &quot;O interesse vai continuar em PT, PI, Cimpor e BFE e talvez Engil &quot;, referiu outro. </p>
<p> *PT fecha Nova Iorque 25,1/2 dólares vs 25,5/8 </p>
<p> *DJ Industrial subiu ontem 0,38 pct para 5.721,26 pontos </p>
<p> *BP cede até 10 MC, 5 dias, em leilão, absorve a 6,8 pct </p>
<p> *FED manteve taxa chave em 5,25 pct </p>
<p> - Lisboa Editorial, 351-1-3150035. (c) Reuters Limited 1996. </p></text>
<copyright>(c) Reuters Limited 1996</copyright>
<metadata>
<codes class="bip:countries:1.0">
<code code="eHrpdAvlNb">
<editdetail action="confirmed" attribution="Reuters BIP Coding Group" date="1996-08-21"></editdetail></code>
<code code="YVwhTIUHeN">
<editdetail action="confirmed" attribution="Reuters BIP Coding Group" date="1996-08-21"></editdetail></code>
<code code="XqutfaYZRP">
<editdetail action="confirmed" attribution="Reuters BIP Coding Group" date="1996-08-21"></editdetail></code></codes>
<codes class="bip:topics:1.0">
<code code="qGsRDOSpRu">
<editdetail action="confirmed" attribution="Reuters BIP Coding Group" date="1996-08-21"></editdetail></code>
<code code="bOXJHpPWKr">
<editdetail action="confirmed" attribution="Reuters BIP Coding Group" date="1996-08-21"></editdetail></code></codes>
<dc element="dc.publisher" value="Reuters Holdings Plc"></dc>
<dc element="dc.datepublished" value="1996-08-21"></dc>
<dc element="dc.source" value="Reuters - Notícias em Português"></dc>
<dc element="dc.creator.location" value=""></dc>
<dc element="dc.creator.location.country.name" value=""></dc></metadata></newsitem>