<?xml version="1.0" encoding="UTF-8"?>

<newsitem date="1996-09-27" id="root" itemid="49305" xml:lang="pt">
<title></title>
<headline> ENTREVISTA-ACORDO PARA EXTINÇÃO QEI IMINENTE. </headline>
<byline></byline>
<dateline></dateline>
<text>
<p> Por Sérgio Gonçalves LISBOA, 27 Set (Reuter) - O acordo, entre o Governo e os sindicatos da Função Pública, de extinção do Quadro de Excedentes Interdepartamentais (QEI) e criação de um departamento de recolocação de pessoal está iminente, disse Arnaldo Silva, adjunto do Ministro Jorge Coelho. </p>
<p> &quot;Espero que, nas próximas horas, os diplomas estejam totalmente acordados entre as três partes do Governo e os sindicatos&quot;, disse, em entrevista à Reuters, o adjunto do Ministro Adjunto. </p>
<p> &quot;São dois diplomas, um extingue o QEI e outro cria um departamento de recolocação e revalorização de pessoal&quot;, disse. </p>
<p> Este acordo é feito entre a Secretaria de Estado do Orçamento a Secretaria de Estado da Administração Pública e o Ministro adjunto, por um lado, e os sindicatos, por outro. </p>
<p> Estima-se que o quadro de excedente tenha um total de 3.816 pessoas. </p>
<p> O QAI é um quadro localizado e gerido pela Direcção Geral da Administração Pública onde foram colocadas todas as pessoas disponíveis porque os organismos sofreram reestruturações ou fecharam ou porque foram consideradas a mais, considerou. </p>
<p> &quot;Inclusivamente, houve pessoas que foram lá parar por divergências políticas, mas outros aproveitaram-se deste quadro de uma forma oportunística&quot;, alertou. </p>
<p> &quot;Estão lá há quatro anos, recebendo 60 pct do vencimento e sem fazer nada, ou melhor fazendo na &apos;privada&apos;&quot;, acrescentou. </p>
<p> &quot;Há uns que estão em Bruxelas e há um ex-ministro que recebe 60 pct sem fazer nada&quot;, disse. </p>
<p> &quot;Tudo isto foi subvertido porque em vez do QAI ser uma Bolsa de Emprego actuante e activa, em que cada Ministério que necessitasse de alguém ia buscar, é gerido como um arquivo de inúteis&quot;, adiantou. </p>
<p> &quot;Nunca houve uma dinâmica empresarial, uma boa gestão daquele quadro, é esse o nosso compromisso&quot;, concluiu. </p>
<p> - Lisboa Editorial, 351-1-3150035. </p>
<p> (c) Reuters Limited 1996. </p></text>
<copyright>(c) Reuters Limited 1996</copyright>
<metadata>
<codes class="bip:countries:1.0">
<code code="gAqUTKssZV">
<editdetail action="confirmed" attribution="Reuters BIP Coding Group" date="1996-09-27"></editdetail></code>
<code code="URpwFBKrdm">
<editdetail action="confirmed" attribution="Reuters BIP Coding Group" date="1996-09-27"></editdetail></code>
<code code="taXzqyDeaJ">
<editdetail action="confirmed" attribution="Reuters BIP Coding Group" date="1996-09-27"></editdetail></code></codes>
<codes class="bip:topics:1.0">
<code code="qVkgThKMBQ">
<editdetail action="confirmed" attribution="Reuters BIP Coding Group" date="1996-09-27"></editdetail></code>
<code code="ygYoIWecgw">
<editdetail action="confirmed" attribution="Reuters BIP Coding Group" date="1996-09-27"></editdetail></code></codes>
<dc element="dc.publisher" value="Reuters Holdings Plc"></dc>
<dc element="dc.datepublished" value="1996-09-27"></dc>
<dc element="dc.source" value="Reuters - Notícias em Português"></dc>
<dc element="dc.creator.location" value=""></dc>
<dc element="dc.creator.location.country.name" value=""></dc></metadata></newsitem>