<?xml version="1.0" encoding="UTF-8"?>

<newsitem date="1996-10-28" id="root" itemid="50099" xml:lang="pt">
<title></title>
<headline> MONETÁRIO ABRE ILÍQUIDO, PRAZOS APÁTICOS. </headline>
<byline></byline>
<dateline></dateline>
<text>
<p> LISBOA, 28 Out (Reuter) - O mercado monetário do escudo abriu aparentemente com falta de liquidez no curto prazo, registando poucos interesses nas maturidades mais longas, segundo disseram operadores. </p>
<p> &quot;O mercado está calmo, com excepção da falta de dinheiro no curto prazo. Mas agora o mais importante é ver o impacto da entrada dos 311 milhões de contos (dos vencimentos de Títulos de Depósito)&quot;, disse um operador. </p>
<p> &quot;Há várias variáveis, como a eventual subida do marco, o nível de financiamento do Tesouro, ou os instrumentos de absorção que o BP vai utilizar&quot;, disse outro dealer. </p>
<p> Este oprador acrescentou que o impacto daquela entrada de fundos está também dependente de quais são as necessidades de liquidez do mercado, uma vez que, este período de reservas, o banco central propôs ceder 320 MC mas, nos dois anteriores, propôs apenas 260 MC e 140 MC. </p>
<p> Nos prazos, os três meses estão em 6,80/6,85 pct, os seis meses em 6,65/6,70 pct e o ano em 6,62/6,70 pct, semelhante ao fecho de sexta-feira. </p>
<p> - Fernanda Pargana, Lisboa Editorial, 351-1-311.31.26 </p>
<p> (c) Reuters Limited 1996. </p></text>
<copyright>(c) Reuters Limited 1996</copyright>
<metadata>
<codes class="bip:countries:1.0">
<code code="zEKVncFSee">
<editdetail action="confirmed" attribution="Reuters BIP Coding Group" date="1996-10-28"></editdetail></code>
<code code="tqVPRYlBEY">
<editdetail action="confirmed" attribution="Reuters BIP Coding Group" date="1996-10-28"></editdetail></code>
<code code="trgHWDuNFa">
<editdetail action="confirmed" attribution="Reuters BIP Coding Group" date="1996-10-28"></editdetail></code></codes>
<codes class="bip:topics:1.0">
<code code="vcLFqaTiIv">
<editdetail action="confirmed" attribution="Reuters BIP Coding Group" date="1996-10-28"></editdetail></code>
<code code="uEScUcxQJn">
<editdetail action="confirmed" attribution="Reuters BIP Coding Group" date="1996-10-28"></editdetail></code></codes>
<dc element="dc.publisher" value="Reuters Holdings Plc"></dc>
<dc element="dc.datepublished" value="1996-10-28"></dc>
<dc element="dc.source" value="Reuters - Notícias em Português"></dc>
<dc element="dc.creator.location" value=""></dc>
<dc element="dc.creator.location.country.name" value=""></dc></metadata></newsitem>