<?xml version="1.0" encoding="UTF-8"?>

<newsitem date="1996-09-23" id="root" itemid="49162" xml:lang="pt">
<title></title>
<headline> FUTUROS E CASH ALIVIAM COM ESPANHA, MAIS-VALIAS. </headline>
<byline></byline>
<dateline></dateline>
<text>
<p> LISBOA, 23 Set (Reuter) - As OT seguiam com a liquidez a aumentar paulatinamente por algumas tomadas de lucros, afirmando os dealers que a correcção hoje não deverá ser muito maior e adiantando que os olhos já estão postos na decisão do Banco de Espanha (BE) amanhã e, em menor escala, na do FOMC do FED. </p>
<p> &quot;O mercado aliviou, seguindo o mesmo sentimento de Espanha, estando a aparecer algumas tomadas de lucros, mas não prevejo uma correcção muito maior&quot;, disse um director. </p>
<p> &quot;Hoje vamos continuar a seguir Espanha, mantendo os 10 anos um spread entre os zero e os menos cinco bp. Os olhos já estão postos, primeiro, no BE e, mais remotamente, no FED&quot;, adiantou. </p>
<p> &quot;A estes níveis aparecem sempre algumas tomadas de lucros. A resistência de Espanha e de Portugal parece estar nos oito pct (10 anos) e daí estar a haver alguma realização de mais-valias junto destes patamares, enquanto aqueles não são batidos decisivamente&quot;, disse um terceiro dealer. </p>
<p> &quot;O mercado espera o BE para saber qual o caminho dos Bonos e depois das OT. Obviamente que a expectativa de convergência para a Moeda Única limita a queda&quot;, referiu. </p>
<p> - Sérgio Gonçalves, Lisboa Editorial, 351-1-3150035. </p>
<p> (c) Reuters Limited 1996. </p></text>
<copyright>(c) Reuters Limited 1996</copyright>
<metadata>
<codes class="bip:countries:1.0">
<code code="TqPkHsImTt">
<editdetail action="confirmed" attribution="Reuters BIP Coding Group" date="1996-09-23"></editdetail></code>
<code code="qYYKAvhvvG">
<editdetail action="confirmed" attribution="Reuters BIP Coding Group" date="1996-09-23"></editdetail></code>
<code code="ZeWAAtqqvL">
<editdetail action="confirmed" attribution="Reuters BIP Coding Group" date="1996-09-23"></editdetail></code></codes>
<codes class="bip:topics:1.0">
<code code="LxIwgPnDoz">
<editdetail action="confirmed" attribution="Reuters BIP Coding Group" date="1996-09-23"></editdetail></code>
<code code="gmIuROEmtk">
<editdetail action="confirmed" attribution="Reuters BIP Coding Group" date="1996-09-23"></editdetail></code></codes>
<dc element="dc.publisher" value="Reuters Holdings Plc"></dc>
<dc element="dc.datepublished" value="1996-09-23"></dc>
<dc element="dc.source" value="Reuters - Notícias em Português"></dc>
<dc element="dc.creator.location" value=""></dc>
<dc element="dc.creator.location.country.name" value=""></dc></metadata></newsitem>