<?xml version="1.0" encoding="UTF-8"?>

<newsitem date="1996-10-29" id="root" itemid="50130" xml:lang="pt">
<title></title>
<headline> ACÇÕES PREVÊEM-SE EM LIGEIRA BAIXA, FOCO BES E PT. </headline>
<byline></byline>
<dateline></dateline>
<text>
<p> As acções do Contínuo deverão hoje registar uma tendência globalmente descendente a seguir a correcção das praças europeias, prevendo-se que a liquidez se concentre no sector da banca, como BES, e também na PT, disseram dealers. </p>
<p> &quot;A queda das praças europeias deve levar a globalidade do mercado a ajustar em baixa e os Futuros, que deverão ter pouca liquidez, também a corrigir um pouco&quot;, disse um operador. </p>
<p> &quot;O BES mostrou bons resultados, no terceiro trimestre, como se esperava e vai continuar suportado. Contudo, a antecipação da boa performance já se deu e a subida está limitada&quot;, disse. </p>
<p> &quot;Há alguma expectativa quanto ao BCP que divulga hoje os resultados.O BCP vai ter bom volume.A PT deve cair&quot;,disse outro. </p>
<p> (c) Reuters Limited 1996. </p></text>
<copyright>(c) Reuters Limited 1996</copyright>
<metadata>
<codes class="bip:countries:1.0">
<code code="XQBUCVzFGk">
<editdetail action="confirmed" attribution="Reuters BIP Coding Group" date="1996-10-29"></editdetail></code>
<code code="wpDZtoAaQj">
<editdetail action="confirmed" attribution="Reuters BIP Coding Group" date="1996-10-29"></editdetail></code>
<code code="NJppUCnmGb">
<editdetail action="confirmed" attribution="Reuters BIP Coding Group" date="1996-10-29"></editdetail></code></codes>
<codes class="bip:topics:1.0">
<code code="iCUUHokeZv">
<editdetail action="confirmed" attribution="Reuters BIP Coding Group" date="1996-10-29"></editdetail></code>
<code code="xaDRYlsXWr">
<editdetail action="confirmed" attribution="Reuters BIP Coding Group" date="1996-10-29"></editdetail></code></codes>
<dc element="dc.publisher" value="Reuters Holdings Plc"></dc>
<dc element="dc.datepublished" value="1996-10-29"></dc>
<dc element="dc.source" value="Reuters - Notícias em Português"></dc>
<dc element="dc.creator.location" value=""></dc>
<dc element="dc.creator.location.country.name" value=""></dc></metadata></newsitem>