<?xml version="1.0" encoding="UTF-8"?>

<newsitem date="1996-10-22" id="root" itemid="49947" xml:lang="pt">
<title></title>
<headline> MONETÁRIO ABRE CALMO E COM TAXAS ESTÁVEIS. </headline>
<byline></byline>
<dateline></dateline>
<text>
<p> O mercado monetário do escudo abriu calmo e com as taxas estáveis, com os forward rate agreements a registar poucos interesses e sem o futuro sobre a Lisbor ter ainda registado qualquer negócio. * o/n e tom/next em 6,95/7,00 pct, igual ao fecho de ontem * Prazo 30 dias em 6,93/6,98 pct, o mesmo de ontem à tarde * Tesouro leiloa 20 MC OT/Mar/96/01, sem contar tranche OEVT * Banco Portugal cede até 60 MC em leilão, antes 7,00 pct * Banco Suécia baixa repo 10 bp para 4,85 pct (c) Reuters Limited 1996. </p></text>
<copyright>(c) Reuters Limited 1996</copyright>
<metadata>
<codes class="bip:countries:1.0">
<code code="sGhPSmlAje">
<editdetail action="confirmed" attribution="Reuters BIP Coding Group" date="1996-10-22"></editdetail></code>
<code code="ShKGdqYHNG">
<editdetail action="confirmed" attribution="Reuters BIP Coding Group" date="1996-10-22"></editdetail></code>
<code code="HdFoLDoKnn">
<editdetail action="confirmed" attribution="Reuters BIP Coding Group" date="1996-10-22"></editdetail></code></codes>
<codes class="bip:topics:1.0">
<code code="HQQrjIgDrv">
<editdetail action="confirmed" attribution="Reuters BIP Coding Group" date="1996-10-22"></editdetail></code>
<code code="dbKkeyOZlA">
<editdetail action="confirmed" attribution="Reuters BIP Coding Group" date="1996-10-22"></editdetail></code></codes>
<dc element="dc.publisher" value="Reuters Holdings Plc"></dc>
<dc element="dc.datepublished" value="1996-10-22"></dc>
<dc element="dc.source" value="Reuters - Notícias em Português"></dc>
<dc element="dc.creator.location" value=""></dc>
<dc element="dc.creator.location.country.name" value=""></dc></metadata></newsitem>