<?xml version="1.0" encoding="UTF-8"?>

<newsitem date="1996-10-29" id="root" itemid="50139" xml:lang="pt">
<title></title>
<headline> ÍNDICE PREÇOS PRODUÇÃO INDUSTRIAL AGO 1996 SOBE. </headline>
<byline></byline>
<dateline></dateline>
<text>
<p>     LISBOA, 29 Out (Reuter) - O Índice de Preços na Produção </p>
<p> Industrial subiu 0,3 pct para 120,6 em Agosto de 1996 </p>
<p> relativamente ao mês anterior, tendo aumentado 3,1 pct face a </p>
<p> Agosto de 1995, segundo dados hoje divulgados pelo Instituto </p>
<p> Nacional de Estatística (INE). </p>
<p>     A partir de Agosto de 1996, o INE passa a publicar o índice </p>
<p> geral deste indicador, o qual agrega &quot;cerca de 72 pct do valor </p>
<p> total das vendas de produtos, da indústria portuguesa, para o </p>
<p> mercado nacional&quot;, depois de passar a incluir os bens </p>
<p> intermédios e os bens de consumo não duradouro, segundo </p>
<p> informação do INE. </p>
<p>     .       AGO96     JUL96 AGO95     Índice geral      120,6     120,3 117,0     Variação mensal   0,3 pct   -0,3 pct     Variação homóloga      3,1 pct    3,4 pct     Acumulada no ano       2,9 pct    2,9 pct     Acumulada últimos 12 meses  3,1 pct    3,1 pct </p>
<p>     ---Lisboa Editorial, 351-1-3113126. </p>
<p> (c) Reuters Limited 1996. </p></text>
<copyright>(c) Reuters Limited 1996</copyright>
<metadata>
<codes class="bip:countries:1.0">
<code code="CkYErntjkl">
<editdetail action="confirmed" attribution="Reuters BIP Coding Group" date="1996-10-29"></editdetail></code>
<code code="swBkCEEzvT">
<editdetail action="confirmed" attribution="Reuters BIP Coding Group" date="1996-10-29"></editdetail></code>
<code code="DyVYnNJOod">
<editdetail action="confirmed" attribution="Reuters BIP Coding Group" date="1996-10-29"></editdetail></code></codes>
<codes class="bip:topics:1.0">
<code code="csWWcNUYkH">
<editdetail action="confirmed" attribution="Reuters BIP Coding Group" date="1996-10-29"></editdetail></code>
<code code="sCXWBPNrmQ">
<editdetail action="confirmed" attribution="Reuters BIP Coding Group" date="1996-10-29"></editdetail></code>
<code code="mAfyyxAEld">
<editdetail action="confirmed" attribution="Reuters BIP Coding Group" date="1996-10-29"></editdetail></code></codes>
<dc element="dc.publisher" value="Reuters Holdings Plc"></dc>
<dc element="dc.datepublished" value="1996-10-29"></dc>
<dc element="dc.source" value="Reuters - Notícias em Português"></dc>
<dc element="dc.creator.location" value=""></dc>
<dc element="dc.creator.location.country.name" value=""></dc></metadata></newsitem>