<?xml version="1.0" encoding="UTF-8"?>

<newsitem date="1996-09-05" id="root" itemid="48675" xml:lang="pt">
<title></title>
<headline> ACÇÕES PREVÊEM-SE LEVE ALTA, FOCO J.MARTINS E BCP. </headline>
<byline></byline>
<dateline></dateline>
<text>
<p> As acções do Contínuo deverão hoje negociar com liquidez e em ligeira alta, prevendo-se que a Jerónimo Martins e o BCP registem boa procura e fiquem suportadas em alta devido ao anúncio da criação de um novo banco em joint-venture, disseram dealers. </p>
<p> &quot;O mercado vai ter liquidez e os preços irão ajustar em alta, mas não deve ser uma puxada tão forte como a de ontem, dia em que os índices bateram máximos do ano&quot;, disse um dealer. </p>
<p> &quot;O foco deve ser na Jerónimo Martins e no BCP devido ao banco constituído. Estes papéis vão ficar suportados em alta e até pode haver, eventualmente, alguma excitação&quot;, disse outro. </p>
<p> &quot;A PT, a PI e o BFE vão continuar também a ser procurados&quot;, referiu. </p></text>
<copyright>(c) Reuters Limited 1996</copyright>
<metadata>
<codes class="bip:countries:1.0">
<code code="rKSGIfMXbl">
<editdetail action="confirmed" attribution="Reuters BIP Coding Group" date="1996-09-05"></editdetail></code>
<code code="ZzPnAgNGHK">
<editdetail action="confirmed" attribution="Reuters BIP Coding Group" date="1996-09-05"></editdetail></code>
<code code="PaCGHwZIZM">
<editdetail action="confirmed" attribution="Reuters BIP Coding Group" date="1996-09-05"></editdetail></code></codes>
<codes class="bip:topics:1.0">
<code code="zEmlNvxZPZ">
<editdetail action="confirmed" attribution="Reuters BIP Coding Group" date="1996-09-05"></editdetail></code>
<code code="lDZwXkozwo">
<editdetail action="confirmed" attribution="Reuters BIP Coding Group" date="1996-09-05"></editdetail></code></codes>
<dc element="dc.publisher" value="Reuters Holdings Plc"></dc>
<dc element="dc.datepublished" value="1996-09-05"></dc>
<dc element="dc.source" value="Reuters - Notícias em Português"></dc>
<dc element="dc.creator.location" value=""></dc>
<dc element="dc.creator.location.country.name" value=""></dc></metadata></newsitem>