<?xml version="1.0" encoding="UTF-8"?>

<newsitem date="1996-09-27" id="root" itemid="49316" xml:lang="pt">
<title></title>
<headline> DESEMPREGO REGISTADO IEFP AGO SOBE 7,7% VS AGO 95. </headline>
<byline></byline>
<dateline></dateline>
<text>
<p> LISBOA, 27 Set (Reuter) - O desemprego registado no continente e regiões autónomas nos centros de emprego do Instituto de Emprego e Formação Profissional (IEFP) desceu, em Agosto último, 0,6 pct para 452.738 em relação ao mês anterior, anunciou hoje o IEFP. </p>
<p> Comparativamente com o mesmo mês do ano precedente, o número de desempregados cresceu 7,7 pct. </p>
<p> No continente, o número de desempregados diminuiu, em Agosto, 0,6 pct relativamente ao mês anterior e subiu 8,0 pct contra o mesmo mês do ano anterior para 441.522. </p>
<p> A taxa de desemprego, no terceiro trimestre de 1996, foi de 7,1 pct contra 7,2 pct no trimestre anterior e 6,9 pct no terceiro trimestre de 1995, segundo o inquérito ao emprego, divulgado pelo Instituto Nacional de Estatística (INE). </p>
<p> As estatísticas do INE e do IEFP não são comparáveis. </p>
<p> - Lisboa Editorial, 351-1-3150035. </p>
<p> (c) Reuters Limited 1996. </p></text>
<copyright>(c) Reuters Limited 1996</copyright>
<metadata>
<codes class="bip:countries:1.0">
<code code="KeJWMcxkBd">
<editdetail action="confirmed" attribution="Reuters BIP Coding Group" date="1996-09-27"></editdetail></code>
<code code="gCCOXFalqt">
<editdetail action="confirmed" attribution="Reuters BIP Coding Group" date="1996-09-27"></editdetail></code>
<code code="XCJbnivNzH">
<editdetail action="confirmed" attribution="Reuters BIP Coding Group" date="1996-09-27"></editdetail></code></codes>
<codes class="bip:topics:1.0">
<code code="owQxsVEKkx">
<editdetail action="confirmed" attribution="Reuters BIP Coding Group" date="1996-09-27"></editdetail></code>
<code code="wbQrMNCPhW">
<editdetail action="confirmed" attribution="Reuters BIP Coding Group" date="1996-09-27"></editdetail></code></codes>
<dc element="dc.publisher" value="Reuters Holdings Plc"></dc>
<dc element="dc.datepublished" value="1996-09-27"></dc>
<dc element="dc.source" value="Reuters - Notícias em Português"></dc>
<dc element="dc.creator.location" value=""></dc>
<dc element="dc.creator.location.country.name" value=""></dc></metadata></newsitem>