<?xml version="1.0" encoding="UTF-8"?>

<newsitem date="1996-09-09" id="root" itemid="48741" xml:lang="pt">
<title></title>
<headline> PERSPECTIVAS MERCADOS FINANCEIROS BANCO MELLO. </headline>
<byline></byline>
<dateline></dateline>
<text>
<p> MERCADO CAMBIAL Se nos Estados Unidos a taxa de inflaçâo, a ser conhecida na sexta-feira, superar significativamente os três pct, elevando consideravelmente a probabilidade de subida de taxas do FED já em Setembro, o dólar deverá aproximar-se de DEM 1,5. </p>
<p> Caso se concretize a ameaça de greves em França o franco atravessará um período de forte pressão, que se poderá estender às restantes moedas do MTC (Mecanismo de Txasa de Câmbio), em benefício do marco ou, eventualmente, do franco suíço. </p>
<p> A moeda alemã poderá, no entanto, ser penalizada se os indicadores nos Estados Unidos despertarem tensões inflaccionistas, ou se, da substituição de Boris Ieltsin, que se espera temporária, decorrerem factores de instabilidade. </p>
<p> MERCADO MONETÁRIO </p>
<p> A divulgação de indicadores económicos que sugerem a manutenção de um ritmo de actividade bastante dinâmico, contribuem para o aumento da probabilidade de subida da FED funds rate até final do ano. </p>
<p> Esta semana vai ser divulgada a taxa de inflaçâo referente a Agosto. A nossa expectativa aponta uma variação mensal de 0,1 pct e para uma taxa homóloga de 3,4 pct o que contribuirá para a manutenção do nível actual das taxas de juro. </p>
<p> MERCADO DE OBRIGAÇÕES </p>
<p> O comportamento favorável do IPC de Agosto, poderá atenuar o impacto adverso no mercado português de uma eventual correcção do mercado espanhol, depois da forte subida da semana passada. Desta forma, as yields das OT Fev 2005 e Fev 2006 deverão permanecer próximas dos 8,55 pct e dos 8,65 pct, respectivamente. </p>
<p> -351.1.312.50.00. </p>
<p> (c) Reuters Limited 1996. </p></text>
<copyright>(c) Reuters Limited 1996</copyright>
<metadata>
<codes class="bip:countries:1.0">
<code code="PnsDGHMQBN">
<editdetail action="confirmed" attribution="Reuters BIP Coding Group" date="1996-09-09"></editdetail></code>
<code code="cKoUlmeXZp">
<editdetail action="confirmed" attribution="Reuters BIP Coding Group" date="1996-09-09"></editdetail></code>
<code code="XRlbsVfDlM">
<editdetail action="confirmed" attribution="Reuters BIP Coding Group" date="1996-09-09"></editdetail></code></codes>
<codes class="bip:topics:1.0">
<code code="sJCGOaenJA">
<editdetail action="confirmed" attribution="Reuters BIP Coding Group" date="1996-09-09"></editdetail></code>
<code code="HKjVOkgahl">
<editdetail action="confirmed" attribution="Reuters BIP Coding Group" date="1996-09-09"></editdetail></code>
<code code="LkOPNvrbNB">
<editdetail action="confirmed" attribution="Reuters BIP Coding Group" date="1996-09-09"></editdetail></code>
<code code="trcxSpLGZc">
<editdetail action="confirmed" attribution="Reuters BIP Coding Group" date="1996-09-09"></editdetail></code></codes>
<dc element="dc.publisher" value="Reuters Holdings Plc"></dc>
<dc element="dc.datepublished" value="1996-09-09"></dc>
<dc element="dc.source" value="Reuters - Notícias em Português"></dc>
<dc element="dc.creator.location" value=""></dc>
<dc element="dc.creator.location.country.name" value=""></dc></metadata></newsitem>