<?xml version="1.0" encoding="UTF-8"?>

<newsitem date="1996-10-07" id="root" itemid="49522" xml:lang="pt">
<title></title>
<headline> PERSPECTIVAS MERCADOS FINANCEIROS BANCO MELLO. </headline>
<byline></byline>
<dateline></dateline>
<text>
<p> MERCADO CAMBIAL Nos EUA, o relatório de emprego aponta no sentido de um abrandamento da economia, sendo de esperar que o dólar não continue a registar uma apreciação tão significativa quanto a verificada nas últimas semanas, transaccionando-se próximo de USD/DEM 1.53. </p>
<p> As discussões em redor dos orçamentos, juntamente com o maior dinamismo da economia alemã, deverão permitir uma ligeira recuperação do marco. O comportamento da lira será determinado pela expectativa de entrada no MTC, prevendo-se a sua manutenção abaixo de DEM/ITL 1000. </p>
<p> MERCADO MONETÁRIO </p>
<p> Nos Estados Unidos, a divulgação do relatório de emprego de Setembro veio reforçar a expectativa de abrandamento da actividade económica, sendo provável que as taxas de juro para as maturidades superiores a três meses continuem a cair. </p>
<p> O Banco de Espanha efectuou um corte de 50 basis points na taxa de cedência decenal, passando esta a fixar-se em 6,75 pct. </p>
<p> O Banco de Portugal cortou na taxa de cedência mínima de 15 basis points. Torna-se, assim, consistente a hipótese de que a autoridade monetária portuguesa venha a efectuar novo(s) corte(s) da taxa de cedência nas próximas semanas. </p>
<p> MERCADO DE OBRIGAÇÕES </p>
<p> Parece-nos improvável que os preços dos Bonos e das OT continuem a subir ao longo desta semana, a não ser que se verifiquem novas quedas significativas das yields nos Estados Unidos e na Alemanha. </p>
<p> O cenário mais provável parece ser apontar para uma consolidação dos níveis actuais, com eventuais quedas de preços resultantes da realização de mais-valias. </p>
<p> - Banco Mello Investimentos, 351.1.312.50.00. </p>
<p> (c) Reuters Limited 1996. </p></text>
<copyright>(c) Reuters Limited 1996</copyright>
<metadata>
<codes class="bip:countries:1.0">
<code code="idSbMNCZNF">
<editdetail action="confirmed" attribution="Reuters BIP Coding Group" date="1996-10-07"></editdetail></code>
<code code="gMMnKHSxzW">
<editdetail action="confirmed" attribution="Reuters BIP Coding Group" date="1996-10-07"></editdetail></code>
<code code="CnDjDSQhqA">
<editdetail action="confirmed" attribution="Reuters BIP Coding Group" date="1996-10-07"></editdetail></code>
<code code="EliQfRbQDK">
<editdetail action="confirmed" attribution="Reuters BIP Coding Group" date="1996-10-07"></editdetail></code>
<code code="bbRVGNqlkk">
<editdetail action="confirmed" attribution="Reuters BIP Coding Group" date="1996-10-07"></editdetail></code>
<code code="yKzlhMJcOS">
<editdetail action="confirmed" attribution="Reuters BIP Coding Group" date="1996-10-07"></editdetail></code>
<code code="dIGdprOQCl">
<editdetail action="confirmed" attribution="Reuters BIP Coding Group" date="1996-10-07"></editdetail></code></codes>
<codes class="bip:topics:1.0">
<code code="MCeRUcItFv">
<editdetail action="confirmed" attribution="Reuters BIP Coding Group" date="1996-10-07"></editdetail></code>
<code code="edomdTOsfJ">
<editdetail action="confirmed" attribution="Reuters BIP Coding Group" date="1996-10-07"></editdetail></code>
<code code="ZVTAFmJQqd">
<editdetail action="confirmed" attribution="Reuters BIP Coding Group" date="1996-10-07"></editdetail></code>
<code code="dSSqTjyotk">
<editdetail action="confirmed" attribution="Reuters BIP Coding Group" date="1996-10-07"></editdetail></code></codes>
<dc element="dc.publisher" value="Reuters Holdings Plc"></dc>
<dc element="dc.datepublished" value="1996-10-07"></dc>
<dc element="dc.source" value="Reuters - Notícias em Português"></dc>
<dc element="dc.creator.location" value=""></dc>
<dc element="dc.creator.location.country.name" value=""></dc></metadata></newsitem>