<?xml version="1.0" encoding="UTF-8"?>

<newsitem date="1996-10-23" id="root" itemid="49989" xml:lang="pt">
<title></title>
<headline> COTAÇÕES INDICATIVAS DO BANCO PORTUGAL - (PTEFIX=). </headline>
<byline></byline>
<dateline></dateline>
<text>
<p>     LISBOA, 23 Out (Reuter) - Cotações oficiais indicativas do </p>
<p> Banco de Portugal (BP). Entre parêntesis sessão anterior. </p>
<p> USD 153,844..........(154,561)   NLG 89,955..........(89,813) </p>
<p> DEM 100,908..........(100,750)   BEF 4,8982..........(4,8915) </p>
<p> FRF 29,831............(29,810)   CHF 122,654........(122,330) </p>
<p> GBP 245,741..........(246,567)   JPY 1,3621..........(1,3711) </p>
<p> ESP 1,1979............(1,1974)   SEK 23,404..........(23,425) </p>
<p> XEU 193,471..........(193,461)   NOK 23,777..........(23,776) </p>
<p> ITL 0,10072..........(0,10105)   DKK 26,329..........(26,317) </p>
<p> IEP 248,081..........(248,420)   FIM 33,630..........(33,611) </p>
<p> ATS 14,343............(14,321)   Índice 96,62.........(96,61). </p>
<p> (c) Reuters Limited 1996. </p></text>
<copyright>(c) Reuters Limited 1996</copyright>
<metadata>
<codes class="bip:countries:1.0">
<code code="uICJnQeMIN">
<editdetail action="confirmed" attribution="Reuters BIP Coding Group" date="1996-10-23"></editdetail></code>
<code code="vkrhROMkOy">
<editdetail action="confirmed" attribution="Reuters BIP Coding Group" date="1996-10-23"></editdetail></code>
<code code="xjuOwMiBsW">
<editdetail action="confirmed" attribution="Reuters BIP Coding Group" date="1996-10-23"></editdetail></code></codes>
<codes class="bip:topics:1.0">
<code code="rQqRWfsAbX">
<editdetail action="confirmed" attribution="Reuters BIP Coding Group" date="1996-10-23"></editdetail></code>
<code code="GMvnKpoftK">
<editdetail action="confirmed" attribution="Reuters BIP Coding Group" date="1996-10-23"></editdetail></code>
<code code="zBADJoREea">
<editdetail action="confirmed" attribution="Reuters BIP Coding Group" date="1996-10-23"></editdetail></code></codes>
<dc element="dc.publisher" value="Reuters Holdings Plc"></dc>
<dc element="dc.datepublished" value="1996-10-23"></dc>
<dc element="dc.source" value="Reuters - Notícias em Português"></dc>
<dc element="dc.creator.location" value=""></dc>
<dc element="dc.creator.location.country.name" value=""></dc></metadata></newsitem>