<?xml version="1.0" encoding="UTF-8"?>

<newsitem date="1996-10-07" id="root" itemid="49556" xml:lang="pt">
<title></title>
<headline> AIP APRESENTA PROPOSTAS ÁREA FISCAL ORÇAMENTO 1997. </headline>
<byline></byline>
<dateline></dateline>
<text>
<p> LISBOA, 7 Out (Reuter) - A Associação Industrial Portuguesa (AIP) anunciou, em comunicado, algumas propostas da área fiscal, defendendo uma reforma que dinamize o investimento pelo alargamento do crédito fiscal ao investimento, que pretende que seja alargado para 20 pct, contra os actuais 10 pct. </p>
<p> Defende, também, a redução da taxa do IRC para 35 pct contra os 38,5 actuais, e a eliminação progressiva da dupla tributação sobre os lucros e dividendos. </p>
<p> Defende também que deixem de estar sujeito a impostos de IRC ou IVA os subsídios recebidos da União Europeia. </p>
<p> Num documento hoje enviado, esta associação patronal defende ainda uma redução de seis para três pct do imposto de selo sobre as operações bancárias. </p>
<p> Reivindica, também, uma taxa de IRC de 20 pct para as empresas que venham a situar-se em zonas consideradas menos desenvolvidas. </p>
<p> A AIP defende, igualmente, que as pequenas e médias empresas (PME) passem a ter uma taxa de IRC de 20 pct, dadas as características destas unidades empresariais. </p>
<p> Mostra reservas sobre a tributação por métodos indiciários. </p>
<p> - Lisboa Editorial, 351-1-3113126. </p>
<p> (c) Reuters Limited 1996. </p></text>
<copyright>(c) Reuters Limited 1996</copyright>
<metadata>
<codes class="bip:countries:1.0">
<code code="srKWyeSjmh">
<editdetail action="confirmed" attribution="Reuters BIP Coding Group" date="1996-10-07"></editdetail></code>
<code code="yqpjYUeJhn">
<editdetail action="confirmed" attribution="Reuters BIP Coding Group" date="1996-10-07"></editdetail></code>
<code code="dmItxBNcic">
<editdetail action="confirmed" attribution="Reuters BIP Coding Group" date="1996-10-07"></editdetail></code></codes>
<codes class="bip:topics:1.0">
<code code="TbYaVIoVVO">
<editdetail action="confirmed" attribution="Reuters BIP Coding Group" date="1996-10-07"></editdetail></code>
<code code="vIJTVxLfcj">
<editdetail action="confirmed" attribution="Reuters BIP Coding Group" date="1996-10-07"></editdetail></code>
<code code="qYLkUglKcz">
<editdetail action="confirmed" attribution="Reuters BIP Coding Group" date="1996-10-07"></editdetail></code></codes>
<dc element="dc.publisher" value="Reuters Holdings Plc"></dc>
<dc element="dc.datepublished" value="1996-10-07"></dc>
<dc element="dc.source" value="Reuters - Notícias em Português"></dc>
<dc element="dc.creator.location" value=""></dc>
<dc element="dc.creator.location.country.name" value=""></dc></metadata></newsitem>