<?xml version="1.0" encoding="UTF-8"?>

<newsitem date="1996-09-13" id="root" itemid="48904" xml:lang="pt">
<title></title>
<headline> ACÇÕES SOBEM APÓS CPI EUA, PODEM AJUSTAR MAIS ALTA. </headline>
<byline></byline>
<dateline></dateline>
<text>
<p> As acções do Contínuo reagiram em alta após serem conhecidos os números da inflação dos Estado Unidos, com os preços a subirem 0,1 pct contra uma previsão de 0,2 pct. &quot;Os índices da BVL reagiram em alta ao IPC de Agosto nos Estados Unidos, muito à custa da PT e Sonae Investimentos&quot;, disse um dealer. &quot;Até final da sessão os índices vão continuar a subir, ajustando à queda de ontem&quot;, disse outro. *Índice PSI-20 sobe 0,40 pct para 4.782,32 pontos *BES sobe 31 escudos para 2.550, com 282.700 acções *Sonae Inv. sobe 10 escudos para 4.540 escudos *PT sobe 38 escudos para 4.100, com 44.069 acções *IPC Ago Estados Unidos sobe 0,1 pct vs previsão 0,2 pct *Futuro PSI-20 Set/96 sobe 6 pontos para 4.793, 50 contratos. </p>
<p> - Lisboa Editorial, 351-1-3150035. (c) Reuters Limited 1996. </p></text>
<copyright>(c) Reuters Limited 1996</copyright>
<metadata>
<codes class="bip:countries:1.0">
<code code="NlSgEaXqKK">
<editdetail action="confirmed" attribution="Reuters BIP Coding Group" date="1996-09-13"></editdetail></code>
<code code="fQXMwtTZfA">
<editdetail action="confirmed" attribution="Reuters BIP Coding Group" date="1996-09-13"></editdetail></code>
<code code="YvFwPfcncd">
<editdetail action="confirmed" attribution="Reuters BIP Coding Group" date="1996-09-13"></editdetail></code></codes>
<codes class="bip:topics:1.0">
<code code="foyZXnPFAN">
<editdetail action="confirmed" attribution="Reuters BIP Coding Group" date="1996-09-13"></editdetail></code>
<code code="WLDFhckapN">
<editdetail action="confirmed" attribution="Reuters BIP Coding Group" date="1996-09-13"></editdetail></code></codes>
<dc element="dc.publisher" value="Reuters Holdings Plc"></dc>
<dc element="dc.datepublished" value="1996-09-13"></dc>
<dc element="dc.source" value="Reuters - Notícias em Português"></dc>
<dc element="dc.creator.location" value=""></dc>
<dc element="dc.creator.location.country.name" value=""></dc></metadata></newsitem>