<?xml version="1.0" encoding="UTF-8"?>

<newsitem date="1996-09-12" id="root" itemid="48855" xml:lang="pt">
<title></title>
<headline> ESCUDO ABRE CALMO VS MARCO, ESTACIONADO NOS 102,42. </headline>
<byline></byline>
<dateline></dateline>
<text>
<p> 0855 TMG - O escudo abriu ligeiramente mais fraco do que no fecho de ontem contra o marco, com o mercado a reflectir o fortalecimento da moeda alemã contra as do sul da Europa, enquanto o dólar aliviou dos máximos de ontem. Dealers dizem que o escudo deverá oscilar entre 102,40 e 102,45 por marco </p>
<p> *Escudo 102,41/44 por marco contra 102,37/40 fecho de ontem </p>
<p> *Peseta 84,50/53 por marco contra 84,45/47 no fecho de ontem </p>
<p> *Dólar 1,5080/90 marcos vs 1,5068/73 fecho Europa de ontem </p>
<p> *BP mantém taxas directoras, absorve 6,8%, emergência 9% </p>
<p> *Tesouro coloca 15 MC BT 91 dias, TMP 7,0710% (7,0906%) </p></text>
<copyright>(c) Reuters Limited 1996</copyright>
<metadata>
<codes class="bip:countries:1.0">
<code code="kycqALLqly">
<editdetail action="confirmed" attribution="Reuters BIP Coding Group" date="1996-09-12"></editdetail></code>
<code code="QvbmwXxPYq">
<editdetail action="confirmed" attribution="Reuters BIP Coding Group" date="1996-09-12"></editdetail></code>
<code code="egbCTrkXti">
<editdetail action="confirmed" attribution="Reuters BIP Coding Group" date="1996-09-12"></editdetail></code></codes>
<codes class="bip:topics:1.0">
<code code="uavDVxIdSI">
<editdetail action="confirmed" attribution="Reuters BIP Coding Group" date="1996-09-12"></editdetail></code>
<code code="RBdbGtXwau">
<editdetail action="confirmed" attribution="Reuters BIP Coding Group" date="1996-09-12"></editdetail></code>
<code code="lzuJLbqdiA">
<editdetail action="confirmed" attribution="Reuters BIP Coding Group" date="1996-09-12"></editdetail></code></codes>
<dc element="dc.publisher" value="Reuters Holdings Plc"></dc>
<dc element="dc.datepublished" value="1996-09-12"></dc>
<dc element="dc.source" value="Reuters - Notícias em Português"></dc>
<dc element="dc.creator.location" value=""></dc>
<dc element="dc.creator.location.country.name" value=""></dc></metadata></newsitem>