<?xml version="1.0" encoding="UTF-8"?>

<newsitem date="1996-10-21" id="root" itemid="49929" xml:lang="pt">
<title></title>
<headline> ACÇÕES SEGUEM CALMAS E LIQUIDEZ SOMA 1 MC, CIMPOR. </headline>
<byline></byline>
<dateline></dateline>
<text>
<p> LISBOA, 21 Out (Reuter) - As acções do Contínuo e os Futuros sobre o PSI20 seguiam calmos na meia sessão e operadores afirmaram que os fundamentais para a subida se mantêm, mas os mercados externos têm que se acalmar para os estrangeiros voltarem a injectar capitais na Bolsa nacional. </p>
<p> &quot;Pelo menos para já não me parece que o mercado vá descolar (subir). Os fundamentais para se concretizar a tendência de subida mantêm-se&quot;, disse um &apos;market-maker&apos; do PSI20. </p>
<p> &quot;Primeiro, os mercados europeus têm que consolidar as suas próprias tendências para o mercado nacional voltar a sentir a injecção de capitais estrangeiros&quot;, adiantou. </p>
<p> Analistas contactados afirmaram que a apatia do vector accionista está relacionada basicamente com dois factores, a subida dos mercados internacionais e a operação da Deutsche Telekom que afecta directamente a Portugal Telecom. </p>
<p> A Bolsa de Nova Iorque está a subir 0,31 pct e a de Londres 0,35 pct. </p>
<p> As acções da Cimpor mostram alguma sustentação em alta entre os 3.260 e 3.275 escudos e dealers afirmaram que é natural que nas próximas sessões este título continue a liderar os negócios como aconteceu com a Portugal Telecom (PT) após a segunda fase de privatização. </p>
<p> A segunda fase de privatização da Cimpor ocorreu na passada terça-feira, com o preço máximo em 3.170 escudos. </p>
<p> As acções do Banco Comercial Português (BCP) têm registado alguma procura, com os preços a se manterem em redor dos 1.870 a 1.880 escudos. A partir da próxima semana deverão começar a ser divulgados dos resultados do terceiro trimestre da banca. </p>
<p> Em relação à PT, operadores disseram que a cotação tem negociado num range bastante apertado, entre 4.000 e 4.100 escudos, por diversas razões, como a operação de venda da Deutsche Telekom e a falta de novidades sobre o parceiro estratégico a escolher, que será conhecido este ano. </p>
<p> &quot;Foi bom que a privatização da PT tivesse sido das primeiras do sector, mas depois também tem as suas desvantagens, porque como existem outras alternativas os investidores estão com os olhos postos em outros papéis, como é o caso, neste momento, da Deutsche Telekom&quot;, disse um dealer. </p>
<p> &quot;Papéis como a PT, que foram estrelas durante bastante tempo, precisam de novidades para gerarem interesse&quot;, adiantou. </p>
<p> As acções da PT variaram hoje entre 4.036 e 4.085 escudos. </p>
<p> - Paula Cordeiro, Lisboa Editorial, 351-1-3150035. </p>
<p> (c) Reuters Limited 1996. </p></text>
<copyright>(c) Reuters Limited 1996</copyright>
<metadata>
<codes class="bip:countries:1.0">
<code code="JoxWXSarFO">
<editdetail action="confirmed" attribution="Reuters BIP Coding Group" date="1996-10-21"></editdetail></code>
<code code="FXOcCorBNI">
<editdetail action="confirmed" attribution="Reuters BIP Coding Group" date="1996-10-21"></editdetail></code>
<code code="QumCoXmxIe">
<editdetail action="confirmed" attribution="Reuters BIP Coding Group" date="1996-10-21"></editdetail></code></codes>
<codes class="bip:topics:1.0">
<code code="YOfmvDJPgu">
<editdetail action="confirmed" attribution="Reuters BIP Coding Group" date="1996-10-21"></editdetail></code>
<code code="kyMtyfsAFv">
<editdetail action="confirmed" attribution="Reuters BIP Coding Group" date="1996-10-21"></editdetail></code></codes>
<dc element="dc.publisher" value="Reuters Holdings Plc"></dc>
<dc element="dc.datepublished" value="1996-10-21"></dc>
<dc element="dc.source" value="Reuters - Notícias em Português"></dc>
<dc element="dc.creator.location" value=""></dc>
<dc element="dc.creator.location.country.name" value=""></dc></metadata></newsitem>