<?xml version="1.0" encoding="UTF-8"?>

<newsitem date="1996-09-10" id="root" itemid="48805" xml:lang="pt">
<title></title>
<headline> ACÇÕES FECHAM EM ALTA, SENTIMENTO POSITIVO MANTÉM. </headline>
<byline></byline>
<dateline></dateline>
<text>
<p> As acções do Contínuo e os Futuros do PSI20 fecharam em alta e a liquidez no cash a somar 4,3 milhões de contos, com o mercado a acompanhar a ligeira subida das praças europeias, que ficaram mais fracas com a queda de Nova Iorque. Destaque para o máximo do ano da Sonae Investimentos nos 4.559 escudos. Sentimento positivo deve manter-se. *Índice PSI-20 sobe 0,38 pct para 4.802,52 pontos *M.Confiança cai 1 escudo p/1.275. Negociadas 284.249 *BCP sobe 35 escudos para 1.905. Negociadas 279.793 *BPI-SGPS sobe 1 esc p/1.921. Negociadas 180.769 *Futuro PSI-20 Set/96 sobe p/4.815 vs 4.783 pontos. </p></text>
<copyright>(c) Reuters Limited 1996</copyright>
<metadata>
<codes class="bip:countries:1.0">
<code code="MXWcjhDrJd">
<editdetail action="confirmed" attribution="Reuters BIP Coding Group" date="1996-09-10"></editdetail></code>
<code code="bKnEyftPhm">
<editdetail action="confirmed" attribution="Reuters BIP Coding Group" date="1996-09-10"></editdetail></code>
<code code="osnNsrmHml">
<editdetail action="confirmed" attribution="Reuters BIP Coding Group" date="1996-09-10"></editdetail></code></codes>
<codes class="bip:topics:1.0">
<code code="jjvzmMdgsN">
<editdetail action="confirmed" attribution="Reuters BIP Coding Group" date="1996-09-10"></editdetail></code>
<code code="QlCcJWXyGZ">
<editdetail action="confirmed" attribution="Reuters BIP Coding Group" date="1996-09-10"></editdetail></code></codes>
<dc element="dc.publisher" value="Reuters Holdings Plc"></dc>
<dc element="dc.datepublished" value="1996-09-10"></dc>
<dc element="dc.source" value="Reuters - Notícias em Português"></dc>
<dc element="dc.creator.location" value=""></dc>
<dc element="dc.creator.location.country.name" value=""></dc></metadata></newsitem>