<?xml version="1.0" encoding="UTF-8"?>

<newsitem date="1996-09-09" id="root" itemid="48748" xml:lang="pt">
<title></title>
<headline> FUTURO PSI20 SET96 SOBE 16 PONTOS PARA 4.786. </headline>
<byline></byline>
<dateline></dateline>
<text>
<p> *Futuro PSI20 Set96 em 4.786 pontos vs 4.770 fecho *Índice PSI20 cai 0,26 pct para 4.756,38 pontos *PT cai 20 escudos para 4.100. Negociadas 24.523 *Cimpor sobe 5 escudos para 3.461. Negociadas 7.800 *Engil-SGPS sobe 25 escudos para 1.480, com 4.260 *BESCL estável nos 2.520 escudos. Negociadas 4.200 *Lisnave sobe 2 escudos para 310. Negociadas 2.300 *BCP cai 9 escudos para 1.860. Negociadas 1.800. </p>
<p> - Paula Cordeiro, Lisboa Editorial, 351-1-3150035. (c) Reuters Limited 1996. </p></text>
<copyright>(c) Reuters Limited 1996</copyright>
<metadata>
<codes class="bip:countries:1.0">
<code code="tkhZmmzWKS">
<editdetail action="confirmed" attribution="Reuters BIP Coding Group" date="1996-09-09"></editdetail></code>
<code code="kZkIeyCKsO">
<editdetail action="confirmed" attribution="Reuters BIP Coding Group" date="1996-09-09"></editdetail></code>
<code code="KymHbxMGuJ">
<editdetail action="confirmed" attribution="Reuters BIP Coding Group" date="1996-09-09"></editdetail></code></codes>
<codes class="bip:topics:1.0">
<code code="QDELfLYrTB">
<editdetail action="confirmed" attribution="Reuters BIP Coding Group" date="1996-09-09"></editdetail></code>
<code code="pDEQQykDxF">
<editdetail action="confirmed" attribution="Reuters BIP Coding Group" date="1996-09-09"></editdetail></code></codes>
<dc element="dc.publisher" value="Reuters Holdings Plc"></dc>
<dc element="dc.datepublished" value="1996-09-09"></dc>
<dc element="dc.source" value="Reuters - Notícias em Português"></dc>
<dc element="dc.creator.location" value=""></dc>
<dc element="dc.creator.location.country.name" value=""></dc></metadata></newsitem>