<?xml version="1.0" encoding="UTF-8"?>

<newsitem date="1996-10-18" id="root" itemid="49886" xml:lang="pt">
<title></title>
<headline> MONETÁRIO ABRE CALMO, FUTURO LISBOR EM ALTA. </headline>
<byline></byline>
<dateline></dateline>
<text>
<p> LISBOA, 18 Out (Reuter) - O mercado monetário do escudo abriu calmo, centrado nos acertos em final de período de reservas, enquanto nos FRA o movimento não é muito e estão a consolidar as subidas desta semana. Futuro sobre a Lisbor segue com 22,1 milhões de contos. </p>
<p> &quot;Os futuros têm tido mais profundidade, com preços mais apertados, devido à maior volatilidade&quot;, disse um market-maker deste derivado. </p>
<p> Acrescentou que o vencimento de Dezembro de 1996 tem registado pouco interesse porque já reflecte na totalidade a expectativa de corte de taxas. </p>
<p> A taxa implícita no vencimento de Dezembro de 1996 é de 6,70 pct. </p>
<p> &quot;Penso que a descida dos futuros recente (subida e taxas) reflecte também que as expectativas em relação aos cortes de taxas do Banco de Portugal diminuíram e que se calhar vão baixar mais lentamente do que se estava à espera&quot;, afirmou ainda. </p>
<p> Disse que esse &apos;arrefecimento&apos; de expectativas tem a ver com o facto de o último corte de taxas em Espanha de 0,50 pontos percentuais ter sido seguido &quot;muito de longe&quot; por Portugal. </p>
<p> Nos prazos do monetário, os três meses estão em 6,80/6,88 pct, os seis meses em 6,68/6,75 pct e o ano em 6,65/6,70 pct. </p>
<p> - Fernanda Pargana, Lisboa Editorial, 351-1-311.31.26 </p>
<p> (c) Reuters Limited 1996. </p></text>
<copyright>(c) Reuters Limited 1996</copyright>
<metadata>
<codes class="bip:countries:1.0">
<code code="QTcZFPTzXs">
<editdetail action="confirmed" attribution="Reuters BIP Coding Group" date="1996-10-18"></editdetail></code>
<code code="jEoEknHyGI">
<editdetail action="confirmed" attribution="Reuters BIP Coding Group" date="1996-10-18"></editdetail></code>
<code code="QuEEWLzYjU">
<editdetail action="confirmed" attribution="Reuters BIP Coding Group" date="1996-10-18"></editdetail></code></codes>
<codes class="bip:topics:1.0">
<code code="OqciShCzRV">
<editdetail action="confirmed" attribution="Reuters BIP Coding Group" date="1996-10-18"></editdetail></code>
<code code="acyJjxvCQc">
<editdetail action="confirmed" attribution="Reuters BIP Coding Group" date="1996-10-18"></editdetail></code>
<code code="vSoDfzGSQc">
<editdetail action="confirmed" attribution="Reuters BIP Coding Group" date="1996-10-18"></editdetail></code></codes>
<dc element="dc.publisher" value="Reuters Holdings Plc"></dc>
<dc element="dc.datepublished" value="1996-10-18"></dc>
<dc element="dc.source" value="Reuters - Notícias em Português"></dc>
<dc element="dc.creator.location" value=""></dc>
<dc element="dc.creator.location.country.name" value=""></dc></metadata></newsitem>