<?xml version="1.0" encoding="UTF-8"?>

<newsitem date="1996-08-30" id="root" itemid="48558" xml:lang="pt">
<title></title>
<headline> MONETÁRIO FECHA LÍQUIDO, FRA EM DESCIDA LIGEIRA. </headline>
<byline></byline>
<dateline></dateline>
<text>
<p> 1425 TMG - O mercado monetário do escudo fechou calmo, depois de uma sessão sem muitos interesses nem oscilações de preços nos prazos mais longos do &apos;cash&apos;. Destaque apenas para a descida ligeira registada em alguns FRA. * o/n e tom/next em 6,85/6,95 pct, o mesmo da manhã * Prazo 30 dias em 7,17/7,21 pct vs 7,16/7,22 pct na abertura * Leilão segunda-feira 15 MC BT 364 dias, antes rateio 7,17 pct * BP diz cedência e absorção sem procura * Eurostat diz inflação média UE estável em 2,5 pct em Julho </p>
<p> O facto de já existir um mercado similar aos futuros de taxa de juro, o dos FRA, é uma das razões para os analistas afirmarem que esperam uma boa liquidez para estes futuros, eventualmente superior à que já existe para os futuros sobre as obrigações do Tesouro a 10 anos e sobre o índice accionista PSI20. </p>
<p> &quot;Claro que (os futuros sobre a Lisbor a três meses) vai roubar algum lugar aos FRA, mas os FRA a seis e 12 meses vão continuar concerteza com liquidez&quot;, comentou um director financeiro de um banco. </p>
<p> Acrescentou que é uma data bem escolhida a da &apos;reentré&apos; para o lançamento deste novo produto financeiro. </p></text>
<copyright>(c) Reuters Limited 1996</copyright>
<metadata>
<codes class="bip:countries:1.0">
<code code="EfsUawCLoD">
<editdetail action="confirmed" attribution="Reuters BIP Coding Group" date="1996-08-30"></editdetail></code>
<code code="PUgbiFhAiQ">
<editdetail action="confirmed" attribution="Reuters BIP Coding Group" date="1996-08-30"></editdetail></code>
<code code="LaYvqjgNCP">
<editdetail action="confirmed" attribution="Reuters BIP Coding Group" date="1996-08-30"></editdetail></code></codes>
<codes class="bip:topics:1.0">
<code code="FWbIJNwWHF">
<editdetail action="confirmed" attribution="Reuters BIP Coding Group" date="1996-08-30"></editdetail></code>
<code code="nWAtOdFqOj">
<editdetail action="confirmed" attribution="Reuters BIP Coding Group" date="1996-08-30"></editdetail></code></codes>
<dc element="dc.publisher" value="Reuters Holdings Plc"></dc>
<dc element="dc.datepublished" value="1996-08-30"></dc>
<dc element="dc.source" value="Reuters - Notícias em Português"></dc>
<dc element="dc.creator.location" value=""></dc>
<dc element="dc.creator.location.country.name" value=""></dc></metadata></newsitem>