<?xml version="1.0" encoding="UTF-8"?>

<newsitem date="1996-09-23" id="root" itemid="49167" xml:lang="pt">
<title></title>
<headline> ACÇÕES FECHAM CALMAS NA EXPECTATIVA DO FED AMANHÃ. </headline>
<byline></byline>
<dateline></dateline>
<text>
<p> As acções do Contínuo fecharam calmas e a liquidez no cash a somar dois milhões de contos. Futuros sobre o PSI20 caem, reagindo suavemente à descida das praças internacionais. Evolução do mercado amanhã condicionado pela Fed dos EUA e Banco de Espanha. Destaque para o Chemical, devido à OPA lançada pelo BPSM e Tertir que subiu cerca 14 pct. *Índice PSI-20 cai 0,29 pct para 4.752,97 pontos *Tertir sobe 72 escudos para 602. Negociadas 195.600 *Chemical sobe 4 esc para 1.630. Negociadas 136.533 *Lisnave sobe 10 escudos para 418. Negociadas 107.048 *Futuro PSI-20 Out/96 cai p/ 4.793 vs 4.819 ontem. </p>
<p> - Paula Cordeiro, Lisboa Editorial, 351-1-3150035. (c) Reuters Limited 1996. </p></text>
<copyright>(c) Reuters Limited 1996</copyright>
<metadata>
<codes class="bip:countries:1.0">
<code code="MBFXpRIcgf">
<editdetail action="confirmed" attribution="Reuters BIP Coding Group" date="1996-09-23"></editdetail></code>
<code code="pCvhhAViSR">
<editdetail action="confirmed" attribution="Reuters BIP Coding Group" date="1996-09-23"></editdetail></code>
<code code="xDjtTqiuAG">
<editdetail action="confirmed" attribution="Reuters BIP Coding Group" date="1996-09-23"></editdetail></code></codes>
<codes class="bip:topics:1.0">
<code code="haoUdcaRGt">
<editdetail action="confirmed" attribution="Reuters BIP Coding Group" date="1996-09-23"></editdetail></code>
<code code="NAKnkjETYk">
<editdetail action="confirmed" attribution="Reuters BIP Coding Group" date="1996-09-23"></editdetail></code></codes>
<dc element="dc.publisher" value="Reuters Holdings Plc"></dc>
<dc element="dc.datepublished" value="1996-09-23"></dc>
<dc element="dc.source" value="Reuters - Notícias em Português"></dc>
<dc element="dc.creator.location" value=""></dc>
<dc element="dc.creator.location.country.name" value=""></dc></metadata></newsitem>