<?xml version="1.0" encoding="UTF-8"?>

<newsitem date="1996-08-22" id="root" itemid="48316" xml:lang="pt">
<title></title>
<headline> ACÇÕES SEGUEM ALTA E A DIGERIR VITÓRIA BPI NO BFE. </headline>
<byline></byline>
<dateline></dateline>
<text>
<p> LISBOA, 22 Ago (Reuter) - As acções do Contínuo seguiam em alta e a digerir a vitória do BPI na privatização do BFE, com o volume concentrado em papéis directa ou indirectamente ligado ao Fomento, designadamente a Cimpor e o BPI. </p>
<p> &quot;É natural que a Cimpor esteja a ajustar em baixa, depois da euforia provocada por uma mais-valia com a venda do BFE supeior ao esperado, isto na presunção de que o preço oferecido pelo BPI está longe dos 2.500 escudos&quot;, disse um d &quot;Pelo contrário, o BPI tem caminho paranstituição de um grupo financeiro maior os futuros&quot;, acrescentou. </p>
<p> Fizeram-se 265.109 acções da Cimpor a cair 25 escudos para 3.365, depois de terem atingido o máximo de 3.420, e 201.545 papéis do BPI a ganharem 96 escudos para 2.106, com o máximo da sessão e do ano a ser tocado a 2.108 escudos. </p>
<p> &quot;Há também procura por Portucel que se mantém estabilizada nos 1.025 escudos e que não está relacionada com nenhuma razão especial, a não ser a perspectiva de uma recuperação no segundo semestre, depois de no primeiro ter registado prejuizos de 2,9 MC&quot;, disse outro operador. </p>
<p> Fizeram-se 136.285 acções da Portucel, a caírem quatro escudos para 1.025. </p>
<p> O mercado de futuros está a registar uma recuperação em termos do volume dos contratos transaccionados, num total de 1.074 contra 58 ontem, o que, segundo dealers, é explicado pela subida do mercado à vista. </p>
<p> O PSI20 está a subir 0,36 pct, ou 16,58 pontos, para 4.656,91. - José Barata,Lisboa Editorial, 351-1-3150035. (c) Reuters Limited 1996. </p></text>
<copyright>(c) Reuters Limited 1996</copyright>
<metadata>
<codes class="bip:countries:1.0">
<code code="iwyPhPzdcy">
<editdetail action="confirmed" attribution="Reuters BIP Coding Group" date="1996-08-22"></editdetail></code>
<code code="sfFMyYgbPR">
<editdetail action="confirmed" attribution="Reuters BIP Coding Group" date="1996-08-22"></editdetail></code>
<code code="HoeWFiNDMr">
<editdetail action="confirmed" attribution="Reuters BIP Coding Group" date="1996-08-22"></editdetail></code></codes>
<codes class="bip:topics:1.0">
<code code="bRkeZFkjoN">
<editdetail action="confirmed" attribution="Reuters BIP Coding Group" date="1996-08-22"></editdetail></code>
<code code="mhhkOiItkF">
<editdetail action="confirmed" attribution="Reuters BIP Coding Group" date="1996-08-22"></editdetail></code></codes>
<dc element="dc.publisher" value="Reuters Holdings Plc"></dc>
<dc element="dc.datepublished" value="1996-08-22"></dc>
<dc element="dc.source" value="Reuters - Notícias em Português"></dc>
<dc element="dc.creator.location" value=""></dc>
<dc element="dc.creator.location.country.name" value=""></dc></metadata></newsitem>