<?xml version="1.0" encoding="UTF-8"?>

<newsitem date="1996-09-24" id="root" itemid="49182" xml:lang="pt">
<title></title>
<headline> FUTUROS E CASH FECHAM EM LEVE BAIXA, ESPERAM FOMC. </headline>
<byline></byline>
<dateline></dateline>
<text>
<p> As OT fecharam com os Futuros e o cash sem volatilidade, mas a cederem pela tomada de lucros, num mercado que manteve o vector longo colado a Espanha, havendo uma grande expectativa quanto à reunião do FOMC e prevendo-se que os 10 anos prossigam com spreads nulos para Espanha. </p>
<p> &quot;Apesar da fraca volatilidade, o mercado fechou algo vendedor, tanto nos Futuros como no cash, aproveitando esta subida recente e forte para tomar lucros. Os 10 anos fecharam colados a Espanha&quot;,disse um dealer. </p>
<p> &quot;Os olhos estão agora postos na reunião do FED e no impacto que a sua decisão terá nos periféricos pois o BP não deve anunciar um corte da cedência amanhã&quot;, disse um director. </p>
<p> &quot;Amanhã o segmento longo deve continuar com um spread nulo para Espanha, seguindo totalmente os seus movimentos&quot;, adiantou. </p></text>
<copyright>(c) Reuters Limited 1996</copyright>
<metadata>
<codes class="bip:countries:1.0">
<code code="OeJfAdnbvj">
<editdetail action="confirmed" attribution="Reuters BIP Coding Group" date="1996-09-24"></editdetail></code>
<code code="zWqYWInscY">
<editdetail action="confirmed" attribution="Reuters BIP Coding Group" date="1996-09-24"></editdetail></code>
<code code="EHiZfweVua">
<editdetail action="confirmed" attribution="Reuters BIP Coding Group" date="1996-09-24"></editdetail></code></codes>
<codes class="bip:topics:1.0">
<code code="yWYXEdQmKv">
<editdetail action="confirmed" attribution="Reuters BIP Coding Group" date="1996-09-24"></editdetail></code>
<code code="itJvVVzWWT">
<editdetail action="confirmed" attribution="Reuters BIP Coding Group" date="1996-09-24"></editdetail></code></codes>
<dc element="dc.publisher" value="Reuters Holdings Plc"></dc>
<dc element="dc.datepublished" value="1996-09-24"></dc>
<dc element="dc.source" value="Reuters - Notícias em Português"></dc>
<dc element="dc.creator.location" value=""></dc>
<dc element="dc.creator.location.country.name" value=""></dc></metadata></newsitem>