<?xml version="1.0" encoding="UTF-8"?>

<newsitem date="1996-09-04" id="root" itemid="48653" xml:lang="pt">
<title></title>
<headline> PSI20 SOBE 0,74 PCT PARA 4.755,21 PONTOS. </headline>
<byline></byline>
<dateline></dateline>
<text>
<p> LISBOA, 4 Set (Reuter) - O índice PSI20 da Bolsa de Valores de Lisboa (BVL) fechou a subir 0,74 pct, ou 35,13 pontos, para 4.755,21, novo máximo do ano. </p>
<p> O máximo histórico do PSI20 é de 5.141,24 pontos e foi obtido em 18 de Fevereiro de 1994. </p>
<p> (c) Reuters Limited 1996. </p></text>
<copyright>(c) Reuters Limited 1996</copyright>
<metadata>
<codes class="bip:countries:1.0">
<code code="OjUXhlAYAS">
<editdetail action="confirmed" attribution="Reuters BIP Coding Group" date="1996-09-04"></editdetail></code>
<code code="JGBysBrXZl">
<editdetail action="confirmed" attribution="Reuters BIP Coding Group" date="1996-09-04"></editdetail></code>
<code code="ORqXwhmYLW">
<editdetail action="confirmed" attribution="Reuters BIP Coding Group" date="1996-09-04"></editdetail></code></codes>
<codes class="bip:topics:1.0">
<code code="yaFVECFfMn">
<editdetail action="confirmed" attribution="Reuters BIP Coding Group" date="1996-09-04"></editdetail></code>
<code code="UMlaiOBzqX">
<editdetail action="confirmed" attribution="Reuters BIP Coding Group" date="1996-09-04"></editdetail></code></codes>
<dc element="dc.publisher" value="Reuters Holdings Plc"></dc>
<dc element="dc.datepublished" value="1996-09-04"></dc>
<dc element="dc.source" value="Reuters - Notícias em Português"></dc>
<dc element="dc.creator.location" value=""></dc>
<dc element="dc.creator.location.country.name" value=""></dc></metadata></newsitem>