<?xml version="1.0" encoding="UTF-8"?>

<newsitem date="1996-09-18" id="root" itemid="49028" xml:lang="pt">
<title></title>
<headline> FUTUROS E CASH SUPORTADAS EM ALTA COM ESPANHA. </headline>
<byline></byline>
<dateline></dateline>
<text>
<p> LISBOA, 18 Set (Reuter) - As OT seguiam em alta, mas com a subida a ser moderada por tomadas de lucros, prevendo-se que os spreads se alarguem para níveis superiores aos menos cinco bp. </p>
<p> &quot;Espanha está novamente muito forte e a puxar os Futuros e cash nacionais. A subida do cash só não é maior porque há gente a aproveitar a subida para tomar lucros&quot;, disse um director. </p>
<p> &quot;O estreitamento de spreads para os Bonos, fruto dessas vendas, faz com que o mercado tenha um suporte fortíssimo e permite o mercado ainda subir mais&quot;, disse outro director. </p>
<p> &quot;Há razões para os spreads negativos (contra Bonos 10 anos) se voltarem a alargar para níveis superiores a menos cinco bp&quot;. </p>
<p> &quot;Se Espanha tem condições para atingir a Moeda Única, Portugal tem, pelo menos as mesmas, ou mais. Prevê-se que o défice orçamental tenha um bom comportamento em Espanha, mas o nosso é mais fácil de reduzir&quot;, disse este director. </p>
<p> &quot;O Banco de Espanha (BE) pode cortar taxas, mas o Banco de Portugal (BP) já tem todas as razões fundamentais para fazê-lo também e, além disso, o escudo tem sido tradicionalmente uma moeda muito mais forte e estável do que a peseta&quot;, disse ainda. </p>
<p> &quot;Estes ingredientes justificam que os spreads dos 10 anos se situem acima dos menos cinco. Assim que forem digeridas as mais-valias, o mercado irá novamente para esse nível&quot;, disse. </p>
<p> &quot;O mercado não ganha mais gás pois há psicologicamente algum medo em estar investido a estes níveis absolutos. Este medo leva alguns a vender para tomar já os lucros&quot;, disse um terceiro. </p>
<p> &quot;Além das razões fundamentais dos dois países da Península Ibérica que começam a aliciar mais os não-residentes, a queda dos BT um ano nos dois países deu mais um reforço à curva de rendimentos, não só em Espanha, como também Portugal&quot;, referiu. </p>
<p> &quot;A história da subida em Portugal pode não ficar por aqui, sobretudo nos 10 anos que estão desertos de papel&quot;, adiantou. </p>
<p> Em Portugal, os BT caíram hoje de 7,0539 pct para 6,9762 pct e, em Espanha, de 7,147 pct para 6,954 pct. </p>
<p> - Sérgio Gonçalves, Lisboa Editorial, 351-1-3150035 (c) Reuters Limited 1996. </p></text>
<copyright>(c) Reuters Limited 1996</copyright>
<metadata>
<codes class="bip:countries:1.0">
<code code="NrgqHdiOjH">
<editdetail action="confirmed" attribution="Reuters BIP Coding Group" date="1996-09-18"></editdetail></code>
<code code="AZTVEWBAqc">
<editdetail action="confirmed" attribution="Reuters BIP Coding Group" date="1996-09-18"></editdetail></code>
<code code="XkkBGYspbf">
<editdetail action="confirmed" attribution="Reuters BIP Coding Group" date="1996-09-18"></editdetail></code></codes>
<codes class="bip:topics:1.0">
<code code="vrrNbpwCye">
<editdetail action="confirmed" attribution="Reuters BIP Coding Group" date="1996-09-18"></editdetail></code>
<code code="ettYrLiHcJ">
<editdetail action="confirmed" attribution="Reuters BIP Coding Group" date="1996-09-18"></editdetail></code></codes>
<dc element="dc.publisher" value="Reuters Holdings Plc"></dc>
<dc element="dc.datepublished" value="1996-09-18"></dc>
<dc element="dc.source" value="Reuters - Notícias em Português"></dc>
<dc element="dc.creator.location" value=""></dc>
<dc element="dc.creator.location.country.name" value=""></dc></metadata></newsitem>