<?xml version="1.0" encoding="UTF-8"?>

<newsitem date="1996-08-20" id="root" itemid="48251" xml:lang="pt">
<title></title>
<headline> OT PREVÊEM-SE SUPORTADAS, APOIADAS NO M3 ALEMÃO. </headline>
<byline></byline>
<dateline></dateline>
<text>
<p> 0755 TMG - As OT prevêem-se com o cash e os futuros suportadas aos níveis de ontem, podendo mesmo registar uma ligeira subida, a reflectir o sentimento do exterior, que reagiu favoravelmente aos números do M3 alemão. Dealers dizem que os mercados se manterão pouco líquidos e a aguardar pelo final das reuniões de hoje do FOMC e de quinta-feira do Buba. </p>
<p> *BP cede até 10 MC, 6 dias, em leilão e absorve a 6,8 pct </p>
<p> *M3 alemão Jul baixa para 8,6 pct contra 9,6 pct Jun </p>
<p> *Reunião do FOMC hoje e quinta-feira do Buba </p>
<p> *Futuro Bono sobe 0,11 pontos para 100,47 </p>
<p> *Tesouro leiloa 20 MC, sem contar tranche OEVT, OT/Mar/01. </p></text>
<copyright>(c) Reuters Limited 1996</copyright>
<metadata>
<codes class="bip:countries:1.0">
<code code="WHQbsxrQKI">
<editdetail action="confirmed" attribution="Reuters BIP Coding Group" date="1996-08-20"></editdetail></code>
<code code="ExVTDmTlqT">
<editdetail action="confirmed" attribution="Reuters BIP Coding Group" date="1996-08-20"></editdetail></code>
<code code="NjBlMifYVw">
<editdetail action="confirmed" attribution="Reuters BIP Coding Group" date="1996-08-20"></editdetail></code></codes>
<codes class="bip:topics:1.0">
<code code="DKkLezpjjj">
<editdetail action="confirmed" attribution="Reuters BIP Coding Group" date="1996-08-20"></editdetail></code>
<code code="UOWNFwBBmo">
<editdetail action="confirmed" attribution="Reuters BIP Coding Group" date="1996-08-20"></editdetail></code>
<code code="kstlpKxoOn">
<editdetail action="confirmed" attribution="Reuters BIP Coding Group" date="1996-08-20"></editdetail></code></codes>
<dc element="dc.publisher" value="Reuters Holdings Plc"></dc>
<dc element="dc.datepublished" value="1996-08-20"></dc>
<dc element="dc.source" value="Reuters - Notícias em Português"></dc>
<dc element="dc.creator.location" value=""></dc>
<dc element="dc.creator.location.country.name" value=""></dc></metadata></newsitem>