<?xml version="1.0" encoding="UTF-8"?>

<newsitem date="1996-09-11" id="root" itemid="48844" xml:lang="pt">
<title></title>
<headline> ESCUDO FECHA ESTÁVEL VS MARCO, PODE DESLIZAR. </headline>
<byline></byline>
<dateline></dateline>
<text>
<p> LISBOA, 11 Set (Reuter) - O escudo fechou estável contra o marco, mas pode deslizar até aos 102,50, se as moedas do sul da Europa continuarem a perder terreno para o marco. </p>
<p> Às 1635 TMG, o escudo cotava 102,37/40 por marco contra 102,382 na cotação indicativa do Banco de Portugal (BP) e 102,36/39 na abertura. </p>
<p> &quot;É possível que até final da semana o escudo caia até aos 102,50 (por marco), porque há quem esteja a fazer profit-taking e isso está a afectar particularmente as moedas às quais o escudo está mais ligado&quot;, disse outro operador. </p>
<p> &quot;O recuo do dólar contra o marco também não ajuda a uma maior apreciação das europeias contra o marco&quot;, disse outro operador. </p>
<p> O dólar atingiu hoje os 1,5155 marcos, mas, às 1640 TMG, cotava 1,5075/80. </p>
<p>     ----José Barata, Lisboa Editorial, 351.1.3113121. </p>
<p> (c) Reuters Limited 1996. </p></text>
<copyright>(c) Reuters Limited 1996</copyright>
<metadata>
<codes class="bip:countries:1.0">
<code code="BdiEBueaVs">
<editdetail action="confirmed" attribution="Reuters BIP Coding Group" date="1996-09-11"></editdetail></code>
<code code="pwDwOXzNsd">
<editdetail action="confirmed" attribution="Reuters BIP Coding Group" date="1996-09-11"></editdetail></code>
<code code="ONiawXJpKm">
<editdetail action="confirmed" attribution="Reuters BIP Coding Group" date="1996-09-11"></editdetail></code></codes>
<codes class="bip:topics:1.0">
<code code="LqDqYfIMrM">
<editdetail action="confirmed" attribution="Reuters BIP Coding Group" date="1996-09-11"></editdetail></code>
<code code="HbFMBFykOZ">
<editdetail action="confirmed" attribution="Reuters BIP Coding Group" date="1996-09-11"></editdetail></code>
<code code="XofGMfCVgs">
<editdetail action="confirmed" attribution="Reuters BIP Coding Group" date="1996-09-11"></editdetail></code></codes>
<dc element="dc.publisher" value="Reuters Holdings Plc"></dc>
<dc element="dc.datepublished" value="1996-09-11"></dc>
<dc element="dc.source" value="Reuters - Notícias em Português"></dc>
<dc element="dc.creator.location" value=""></dc>
<dc element="dc.creator.location.country.name" value=""></dc></metadata></newsitem>