<?xml version="1.0" encoding="UTF-8"?>

<newsitem date="1996-09-19" id="root" itemid="49076" xml:lang="pt">
<title></title>
<headline> ACÇÕES ABREM MAIS POSITIVAS, PT E LISNAVE LIDERAM. </headline>
<byline></byline>
<dateline></dateline>
<text>
<p> LISBOA 19 Set (Reuter) - As acções do Contínuo abriram com os papéis mais líquidos em alta e o volume de negócios no cash a somar 1,2 milhões de contos (MC) com operadores a preverem uma sessão calma durante a manhã, podendo surgir algumas variações com a abertura de Nova Iorque. </p>
<p> &quot;O mercado está muito estranho. Primeiro a PT reagiu em alta aos resultados do primeiro semestre, que foram bons, mas depois quebrou e eu não percebi porquê&quot;, disse uma &apos;market-maker&apos; do PSI20. </p>
<p> &quot;A sensação que me deu é que havia alguém interessado em deitar o preço abaixo para vir comprar mais barato&quot;, disse. </p>
<p> As acções da PT variaram hoje entre 4.091 e 4.150 escudos e ontem fecharam, em Nova Iorque, a subir para 26,7/8 dólares. </p>
<p> O lucro líquido consolidado da PT cresceu, no primeiro semestre, 56 pct para 23,043 milhões de contos (MC). </p>
<p> Analistas contactados foram unânimes em afirmar que os resultados do primeiro semestre da PT foram bons. </p>
<p> Porém, dealers disseram que a ligeira queda do preço da PT pode estar relacionada com algumas análises mais optimistas para o valor dos primeiros seis meses. </p>
<p> A Lisnave continua a ser procurada por pequenos investidores. </p>
<p> A Lisnave subiu hoje até aos 408 escudos. A empresa atingiu o máximo do ano nos 437 escudos. Operadores continuam sem explicações para os fortes movimentos de Lisnave. </p>
<p> O Banco Chemical volta hoje a ser um dos mais líquidos do mercado, com os investidores aliciados com a Oferta Pública de Aquisição lançada pelo BPSM que, apesar de ainda não ter data marcada, acredita-se que todo o processo possa estar concluído até ao final do Outubro. </p>
<p> O Banco Pinto &amp; Sotto Mayor (BPSM) oferece 1.650 escudos por cada acção do Banco Chemical. </p>
<p> A Inapa atingiu o máximo do ano com os lucros do semestre. </p>
<p> &quot;A Inapa já tocou hoje no máximo do ano de 2.950 escudos e o próximo objectivo serão os 3.000 escudos&quot;, disse um operador. </p>
<p> Mudaram de mãos 45.081 da Inapa a subirem 30 escudos para 2.930. </p>
<p> No total, negociaram-se, 272 contratos de Futuros sobre o PSI20. </p>
<p> - Paula Cordeiro, Lisboa Editorial, 351-1-3150035. (c) Reuters Limited 1996. </p></text>
<copyright>(c) Reuters Limited 1996</copyright>
<metadata>
<codes class="bip:countries:1.0">
<code code="CrImfiMswY">
<editdetail action="confirmed" attribution="Reuters BIP Coding Group" date="1996-09-19"></editdetail></code>
<code code="uJUUOkITKS">
<editdetail action="confirmed" attribution="Reuters BIP Coding Group" date="1996-09-19"></editdetail></code>
<code code="GzAoQWYLze">
<editdetail action="confirmed" attribution="Reuters BIP Coding Group" date="1996-09-19"></editdetail></code></codes>
<codes class="bip:topics:1.0">
<code code="ArcsYVVGOH">
<editdetail action="confirmed" attribution="Reuters BIP Coding Group" date="1996-09-19"></editdetail></code>
<code code="aLKHlnOqCP">
<editdetail action="confirmed" attribution="Reuters BIP Coding Group" date="1996-09-19"></editdetail></code></codes>
<dc element="dc.publisher" value="Reuters Holdings Plc"></dc>
<dc element="dc.datepublished" value="1996-09-19"></dc>
<dc element="dc.source" value="Reuters - Notícias em Português"></dc>
<dc element="dc.creator.location" value=""></dc>
<dc element="dc.creator.location.country.name" value=""></dc></metadata></newsitem>