<?xml version="1.0" encoding="UTF-8"?>

<newsitem date="1996-09-05" id="root" itemid="48679" xml:lang="pt">
<title></title>
<headline> MONETÁRIO ABRE ILÍQUIDO, PRAZOS ESTÁVEIS. </headline>
<byline></byline>
<dateline></dateline>
<text>
<p> O mercado monetário do escudo abriu com falta de liquidez no overnight, embora dealers refiram que para o período de reservas o mercado deve ter fundos suficientes. Nas maturidades mais longas, houve algumas operações esporádicas. No futuro sobre a Lisbor a liquidez resume-se a três contratos. * Tom/next em 7,23/7,25 pct vs 7,15/7,25 pct no fecho de ontem * Prazo 30 dias em 7,18/7,24 pct, semelhante ao fecho de ontem * Rateio BT 364 dias mantém-se em 7,06 pct * Banco Portugal cede até 20 MC em leilão, antes TMP 7,25 pct * Futuro Lisbor 3M Jun/97 sobe 0,01 para 92,94 com 3 contratos </p></text>
<copyright>(c) Reuters Limited 1996</copyright>
<metadata>
<codes class="bip:countries:1.0">
<code code="RUzAUbFVil">
<editdetail action="confirmed" attribution="Reuters BIP Coding Group" date="1996-09-05"></editdetail></code>
<code code="kVLBeUlFBC">
<editdetail action="confirmed" attribution="Reuters BIP Coding Group" date="1996-09-05"></editdetail></code>
<code code="JbzhZcjohn">
<editdetail action="confirmed" attribution="Reuters BIP Coding Group" date="1996-09-05"></editdetail></code></codes>
<codes class="bip:topics:1.0">
<code code="hBZFPMbmlO">
<editdetail action="confirmed" attribution="Reuters BIP Coding Group" date="1996-09-05"></editdetail></code>
<code code="ZFWUWvxHas">
<editdetail action="confirmed" attribution="Reuters BIP Coding Group" date="1996-09-05"></editdetail></code>
<code code="AQwMeByErR">
<editdetail action="confirmed" attribution="Reuters BIP Coding Group" date="1996-09-05"></editdetail></code></codes>
<dc element="dc.publisher" value="Reuters Holdings Plc"></dc>
<dc element="dc.datepublished" value="1996-09-05"></dc>
<dc element="dc.source" value="Reuters - Notícias em Português"></dc>
<dc element="dc.creator.location" value=""></dc>
<dc element="dc.creator.location.country.name" value=""></dc></metadata></newsitem>