<?xml version="1.0" encoding="UTF-8"?>

<newsitem date="1996-08-26" id="root" itemid="48418" xml:lang="pt">
<title></title>
<headline> RESUMO DAS TRANSACÇÕES NO MERCADO CONTÍNUO. </headline>
<byline></byline>
<dateline></dateline>
<text>
<p>     LISBOA, 26 Ago (Reuter) - Transacções no Contínuo (números </p>
<p> da sessão anterior entre parentesis): (MC=milhões de contos). </p>
<p>         Quantidade     Valor </p>
<p> Mercado Contínuo Acções   957.818(1.671.618) 2,216 MC( 3,781 MC) </p>
<p>        OT  225.738(  572.360) 2,301 MC( 5,860 MC) Futuros OT-10       422( 908) 4,035 MC( 8,695 MC) Futuros PSI20       200( 120) 0,094 MC( 0,056 MC) Índices  Oficial BVL      1.053,25    + 0,14 pct     BVL30      1.958,35    + 0,21 pct     PSI-20     4.677,82    + 0,22 pct     ORF(TRM 7,8540 vs 7,8599 pct)   106,92    + 0,01 pct     FPI (Fincor Privatisation)    1.123,15    - 0,05 pct     ----Lisboa Editorial, 351.1.3113121. </p>
<p> (c) Reuters Limited 1996. </p></text>
<copyright>(c) Reuters Limited 1996</copyright>
<metadata>
<codes class="bip:countries:1.0">
<code code="gHuKBLMdwC">
<editdetail action="confirmed" attribution="Reuters BIP Coding Group" date="1996-08-26"></editdetail></code>
<code code="GbGFLCFaxn">
<editdetail action="confirmed" attribution="Reuters BIP Coding Group" date="1996-08-26"></editdetail></code>
<code code="yUALXCoqiv">
<editdetail action="confirmed" attribution="Reuters BIP Coding Group" date="1996-08-26"></editdetail></code></codes>
<codes class="bip:topics:1.0">
<code code="eNzCavAcVX">
<editdetail action="confirmed" attribution="Reuters BIP Coding Group" date="1996-08-26"></editdetail></code>
<code code="ppXueDzdvB">
<editdetail action="confirmed" attribution="Reuters BIP Coding Group" date="1996-08-26"></editdetail></code>
<code code="OMDLUXazbS">
<editdetail action="confirmed" attribution="Reuters BIP Coding Group" date="1996-08-26"></editdetail></code></codes>
<dc element="dc.publisher" value="Reuters Holdings Plc"></dc>
<dc element="dc.datepublished" value="1996-08-26"></dc>
<dc element="dc.source" value="Reuters - Notícias em Português"></dc>
<dc element="dc.creator.location" value=""></dc>
<dc element="dc.creator.location.country.name" value=""></dc></metadata></newsitem>