<?xml version="1.0" encoding="UTF-8"?>

<newsitem date="1996-08-22" id="root" itemid="48339" xml:lang="pt">
<title></title>
<headline> ACÇÕES PREVÊEM-SE FRACA VOLATILIDADE MAS SUPORTADAS. </headline>
<byline></byline>
<dateline></dateline>
<text>
<p> 0815 TMG - As acções do Contínuo deverão hoje negociar com fraca volatilidade, mas com os preços suportados em leve alta, num mercado que se prevê com interesse concentrado novamente em PT, PI, Cimpor e BFE. Expectativa acerca da reunião do Bundesbank. </p>
<p> &quot;O mercado deverá voltar a ter uma liquidez maior, como aconteceu ontem, e os preços, apesar de esperar fraca volatilidade, devem continuar suportados em leve alta&quot;, disse um dealer. </p>
<p> &quot;O BFE, PT, PI e Cimpor deverão ser novamente os papéis onde o interesse se vai concentrar&quot;, referiu outro. </p></text>
<copyright>(c) Reuters Limited 1996</copyright>
<metadata>
<codes class="bip:countries:1.0">
<code code="yLavDflcWy">
<editdetail action="confirmed" attribution="Reuters BIP Coding Group" date="1996-08-22"></editdetail></code>
<code code="zWwIVbShMz">
<editdetail action="confirmed" attribution="Reuters BIP Coding Group" date="1996-08-22"></editdetail></code>
<code code="yiPPriKgTS">
<editdetail action="confirmed" attribution="Reuters BIP Coding Group" date="1996-08-22"></editdetail></code></codes>
<codes class="bip:topics:1.0">
<code code="pvXieUTIcR">
<editdetail action="confirmed" attribution="Reuters BIP Coding Group" date="1996-08-22"></editdetail></code>
<code code="crHXauQGID">
<editdetail action="confirmed" attribution="Reuters BIP Coding Group" date="1996-08-22"></editdetail></code></codes>
<dc element="dc.publisher" value="Reuters Holdings Plc"></dc>
<dc element="dc.datepublished" value="1996-08-22"></dc>
<dc element="dc.source" value="Reuters - Notícias em Português"></dc>
<dc element="dc.creator.location" value=""></dc>
<dc element="dc.creator.location.country.name" value=""></dc></metadata></newsitem>