<?xml version="1.0" encoding="UTF-8"?>

<newsitem date="1996-10-04" id="root" itemid="49495" xml:lang="pt">
<title></title>
<headline> ESCUDO ABRE ALIVIAR VS MARCO, MAS SEM PRESSÃO. </headline>
<byline></byline>
<dateline></dateline>
<text>
<p> LISBOA, 4 Out (Reuter) - O escudo abriu a aliviar contra o marco, mas equilibrado à volta dos 101,20, estabilidade que se deverá manter ao longo da sessão. </p>
<p> O escudo abriu 101,12/15 por marco contra 101,13/18 no fecho de ontem. Às 0845 TMG, o escudo cotava 101,18/22 por marco. </p>
<p> &quot;O escudo abriu em queda ligeira, continuando a corrigir aos máximos de ontem, devendo manter-se agora estabilizado nos 101,20 (por marco)&quot;, disse um dealer. </p>
<p> &quot;Não quero dizer que o escudo não possa voltar a ir aos 101,10, mas não mais do que isso, a não ser que o grande vendedor (de marcos) de ontem volte a aparecer&quot;, disse outro. </p>
<p>     &quot;Neste caso seria de admitir que o escudo testasse os 100,90 </p>
<p> (por marco) de ontem, mas o mercado parece calmo, equilibrado e </p>
<p> sem vontade para grandes vôos&quot;, acrescentou. </p>
<p>     &quot;Estará, porventura, a tomar fôlego para novas aventuras&quot;, </p>
<p> concluiu. </p>
<p>     ----José Barata, Lisboa Editorial, 351.1.3113121. </p>
<p> (c) Reuters Limited 1996. </p></text>
<copyright>(c) Reuters Limited 1996</copyright>
<metadata>
<codes class="bip:countries:1.0">
<code code="qYvyCOdiyr">
<editdetail action="confirmed" attribution="Reuters BIP Coding Group" date="1996-10-04"></editdetail></code>
<code code="OhNMMiPYPL">
<editdetail action="confirmed" attribution="Reuters BIP Coding Group" date="1996-10-04"></editdetail></code>
<code code="Fpjspljkls">
<editdetail action="confirmed" attribution="Reuters BIP Coding Group" date="1996-10-04"></editdetail></code></codes>
<codes class="bip:topics:1.0">
<code code="sdbwoenSFR">
<editdetail action="confirmed" attribution="Reuters BIP Coding Group" date="1996-10-04"></editdetail></code>
<code code="OePzQFidmb">
<editdetail action="confirmed" attribution="Reuters BIP Coding Group" date="1996-10-04"></editdetail></code>
<code code="IVpugqpXNa">
<editdetail action="confirmed" attribution="Reuters BIP Coding Group" date="1996-10-04"></editdetail></code></codes>
<dc element="dc.publisher" value="Reuters Holdings Plc"></dc>
<dc element="dc.datepublished" value="1996-10-04"></dc>
<dc element="dc.source" value="Reuters - Notícias em Português"></dc>
<dc element="dc.creator.location" value=""></dc>
<dc element="dc.creator.location.country.name" value=""></dc></metadata></newsitem>