<?xml version="1.0" encoding="UTF-8"?>

<newsitem date="1996-08-23" id="root" itemid="48387" xml:lang="pt">
<title></title>
<headline> MMI TRANSACCIONA 168,984 MC, TMP O/N 6,8507 PCT. </headline>
<byline></byline>
<dateline></dateline>
<text>
<p> LISBOA, 23 Ago (Reuter) - O Mercado Monetário Interbancário (MMI) movimentou hoje 168,984 milhões de contos (MC) com 86 negócios nas operações com data-valor do próprio dia, a um e a dois dias, informou o Banco de Portugal. </p>
<p> O overnight (o/n) movimentou 57,220 MC com operações com data-valor do dia a uma taxa média ponderada (TMP) de 6,8507 pct contra 7,0720 pct na anterior sessão. </p>
<p> - Lisboa Editorial, 351-1-315.00.35. </p>
<p> (c) Reuters Limited 1996. </p></text>
<copyright>(c) Reuters Limited 1996</copyright>
<metadata>
<codes class="bip:countries:1.0">
<code code="bBuXscvqTJ">
<editdetail action="confirmed" attribution="Reuters BIP Coding Group" date="1996-08-23"></editdetail></code>
<code code="cKagxjKGZW">
<editdetail action="confirmed" attribution="Reuters BIP Coding Group" date="1996-08-23"></editdetail></code>
<code code="XftwlTdsLi">
<editdetail action="confirmed" attribution="Reuters BIP Coding Group" date="1996-08-23"></editdetail></code></codes>
<codes class="bip:topics:1.0">
<code code="EccRtwYDIM">
<editdetail action="confirmed" attribution="Reuters BIP Coding Group" date="1996-08-23"></editdetail></code>
<code code="ITJtAGNqrx">
<editdetail action="confirmed" attribution="Reuters BIP Coding Group" date="1996-08-23"></editdetail></code>
<code code="tskLISUTkP">
<editdetail action="confirmed" attribution="Reuters BIP Coding Group" date="1996-08-23"></editdetail></code></codes>
<dc element="dc.publisher" value="Reuters Holdings Plc"></dc>
<dc element="dc.datepublished" value="1996-08-23"></dc>
<dc element="dc.source" value="Reuters - Notícias em Português"></dc>
<dc element="dc.creator.location" value=""></dc>
<dc element="dc.creator.location.country.name" value=""></dc></metadata></newsitem>