<?xml version="1.0" encoding="UTF-8"?>

<newsitem date="1996-09-16" id="root" itemid="48962" xml:lang="pt">
<title></title>
<headline> ESCUDO FECHA FORTE E A GANHAR CONTRA O MARCO. </headline>
<byline></byline>
<dateline></dateline>
<text>
<p> LISBOA, 16 Set (Reuter) - O escudo fechou forte contra o marco e poderá apreciar-se mais para próximo dos 102 por marco, o objectivo imediato, logo que quebre o nível dos 102,10. </p>
<p> &quot;O escudo fechou forte, aliás beneficiando do mesmo sentimento da peseta. Amanhã podemos testar, primeiro, os 102,10 por marco e, depois, os 102 (por marco)&quot;, disse um dealer. </p>
<p> &quot;Esta apreciação do escudo só será possivel, se os não residentes continuarem a beneficiar a compra de alguma dívida pública em Espanha e Portugal e a dar uma ponderação bastante positiva à expectativa de que os dois países estão em boa forma para atingir a Moeda Única&quot;, referiu outro. </p>
<p>     &quot;Estas comerciais não são alheias ao mercado de capitais&quot;, </p>
<p> disse ainda. </p>
<p>     &quot;Obviamente que uma subida destas do escudos só será </p>
<p> possivel, se as latinas, nomeadamente a peseta, continuar forte </p>
<p> e, se o dólar se mantiver sem fraquejar&quot;, referiu um terceiro. </p>
<p>     &quot;Se a peseta quebrar os 84,20 (por marco), então, com muita </p>
<p> probabilidade, vamos vêr o escudo a ir para os 102 (por </p>
<p> marco). A partir daqui é que é dificil ir, pelo menos a </p>
<p> curtíssimo-prazo&quot;, disse. </p>
<p>     ----Lisboa Editorial, 351.1.3113121. </p></text>
<copyright>(c) Reuters Limited 1996</copyright>
<metadata>
<codes class="bip:countries:1.0">
<code code="jjzemOFfzR">
<editdetail action="confirmed" attribution="Reuters BIP Coding Group" date="1996-09-16"></editdetail></code>
<code code="hWXEKrVXmJ">
<editdetail action="confirmed" attribution="Reuters BIP Coding Group" date="1996-09-16"></editdetail></code>
<code code="awaFTMBCDB">
<editdetail action="confirmed" attribution="Reuters BIP Coding Group" date="1996-09-16"></editdetail></code></codes>
<codes class="bip:topics:1.0">
<code code="IjjggUDYBC">
<editdetail action="confirmed" attribution="Reuters BIP Coding Group" date="1996-09-16"></editdetail></code>
<code code="kOfvHtSkZH">
<editdetail action="confirmed" attribution="Reuters BIP Coding Group" date="1996-09-16"></editdetail></code>
<code code="IgUzighrMp">
<editdetail action="confirmed" attribution="Reuters BIP Coding Group" date="1996-09-16"></editdetail></code></codes>
<dc element="dc.publisher" value="Reuters Holdings Plc"></dc>
<dc element="dc.datepublished" value="1996-09-16"></dc>
<dc element="dc.source" value="Reuters - Notícias em Português"></dc>
<dc element="dc.creator.location" value=""></dc>
<dc element="dc.creator.location.country.name" value=""></dc></metadata></newsitem>