<?xml version="1.0" encoding="UTF-8"?>

<newsitem date="1996-10-09" id="root" itemid="49602" xml:lang="pt">
<title></title>
<headline> ACÇÕES ABREM EM ALTA COM REGRESSO NÃO-RESIDENTES. </headline>
<byline></byline>
<dateline></dateline>
<text>
<p> LISBOA, 9 Out (Reuter) - As acções do Contínuo e os Futuros sobre o PSI20 abriram em alta com a liquidez no cash a somar 1,6 milhões de contos e operadores afirmaram que, embora as subidas sejam ainda tímidas, o mercado tem espaço para se valorizar. </p>
<p> &quot;O mercado tem muito espaço para subir. Este avanço estava iminente&quot;, disse um &apos;market-maker&apos; do PSI20. </p>
<p> &quot;O optimismo relativamente à convergência da Europa que permitirá alcançar a União Económica e Monetária, está a fazer com que as taxas desçam no curto e longo prazos e os investidores deslocam as suas aplicacões para as acções como era esperado&quot;, afirmou um operador. </p>
<p> &quot;O mercado vai estar bastante animado hoje. As valorizações são tímidas, porque existe alguma preocupação em manter uma subida mais sustentada do mercado&quot;, disse uma operadora. </p>
<p> &quot;Estar a subir tudo de uma vez pode ser perigoso&quot;, adiantou. </p>
<p> &quot;Pela subida do mercado de futuros vê-se que existe bastante optimismo para o futuro&quot;, disse uma &apos;market-maker&apos; do PSI20. </p>
<p> Destaque para a subida das acções do BES, que atingiram hoje o novo máximo do ano nos 2.660 escudos, e da PT, título que tem registado, nas últimas sessões, uma performance ligeiramente mais débil do que o mercado se foi habituando. </p>
<p> As acções da PT ajustaram à subida do fecho de Nova Iorque. </p>
<p> As acções da PT fecharam ontem em Nova Iorque a subirem para 26,1/2 dólares. </p>
<p> Neste momento, as acções da PT estão a subir 12 escudos para 4.092, tendo-se transaccionado 66.797 papéis. </p>
<p> As acções da Sonae Investimentos registam uma liquidez perto dos 100.000 papéis, com o preço a quebrar 10 escudos para 4.560, e a Cimpor também está a descer na mesma proporção, tendo o efeito da proximidade da privatização. </p>
<p> Analistas contactados acreditam que o preço da segunda fase de privatização da Cimpor-Cimentos de Portugal deverá sair entre 3.150 e 3.250 escudos. </p>
<p> (c) Reuters Limited 1996. </p></text>
<copyright>(c) Reuters Limited 1996</copyright>
<metadata>
<codes class="bip:countries:1.0">
<code code="SjUcCtFenr">
<editdetail action="confirmed" attribution="Reuters BIP Coding Group" date="1996-10-09"></editdetail></code>
<code code="LKSBXuRdfQ">
<editdetail action="confirmed" attribution="Reuters BIP Coding Group" date="1996-10-09"></editdetail></code>
<code code="kAfwpPiWCk">
<editdetail action="confirmed" attribution="Reuters BIP Coding Group" date="1996-10-09"></editdetail></code></codes>
<codes class="bip:topics:1.0">
<code code="IACVCvCEnG">
<editdetail action="confirmed" attribution="Reuters BIP Coding Group" date="1996-10-09"></editdetail></code>
<code code="mdDaYciQKN">
<editdetail action="confirmed" attribution="Reuters BIP Coding Group" date="1996-10-09"></editdetail></code></codes>
<dc element="dc.publisher" value="Reuters Holdings Plc"></dc>
<dc element="dc.datepublished" value="1996-10-09"></dc>
<dc element="dc.source" value="Reuters - Notícias em Português"></dc>
<dc element="dc.creator.location" value=""></dc>
<dc element="dc.creator.location.country.name" value=""></dc></metadata></newsitem>