<?xml version="1.0" encoding="UTF-8"?>

<newsitem date="1996-09-17" id="root" itemid="48990" xml:lang="pt">
<title></title>
<headline> ACÇÕES ABREM SEM FORTES OSCILAÇÕES, SONAE CALMA. </headline>
<byline></byline>
<dateline></dateline>
<text>
<p> LISBOA, 17 Set (Reuter) - As acções do Contínuo e os Futuros sobre o PSI20 abriram sem fortes oscilações e a liquidez no cash a somar 600.000 contos com operadores a preverem que a acalmia se mantenha até ao fecho. </p>
<p> &quot;O mercado está muito calmo e deve permanecer assim. Pode ser que se sinta alguma reacção à abertura de Nova Iorque, mas mesmo assim tenho dúvidas&quot;, afirmou um dealer. </p>
<p> &quot;Não vejo razões para a apatia do mercado. Talvez seja mesmo falta de interesse em negociar. o mercado também está a digerir muitos resultados do semestre&quot;, disse outro. </p>
<p> A Lisnave continua alvo de movimentos especulativos. </p>
<p> As acções da Lisnave aproximam-se a passos largos do máximo do ano, alcançado a 9 de Janeiro nos 437 escudos, mas dealers continuam sem dar fortes explicações para a liquidez do papel nas últimas semanas. </p>
<p> &quot;A Lisnave é um papel bastante especulativo. As compras são na sua maioria dadas por pequenos investidores. Todo o mercado tem estado no papel&quot;, disse um operador. </p>
<p> A Lisnave variou hoje entre 376 e 397 escudos. </p>
<p> As acções da Portugal Telecom (PT) e da Cimpor continuam a registar tendência de queda, com a primeira a ajustar mais em baixa do que o preço de Nova Iorque. </p>
<p> As acções da PT fecharam ontem, em Nova Iorque, a subirem para 26,3/8 dólares (4.073 escudos). </p>
<p> A Cimpor quebrou hoje o nível dos 3.300 escudos, tendo perdido já 33 escudos para 3.286 com 51.824 papéis negociadas. A entrevista do seu presidente ao &apos;Público&apos; ontem continua a ter repercussões negativas no papel, disseram operadores. Sousa Gomes afirmou que a cotação estava cara. </p>
<p> No grupo Sonae, as acções da Sonae Investimentos estão a subir três escudos para 4.518 escudos, as da Sonae Indústria estão a cair 44 escudos para 1.322 e as da Modelo Continente estão a perder 10 escudos para 4.340. </p>
<p> De destacar, ainda, o novo máximo do ano da F.Ramada nos 2.250 escudos, devido à revisão em alta dos resultados para o final de 1996, que passou de 600.000 contos para 700.000 contos. Mudaram de mãos 14.500 acções da F.Ramada a subirem 18 escudos para 2.200. </p>
<p> - Paula Cordeiro, Lisboa Editorial, 351-1-3150035. (c) Reuters Limited 1996. </p></text>
<copyright>(c) Reuters Limited 1996</copyright>
<metadata>
<codes class="bip:countries:1.0">
<code code="dcTMUyOfvw">
<editdetail action="confirmed" attribution="Reuters BIP Coding Group" date="1996-09-17"></editdetail></code>
<code code="aoFZXjebrj">
<editdetail action="confirmed" attribution="Reuters BIP Coding Group" date="1996-09-17"></editdetail></code>
<code code="vbjzQZUmtm">
<editdetail action="confirmed" attribution="Reuters BIP Coding Group" date="1996-09-17"></editdetail></code></codes>
<codes class="bip:topics:1.0">
<code code="YFBfdJySHF">
<editdetail action="confirmed" attribution="Reuters BIP Coding Group" date="1996-09-17"></editdetail></code>
<code code="HDrzweIcog">
<editdetail action="confirmed" attribution="Reuters BIP Coding Group" date="1996-09-17"></editdetail></code>
<code code="YmWkpZcGET">
<editdetail action="confirmed" attribution="Reuters BIP Coding Group" date="1996-09-17"></editdetail></code></codes>
<dc element="dc.publisher" value="Reuters Holdings Plc"></dc>
<dc element="dc.datepublished" value="1996-09-17"></dc>
<dc element="dc.source" value="Reuters - Notícias em Português"></dc>
<dc element="dc.creator.location" value=""></dc>
<dc element="dc.creator.location.country.name" value=""></dc></metadata></newsitem>