<?xml version="1.0" encoding="UTF-8"?>

<newsitem date="1996-10-10" id="root" itemid="49635" xml:lang="pt">
<title></title>
<headline> ACÇÕES PREVÊEM-SE SUPORTADAS, MAS CONCENTRADAS. </headline>
<byline></byline>
<dateline></dateline>
<text>
<p> As acções do Contínuo deverão hoje negociar com a maioria dos papéis suportadas pela manutenção da expectativa de um corte de taxas do BP a breve trecho, apesar do alívio dos EUA ontem e do deslize das praças europeias esta manhã, prevendo-se que o interesse continue concentrado em PT, Engil, BCP e BES, disseram dealers. </p>
<p> *Dow Jones industrial cai 0,61 pct para 5.930,62 pontos </p>
<p> *PT fecha em Nova Iorque nos 26,5/8 dólares vs 26,1/2 antes </p>
<p> *Taxa máxima BT 182 dias cai 0,08 para 6,70 pct </p>
<p> *BP cede até 100 MC, 4 dias, em leilão (antes 7,10 pct) </p>
<p> - Sérgio Gonçalves, Lisboa Editorial, 351-1-3150035 (c) Reuters Limited 1996. </p></text>
<copyright>(c) Reuters Limited 1996</copyright>
<metadata>
<codes class="bip:countries:1.0">
<code code="OuvOnAyPBn">
<editdetail action="confirmed" attribution="Reuters BIP Coding Group" date="1996-10-10"></editdetail></code>
<code code="gdkkhokkjw">
<editdetail action="confirmed" attribution="Reuters BIP Coding Group" date="1996-10-10"></editdetail></code>
<code code="rkCasKZFbu">
<editdetail action="confirmed" attribution="Reuters BIP Coding Group" date="1996-10-10"></editdetail></code></codes>
<codes class="bip:topics:1.0">
<code code="oYcymbnNOA">
<editdetail action="confirmed" attribution="Reuters BIP Coding Group" date="1996-10-10"></editdetail></code>
<code code="RbwsjWIbNJ">
<editdetail action="confirmed" attribution="Reuters BIP Coding Group" date="1996-10-10"></editdetail></code></codes>
<dc element="dc.publisher" value="Reuters Holdings Plc"></dc>
<dc element="dc.datepublished" value="1996-10-10"></dc>
<dc element="dc.source" value="Reuters - Notícias em Português"></dc>
<dc element="dc.creator.location" value=""></dc>
<dc element="dc.creator.location.country.name" value=""></dc></metadata></newsitem>