<?xml version="1.0" encoding="UTF-8"?>

<newsitem date="1996-09-18" id="root" itemid="49032" xml:lang="pt">
<title></title>
<headline> ACÇÕES ABREM CAIR POR PERSPECTIVA SUBIDA TAXAS EUA. </headline>
<byline></byline>
<dateline></dateline>
<text>
<p> As acções do Contínuo abriram com os índices em queda, essencialmente pelas descidas da Sonae Investimentos e do BPI, a primeira ainda a reflectir os resultados semestrais e a segunda a emissão de 21,5 milhões de novas acções. Dealers dizem que o sentimento do mercado é para cair, havendo investidores a realizar lucros e porque o ambiente externo continua influenciado por uma eventual subida de taxas nos Estados Unidos. Futuros sobre o PSI20 em forte queda. *Índice PSI-20 cai 0,53 pct para 4.739,87 pontos *Crisal sobe 10 escudos para 2.630 com 184.100 acções *Futuro PSI-20 Set/96 caiu 43 pontos para 4.753, 402 contratos (segue comentário de mercado). </p></text>
<copyright>(c) Reuters Limited 1996</copyright>
<metadata>
<codes class="bip:countries:1.0">
<code code="SYIYivlUrb">
<editdetail action="confirmed" attribution="Reuters BIP Coding Group" date="1996-09-18"></editdetail></code>
<code code="KcjNkLuoXB">
<editdetail action="confirmed" attribution="Reuters BIP Coding Group" date="1996-09-18"></editdetail></code>
<code code="rWLpJjUYDz">
<editdetail action="confirmed" attribution="Reuters BIP Coding Group" date="1996-09-18"></editdetail></code></codes>
<codes class="bip:topics:1.0">
<code code="iQbpqCJDNC">
<editdetail action="confirmed" attribution="Reuters BIP Coding Group" date="1996-09-18"></editdetail></code>
<code code="PbSDeLXMYg">
<editdetail action="confirmed" attribution="Reuters BIP Coding Group" date="1996-09-18"></editdetail></code></codes>
<dc element="dc.publisher" value="Reuters Holdings Plc"></dc>
<dc element="dc.datepublished" value="1996-09-18"></dc>
<dc element="dc.source" value="Reuters - Notícias em Português"></dc>
<dc element="dc.creator.location" value=""></dc>
<dc element="dc.creator.location.country.name" value=""></dc></metadata></newsitem>