<?xml version="1.0" encoding="UTF-8"?>

<newsitem date="1996-08-21" id="root" itemid="48276" xml:lang="pt">
<title></title>
<headline> TBA FIXA EM 7,1533 PCT VS 7,1406 PCT ANTES. </headline>
<byline></byline>
<dateline></dateline>
<text>
<p> LISBOA, 21 Ago (Reuter) - A Taxa Base Anual (TBA) fixou-se hoje em 7,1533 contra 7,1406 pct no anterior leilão colocado de Bilhetes do Tesouro, anunciou o Banco de Portugal (BP). </p>
<p> A TBA é uma taxa nominal, convertível semestralmente, equivalente à taxa média efectiva, ponderada pelos respectivos montantes, das últimas doze colocações de bilhetes do Tesouro. </p>
<p> - Lisboa Editorial, 351-1-315.00.35. </p>
<p> (c) Reuters Limited 1996. </p></text>
<copyright>(c) Reuters Limited 1996</copyright>
<metadata>
<codes class="bip:countries:1.0">
<code code="gRJgrzOyyq">
<editdetail action="confirmed" attribution="Reuters BIP Coding Group" date="1996-08-21"></editdetail></code>
<code code="oAixnZneeo">
<editdetail action="confirmed" attribution="Reuters BIP Coding Group" date="1996-08-21"></editdetail></code>
<code code="kJbeCgwQMY">
<editdetail action="confirmed" attribution="Reuters BIP Coding Group" date="1996-08-21"></editdetail></code></codes>
<codes class="bip:topics:1.0">
<code code="OtpUvkvXgR">
<editdetail action="confirmed" attribution="Reuters BIP Coding Group" date="1996-08-21"></editdetail></code>
<code code="aeKAXgOcer">
<editdetail action="confirmed" attribution="Reuters BIP Coding Group" date="1996-08-21"></editdetail></code>
<code code="qoilElqlMF">
<editdetail action="confirmed" attribution="Reuters BIP Coding Group" date="1996-08-21"></editdetail></code></codes>
<dc element="dc.publisher" value="Reuters Holdings Plc"></dc>
<dc element="dc.datepublished" value="1996-08-21"></dc>
<dc element="dc.source" value="Reuters - Notícias em Português"></dc>
<dc element="dc.creator.location" value=""></dc>
<dc element="dc.creator.location.country.name" value=""></dc></metadata></newsitem>