<?xml version="1.0" encoding="UTF-8"?>

<newsitem date="1996-10-07" id="root" itemid="49531" xml:lang="pt">
<title></title>
<headline> BP PREVÊ CRESCIMENTO PIB 1996 ENTRE 2,25/2,75 PCT. </headline>
<byline></byline>
<dateline></dateline>
<text>
<p> LISBOA, 7 Out (Reuter) - O Banco de Portugal (BP) prevê que o Produto Interno Bruto (PIB) cresça em 1996 entre 2,25 e 2,75 pct, estreitanto o anterior intervalo de previsão que era de 1,75 pct a 2,75 pct. </p>
<p> Estas previsões serão publicadas durante Outubro no boletim trimestral da instituição, segundo disse uma fonte oficial do BP, e foram adiantadas pelo governador, António de Sousa, ao jornal Expresso de sábado passado. </p>
<p> As razões para este estreitamento &apos;para cima&apos; do intervalo têm que ver com o bom comportamento da economia alemã, o principal parceiro comercial de Portugal, disse o governador. </p>
<p> Considerou que &quot;o segundo semestre (de 1996) está a ser melhor que o primeiro e o próximo ano deverá manter essa tendência&quot;. </p>
<p> As previsões do Governo de crescimento do PIB em 1996 são que se situe num intervalo de 2,50 a 3,00 pct. </p>
<p> Com base em valores ainda provisórios, em 1995 o PIB terá crescido cerca de 2,2 pct. </p>
<p> - Lisboa Editorial, 351-1-3113126. </p>
<p> (c) Reuters Limited 1996. </p></text>
<copyright>(c) Reuters Limited 1996</copyright>
<metadata>
<codes class="bip:countries:1.0">
<code code="ZitesZAnBg">
<editdetail action="confirmed" attribution="Reuters BIP Coding Group" date="1996-10-07"></editdetail></code>
<code code="CvomCMwxNv">
<editdetail action="confirmed" attribution="Reuters BIP Coding Group" date="1996-10-07"></editdetail></code>
<code code="UHYcYxrSwE">
<editdetail action="confirmed" attribution="Reuters BIP Coding Group" date="1996-10-07"></editdetail></code></codes>
<codes class="bip:topics:1.0">
<code code="GsJNUlhYoK">
<editdetail action="confirmed" attribution="Reuters BIP Coding Group" date="1996-10-07"></editdetail></code>
<code code="MNzsnjosMV">
<editdetail action="confirmed" attribution="Reuters BIP Coding Group" date="1996-10-07"></editdetail></code></codes>
<dc element="dc.publisher" value="Reuters Holdings Plc"></dc>
<dc element="dc.datepublished" value="1996-10-07"></dc>
<dc element="dc.source" value="Reuters - Notícias em Português"></dc>
<dc element="dc.creator.location" value=""></dc>
<dc element="dc.creator.location.country.name" value=""></dc></metadata></newsitem>