<?xml version="1.0" encoding="UTF-8"?>

<newsitem date="1996-09-20" id="root" itemid="49124" xml:lang="pt">
<title></title>
<headline> TAXA DESEMPREGO 3RO TRIM 96 CAI PARA 7,1 PCT - INE. </headline>
<byline></byline>
<dateline></dateline>
<text>
<p>     LISBOA, 20 Set (Reuter) - A taxa de desemprego, no terceiro </p>
<p> trimestre de 1996, foi de 7,1 pct contra 7,2 pct no trimestre </p>
<p> anterior e 6,9 pct no terceiro trimestre de 1995, segundo o </p>
<p> inquérito ao emprego, divulgado pelo Instituto Nacional de </p>
<p> Estatística (INE). </p>
<p>    3ro trim 96    2do trim 96 3ro trim 95 Taxa Desemprego 7,1%      7,2%  6,9% -De 14 a 24 anos    16,2%     16,8%      15,0% -De 25 a 49 anos     6,2%      6,3%  6,3% -De 50 anos e mais   4,2%      4,1%  3,6% População total    9.373,5   9.370,3    9.359,2 População activa   4.588,8   4.576,9    4.529,2 Empregados    4.264,3   4.245,9    4.218,3 Desempregados   324,6     331,0      310,9 </p>
<p>     Dados da população, empregados e desempregados em milhares. </p>
<p>   ----Lisboa Editorial, 351-1-315.00.35. </p>
<p> (c) Reuters Limited 1996. </p></text>
<copyright>(c) Reuters Limited 1996</copyright>
<metadata>
<codes class="bip:countries:1.0">
<code code="cPqBXYsDiU">
<editdetail action="confirmed" attribution="Reuters BIP Coding Group" date="1996-09-20"></editdetail></code>
<code code="yfKVeorKgF">
<editdetail action="confirmed" attribution="Reuters BIP Coding Group" date="1996-09-20"></editdetail></code>
<code code="FtQEoFLOSM">
<editdetail action="confirmed" attribution="Reuters BIP Coding Group" date="1996-09-20"></editdetail></code></codes>
<codes class="bip:topics:1.0">
<code code="vAUQBXKFso">
<editdetail action="confirmed" attribution="Reuters BIP Coding Group" date="1996-09-20"></editdetail></code>
<code code="KiNpZBGRKK">
<editdetail action="confirmed" attribution="Reuters BIP Coding Group" date="1996-09-20"></editdetail></code></codes>
<dc element="dc.publisher" value="Reuters Holdings Plc"></dc>
<dc element="dc.datepublished" value="1996-09-20"></dc>
<dc element="dc.source" value="Reuters - Notícias em Português"></dc>
<dc element="dc.creator.location" value=""></dc>
<dc element="dc.creator.location.country.name" value=""></dc></metadata></newsitem>