<?xml version="1.0" encoding="UTF-8"?>

<newsitem date="1996-09-16" id="root" itemid="48935" xml:lang="pt">
<title></title>
<headline> ÍNDICE VENDAS RETALHO SOBE 2,6% MAI 96 VS ABR 96. </headline>
<byline></byline>
<dateline></dateline>
<text>
<p>     LISBOA, 16 Set (Reuter) - O Índice do Volume de Vendas do </p>
<p> Comércio a Retalho (IVVCR) referente a Maio de 1996 subiu 2,6 </p>
<p> pct em relação a Abril de 1996 para 143,9, tendo registado uma </p>
<p> subida de 3,8 pct em relação a Maio de 1995, informou o </p>
<p> Instituto Nacional de Estatística (INE). </p>
<p>         Mai 96(a) Abr 96(b) Mai 95(c) </p>
<p> Índice Geral Comércio Retalho    143,9     140,3     138,7 </p>
<p> Valores em percentagem </p>
<p> a)Dados provisórios  b)Dados rectificados  c)Dados definitivos </p>
<p>     ----Lisboa Editorial, 351.1.31-35. </p>
<p> (c) Reuters Limited 1996. </p></text>
<copyright>(c) Reuters Limited 1996</copyright>
<metadata>
<codes class="bip:countries:1.0">
<code code="dijrEDqqYw">
<editdetail action="confirmed" attribution="Reuters BIP Coding Group" date="1996-09-16"></editdetail></code>
<code code="UzgMOiUfkQ">
<editdetail action="confirmed" attribution="Reuters BIP Coding Group" date="1996-09-16"></editdetail></code>
<code code="KuItDjjefP">
<editdetail action="confirmed" attribution="Reuters BIP Coding Group" date="1996-09-16"></editdetail></code></codes>
<codes class="bip:topics:1.0">
<code code="CfkKTVDdBD">
<editdetail action="confirmed" attribution="Reuters BIP Coding Group" date="1996-09-16"></editdetail></code>
<code code="yIJRPlPgYy">
<editdetail action="confirmed" attribution="Reuters BIP Coding Group" date="1996-09-16"></editdetail></code>
<code code="ROTvwsWmbE">
<editdetail action="confirmed" attribution="Reuters BIP Coding Group" date="1996-09-16"></editdetail></code></codes>
<dc element="dc.publisher" value="Reuters Holdings Plc"></dc>
<dc element="dc.datepublished" value="1996-09-16"></dc>
<dc element="dc.source" value="Reuters - Notícias em Português"></dc>
<dc element="dc.creator.location" value=""></dc>
<dc element="dc.creator.location.country.name" value=""></dc></metadata></newsitem>