<?xml version="1.0" encoding="UTF-8"?>

<newsitem date="1996-09-03" id="root" itemid="48628" xml:lang="pt">
<title></title>
<headline> ESCUDO FECHA MOVIMENTADO E COM QUEDA LIGEIRA. </headline>
<byline></byline>
<dateline></dateline>
<text>
<p> 1615 TMG - O escudo fechou aos níveis da abertura mas depois de ter sido transaccionado nos 102,35 por marco, segundo dealers após uma sessão com algum movimento, nomeadamente por interesses de não residentes. </p>
<p> *Escudo 102,40/43 por marco contra 102,41/44 na abertura </p>
<p> *Escudo variou entre 102,35 e 102,42 por marco </p>
<p> *Peseta 84,46/48 por marco contra 84,41/44 de manhã </p>
<p> *Dólar 1,4833/38 marcos vs 1,4891/96 na abertura Europa </p>
<p> *BP cede, próximo período, 67 MC a 8 dias, mantém TMP 7,25% </p>
<p> *Leilão amanhã 15 MC BT 182 dias, anterior rateio 7,08 pct </p></text>
<copyright>(c) Reuters Limited 1996</copyright>
<metadata>
<codes class="bip:countries:1.0">
<code code="RLJlnKaNkQ">
<editdetail action="confirmed" attribution="Reuters BIP Coding Group" date="1996-09-03"></editdetail></code>
<code code="kziJVexNZn">
<editdetail action="confirmed" attribution="Reuters BIP Coding Group" date="1996-09-03"></editdetail></code>
<code code="mAoELpYief">
<editdetail action="confirmed" attribution="Reuters BIP Coding Group" date="1996-09-03"></editdetail></code></codes>
<codes class="bip:topics:1.0">
<code code="rmNJuJSRKJ">
<editdetail action="confirmed" attribution="Reuters BIP Coding Group" date="1996-09-03"></editdetail></code>
<code code="FCHSWZNUli">
<editdetail action="confirmed" attribution="Reuters BIP Coding Group" date="1996-09-03"></editdetail></code>
<code code="DBswkTKfBP">
<editdetail action="confirmed" attribution="Reuters BIP Coding Group" date="1996-09-03"></editdetail></code></codes>
<dc element="dc.publisher" value="Reuters Holdings Plc"></dc>
<dc element="dc.datepublished" value="1996-09-03"></dc>
<dc element="dc.source" value="Reuters - Notícias em Português"></dc>
<dc element="dc.creator.location" value=""></dc>
<dc element="dc.creator.location.country.name" value=""></dc></metadata></newsitem>