<?xml version="1.0" encoding="UTF-8"?>

<newsitem date="1996-10-28" id="root" itemid="50113" xml:lang="pt">
<title></title>
<headline> MONETÁRIO FECHA CALMO, PRAZOS ESTÁVEIS. </headline>
<byline></byline>
<dateline></dateline>
<text>
<p> LISBOA, 28 Out (Reuter) - O mercado monetário do escudo fechou calmo, sem muitas alterações de taxas, com excepção de uma subida marginal a um mês, segundo operadores pelo facto de &apos;demorar&apos; o corte da taxa de absorção do Banco de Portugal, esperada pelo mercado. </p>
<p> &quot;O prazo do mês começa a não ficar tão descontado e não demora muito para que isso se contagie aos três meses. Tomaram-se muitas posições à espera da descida de taxas do Banco de Portugal e, como não se concretiza, as taxas estão a &apos;colar-se&apos; aos sete pct (da actual taxa de cedência)&quot;, disse um dealer. </p>
<p> Este operador considerou ainda que isto sucede porque o mercado &apos;está todo do mesmo lado&apos;, ou seja, já descontou futuros cortes de taxas do banco central e &quot;por cada semana que passa há um custo associado que vai aumentando até não se tornar comportável e aí fazem as taxas voltar a subir&quot;. </p>
<p> Dealers disseram que o mercado deverá ainda ter falta de fundos dentro do período de reservas, cujo último dia culmina, na próxima segunda-feira, com o início do próximo período de reservas. </p>
<p> No mercado de forward rate agreements (FRA) o movimento foi hoje reduzido e as taxas mantiveram-se estáveis. </p>
<p> - Fernanda Pargana, Lisboa Editorial, 351-1-311.31.26 </p>
<p> (c) Reuters Limited 1996. </p></text>
<copyright>(c) Reuters Limited 1996</copyright>
<metadata>
<codes class="bip:countries:1.0">
<code code="zhnyxWBxuI">
<editdetail action="confirmed" attribution="Reuters BIP Coding Group" date="1996-10-28"></editdetail></code>
<code code="PZMhiIAsWX">
<editdetail action="confirmed" attribution="Reuters BIP Coding Group" date="1996-10-28"></editdetail></code>
<code code="kebbwgTmBR">
<editdetail action="confirmed" attribution="Reuters BIP Coding Group" date="1996-10-28"></editdetail></code></codes>
<codes class="bip:topics:1.0">
<code code="yNyzWLBBSU">
<editdetail action="confirmed" attribution="Reuters BIP Coding Group" date="1996-10-28"></editdetail></code>
<code code="CywaIQtrlL">
<editdetail action="confirmed" attribution="Reuters BIP Coding Group" date="1996-10-28"></editdetail></code></codes>
<dc element="dc.publisher" value="Reuters Holdings Plc"></dc>
<dc element="dc.datepublished" value="1996-10-28"></dc>
<dc element="dc.source" value="Reuters - Notícias em Português"></dc>
<dc element="dc.creator.location" value=""></dc>
<dc element="dc.creator.location.country.name" value=""></dc></metadata></newsitem>