<?xml version="1.0" encoding="UTF-8"?>

<newsitem date="1996-09-12" id="root" itemid="48879" xml:lang="pt">
<title></title>
<headline> ESCUDO FECHA CALMO VS MARCO, DÓLAR DEFINE RUMO. </headline>
<byline></byline>
<dateline></dateline>
<text>
<p> O escudo fechou calmo e estabilizado contra o marco, numa sessão em que o dólar voltou a ser responsável pela direcção a seguir. </p>
<p> *Escudo 102,37/40 por marco contra 102,41/44 na abertura </p>
<p> *Escudo oscilou entre 102,37 e 102,43 por marco </p>
<p> *Peseta 84,38/43 por marco contra 84,54/55 na abertura </p>
<p> *Dólar 1,5131/34 marcos vs 1,5074/84 na abertura Europa </p>
<p> *Preços sobem 0,3 pct Ago, IPC média 3,3%, homóloga 3,6% </p>
<p> *Saída amanhã IPC Ago EUA, previsto 0,2%, 0,3% em Jul </p>
<p> *Responsável Buba diz haver espaço corte taxas alemãs </p></text>
<copyright>(c) Reuters Limited 1996</copyright>
<metadata>
<codes class="bip:countries:1.0">
<code code="DfUDvAKXef">
<editdetail action="confirmed" attribution="Reuters BIP Coding Group" date="1996-09-12"></editdetail></code>
<code code="qfbQEMIIeD">
<editdetail action="confirmed" attribution="Reuters BIP Coding Group" date="1996-09-12"></editdetail></code>
<code code="vXAwJFsESf">
<editdetail action="confirmed" attribution="Reuters BIP Coding Group" date="1996-09-12"></editdetail></code></codes>
<codes class="bip:topics:1.0">
<code code="ZzhzLztils">
<editdetail action="confirmed" attribution="Reuters BIP Coding Group" date="1996-09-12"></editdetail></code>
<code code="sbicLdRIqZ">
<editdetail action="confirmed" attribution="Reuters BIP Coding Group" date="1996-09-12"></editdetail></code>
<code code="JYFEDTILjJ">
<editdetail action="confirmed" attribution="Reuters BIP Coding Group" date="1996-09-12"></editdetail></code></codes>
<dc element="dc.publisher" value="Reuters Holdings Plc"></dc>
<dc element="dc.datepublished" value="1996-09-12"></dc>
<dc element="dc.source" value="Reuters - Notícias em Português"></dc>
<dc element="dc.creator.location" value=""></dc>
<dc element="dc.creator.location.country.name" value=""></dc></metadata></newsitem>