<?xml version="1.0" encoding="UTF-8"?>

<newsitem date="1996-10-11" id="root" itemid="49699" xml:lang="pt">
<title></title>
<headline> ACÇÕES SEGUEM MISTAS, NÃO REAGEM PPI NOS EUA. </headline>
<byline></byline>
<dateline></dateline>
<text>
<p> As acções do Contínuo e os Futuros sobre o PSI20 seguiam mistos na meia sessão e a liquidez no cash a somar 1,8 milhões de contos, sem que o mercado reagisse à subida das praças internacionais com a divulgação do PPI inferior ao previsto. Destaque para Semapa, Engil e Portucel. *Índice PSI-20 (.PSI20)cai 0,27 pct para 4.784,87 pontos *Semapa cai 7 escudos para 2.190. Negociadas 126.100 *Engil-SGPS sobe 16 esc p/1.626. Negociadas 97.574 *Futuro PSI-20 Out/96 (PSI20V6)cai p/ 4.800 vs 4.818 ontem. </p>
<p> (c) Reuters Limited 1996. </p></text>
<copyright>(c) Reuters Limited 1996</copyright>
<metadata>
<codes class="bip:countries:1.0">
<code code="bynUKMpRtu">
<editdetail action="confirmed" attribution="Reuters BIP Coding Group" date="1996-10-11"></editdetail></code>
<code code="aRDLWjrIyr">
<editdetail action="confirmed" attribution="Reuters BIP Coding Group" date="1996-10-11"></editdetail></code>
<code code="OcQwJKQYWJ">
<editdetail action="confirmed" attribution="Reuters BIP Coding Group" date="1996-10-11"></editdetail></code></codes>
<codes class="bip:topics:1.0">
<code code="pzwZuUhsEV">
<editdetail action="confirmed" attribution="Reuters BIP Coding Group" date="1996-10-11"></editdetail></code>
<code code="LKUzMlaNEB">
<editdetail action="confirmed" attribution="Reuters BIP Coding Group" date="1996-10-11"></editdetail></code></codes>
<dc element="dc.publisher" value="Reuters Holdings Plc"></dc>
<dc element="dc.datepublished" value="1996-10-11"></dc>
<dc element="dc.source" value="Reuters - Notícias em Português"></dc>
<dc element="dc.creator.location" value=""></dc>
<dc element="dc.creator.location.country.name" value=""></dc></metadata></newsitem>