<?xml version="1.0" encoding="UTF-8"?>

<newsitem date="1996-09-27" id="root" itemid="49292" xml:lang="pt">
<title></title>
<headline> FUTURO OT DEZ/96 ABRE 100,45 CONTRA 99,92. </headline>
<byline></byline>
<dateline></dateline>
<text>
<p> *Futuro Dez/96 100,45 vs 99,92 no fecho anterior </p>
<p> *Futuro Bono Dez/96 sobe 0,79 pontos para 107,06 </p>
<p> *Dólar 1,5234/39 marcos contra 1,5235/40 fecho Europa ontem </p>
<p> *BP cede até 120 MC, 7 dias, em leilão e absorve a 6,8 pct. </p>
<p> - Lisboa Editorial, 351-1-3150035 (c) Reuters Limited 1996. </p></text>
<copyright>(c) Reuters Limited 1996</copyright>
<metadata>
<codes class="bip:countries:1.0">
<code code="KQIDLgXtkD">
<editdetail action="confirmed" attribution="Reuters BIP Coding Group" date="1996-09-27"></editdetail></code>
<code code="vNlPGHrGQg">
<editdetail action="confirmed" attribution="Reuters BIP Coding Group" date="1996-09-27"></editdetail></code>
<code code="cyhRCObIKF">
<editdetail action="confirmed" attribution="Reuters BIP Coding Group" date="1996-09-27"></editdetail></code></codes>
<codes class="bip:topics:1.0">
<code code="MKMZubQLmo">
<editdetail action="confirmed" attribution="Reuters BIP Coding Group" date="1996-09-27"></editdetail></code>
<code code="MnsnMVjeuF">
<editdetail action="confirmed" attribution="Reuters BIP Coding Group" date="1996-09-27"></editdetail></code>
<code code="tmfEcpxPKe">
<editdetail action="confirmed" attribution="Reuters BIP Coding Group" date="1996-09-27"></editdetail></code></codes>
<dc element="dc.publisher" value="Reuters Holdings Plc"></dc>
<dc element="dc.datepublished" value="1996-09-27"></dc>
<dc element="dc.source" value="Reuters - Notícias em Português"></dc>
<dc element="dc.creator.location" value=""></dc>
<dc element="dc.creator.location.country.name" value=""></dc></metadata></newsitem>