<?xml version="1.0" encoding="UTF-8"?>

<newsitem date="1996-08-22" id="root" itemid="48342" xml:lang="pt">
<title></title>
<headline> BP DIZ CEDÊNCIA 4 DIAS SEM PROCURA. </headline>
<byline></byline>
<dateline></dateline>
<text>
<p> LISBOA, 22 Ago (Reuter) - O Banco de Portugal (BP) disse que não houve procura para a cedência de fundos contra a recompra de bilhetes do Tesouro, Títulos de Depósito e obrigações do Tesouro taxa fixa (BT/TD/OT) a quatro dias em regime de leilão de taxa. </p>
<p> O BP propôs ceder até 10 MC. </p>
<p> Na última cedência, a taxa média de colocação de fundos foi de 7,5 pct. </p>
<p> O BP propôs a absorção de fundos contra a venda de Títulos de Regularização Monetária (TRM) a quatro dias à taxa fixa de 6,8 pct, com entrega de propostas até às 1500 horas locais. </p>
<p> - Lisboa Editorial, 351.1.315-00-35. </p>
<p> (c) Reuters Limited 1996. </p></text>
<copyright>(c) Reuters Limited 1996</copyright>
<metadata>
<codes class="bip:countries:1.0">
<code code="MoGKQYuIAZ">
<editdetail action="confirmed" attribution="Reuters BIP Coding Group" date="1996-08-22"></editdetail></code>
<code code="ZFGioXISGH">
<editdetail action="confirmed" attribution="Reuters BIP Coding Group" date="1996-08-22"></editdetail></code>
<code code="OZkmWfJgMD">
<editdetail action="confirmed" attribution="Reuters BIP Coding Group" date="1996-08-22"></editdetail></code></codes>
<codes class="bip:topics:1.0">
<code code="UEeRJmMgbU">
<editdetail action="confirmed" attribution="Reuters BIP Coding Group" date="1996-08-22"></editdetail></code>
<code code="vziLPQLhAU">
<editdetail action="confirmed" attribution="Reuters BIP Coding Group" date="1996-08-22"></editdetail></code>
<code code="QZBbSlhaxp">
<editdetail action="confirmed" attribution="Reuters BIP Coding Group" date="1996-08-22"></editdetail></code></codes>
<dc element="dc.publisher" value="Reuters Holdings Plc"></dc>
<dc element="dc.datepublished" value="1996-08-22"></dc>
<dc element="dc.source" value="Reuters - Notícias em Português"></dc>
<dc element="dc.creator.location" value=""></dc>
<dc element="dc.creator.location.country.name" value=""></dc></metadata></newsitem>