<?xml version="1.0" encoding="UTF-8"?>

<newsitem date="1996-08-21" id="root" itemid="48301" xml:lang="pt">
<title></title>
<headline> PSI20 SOBE 0,16 PCT PARA 4.640,33 PONTOS. </headline>
<byline></byline>
<dateline></dateline>
<text>
<p> LISBOA, 21 Ago (Reuter) - O índice PSI20 da Bolsa de Valores de Lisboa (BVL) subiu 0,16 pct, ou 7,19 pontos, para 4.640,33. </p>
<p> (c) Reuters Limited 1996. </p></text>
<copyright>(c) Reuters Limited 1996</copyright>
<metadata>
<codes class="bip:countries:1.0">
<code code="lTUzOmsnxe">
<editdetail action="confirmed" attribution="Reuters BIP Coding Group" date="1996-08-21"></editdetail></code>
<code code="hTOOwkRFjF">
<editdetail action="confirmed" attribution="Reuters BIP Coding Group" date="1996-08-21"></editdetail></code>
<code code="vzuoeFlIqB">
<editdetail action="confirmed" attribution="Reuters BIP Coding Group" date="1996-08-21"></editdetail></code></codes>
<codes class="bip:topics:1.0">
<code code="TsBQLzbaYc">
<editdetail action="confirmed" attribution="Reuters BIP Coding Group" date="1996-08-21"></editdetail></code>
<code code="wqywPSuyTi">
<editdetail action="confirmed" attribution="Reuters BIP Coding Group" date="1996-08-21"></editdetail></code></codes>
<dc element="dc.publisher" value="Reuters Holdings Plc"></dc>
<dc element="dc.datepublished" value="1996-08-21"></dc>
<dc element="dc.source" value="Reuters - Notícias em Português"></dc>
<dc element="dc.creator.location" value=""></dc>
<dc element="dc.creator.location.country.name" value=""></dc></metadata></newsitem>