<?xml version="1.0" encoding="UTF-8"?>

<newsitem date="1996-09-25" id="root" itemid="49221" xml:lang="pt">
<title></title>
<headline> OT FECHAM EM ALTA, MAS COM INÉRCIA QUEBRAR 8 PCT. </headline>
<byline></byline>
<dateline></dateline>
<text>
<p> LISBOA, 25 Set (Reuter) - As OT fecharam em alta com Espanha, num mercado que se mantém muito suportado nos quatro e cinco e anos e cujos 10 anos mostram alguma incapacidade de seguir a apreciação dos Bonos, disseram dealers. </p>
<p> &quot;Os Futuros e o cash fecharam em alta com Espanha, mas os 10 anos têm uma grande inércia em quebrar os oito pct, o que deverá acontecer amanhã, se os Bonos subirem mais&quot;, disse um director. </p>
<p> &quot;Nos 10 anos, além da dificuldade psicológica de quebrar os oito pct e de haver algumas tomadas de lucros, há também a ausência de estrangeiros a inibir uma subida maior e a permitir que os spreads para Espanha passem a positivos&quot;, disse outro. </p>
<p> &quot;O mercado está muito suportado nos quatro e cinco anos. Os 10 anos estão à espera por Espanha&quot;, disse um director. </p>
<p> &quot;O suporte é forte, mas os nacionais estão a aguardar que os Bonos ainda subam mais para confirmarem que podem furar os oito pct&quot;, disse outro. </p>
<p> &quot;Apesar de se acreditar que os Orçamentos de 1997 de Espanha e Portugal irão ter em vista a moeda única, aqui não há suficientes investidores a entrarem no mercado, em força, apostando num maior encurtamento de spreads para os Bunds&quot;. </p>
<p> &quot;Há que esperar por Espanha&quot;, concluiu. </p>
<p> - Sérgio Gonçalves, Lisboa Editorial, 351-1-3150035 (c) Reuters Limited 1996. </p></text>
<copyright>(c) Reuters Limited 1996</copyright>
<metadata>
<codes class="bip:countries:1.0">
<code code="XctgLrrLtw">
<editdetail action="confirmed" attribution="Reuters BIP Coding Group" date="1996-09-25"></editdetail></code>
<code code="XukVbIIMjS">
<editdetail action="confirmed" attribution="Reuters BIP Coding Group" date="1996-09-25"></editdetail></code>
<code code="zJhiqvOInx">
<editdetail action="confirmed" attribution="Reuters BIP Coding Group" date="1996-09-25"></editdetail></code></codes>
<codes class="bip:topics:1.0">
<code code="gwleXDweQg">
<editdetail action="confirmed" attribution="Reuters BIP Coding Group" date="1996-09-25"></editdetail></code>
<code code="YCHxhPIaNU">
<editdetail action="confirmed" attribution="Reuters BIP Coding Group" date="1996-09-25"></editdetail></code></codes>
<dc element="dc.publisher" value="Reuters Holdings Plc"></dc>
<dc element="dc.datepublished" value="1996-09-25"></dc>
<dc element="dc.source" value="Reuters - Notícias em Português"></dc>
<dc element="dc.creator.location" value=""></dc>
<dc element="dc.creator.location.country.name" value=""></dc></metadata></newsitem>