<?xml version="1.0" encoding="UTF-8"?>

<newsitem date="1996-10-03" id="root" itemid="49451" xml:lang="pt">
<title></title>
<headline> BP COM MAIS ESPAÇO PARA CORTAR TAXAS APÓS ESPANHA. </headline>
<byline></byline>
<dateline></dateline>
<text>
<p> LISBOA, 3 Out (Reuter) - O Banco de Portugal (BP) ficou com mais espaço para descer as suas taxas directoras depois de o banco central espanhol ter descido a sua repo em meio ponto percentual, mas persistem dúvidas de que isso se concretize. </p>
<p> &quot;Não mudei de opinião. É óbvio que se cria mais espaço, mas a tese de vincar a independência (do banco central) em relação a Espanha, assim como o BP querer consolidar as descidas de taxas, devem fazer com que o BP não faça nada&quot;, disse Carla Rebelo do Banco Finantia. </p>
<p> &quot;Tendo Espanha tomado a decisão lógica e não a prudente, o BP pode tomar uma decisão prudente e baixar 25 basis points a taxa de cedência&quot;, disse José Carlos André, do Banco de Comércio e Indústria. </p>
<p> Adiantou que o mercado reagiu em baixa após o anúncio do corte em 50 basis points da repo espanhola para 6,75 pct. </p>
<p> As taxas de mercado monetário registaram uma descida de entre cinco e 10 basis points e os forward rater agreements (FRA) desceram também após o anúncio do Banco de Espanha. </p>
<p> &quot;O BP tinha até espaço para descer meio ponto percentual na taxa de cedência, mas não tem sido habitual descer taxas no mesmo dia que Espanha e, além disso, penso que vai esperar por ter indicações sobre a taxa de inflação, e já deve tê-las na próxima semana&quot;, disse um terceiro dealer, que não quis ser identificado. </p>
<p> &quot;O BP pode não cortar hoje taxas por uma questão de independência da sua política monetária, mas depois os preços ficariam muito desfasados em relação a Espanha, que é um mercado bastante próximo do nosso&quot;, disse outro operador, que também não quis ser identificado. </p>
<p> &quot;O mercado nacional não baixou mais com a descida de Espanha porque, por um lado, já tinha descontado parcialmente um corte e, por outro, não é certo que seja já hoje que o Banco de Portugal corta taxas&quot;, disse outro operador. </p>
<p> &quot;E, mesmo sendo inevitável um corte de taxas do Banco de Portugal, não é indiferente em termos de custos se isso acontece hoje, daqui a uma semana ou daqui a um mês&quot;, acrescentou. </p>
<p> - Fernanda Pargana, Lisboa Editorial, 351-1-3113126. </p>
<p> (c) Reuters Limited 1996. </p></text>
<copyright>(c) Reuters Limited 1996</copyright>
<metadata>
<codes class="bip:countries:1.0">
<code code="QWUqsaVeqn">
<editdetail action="confirmed" attribution="Reuters BIP Coding Group" date="1996-10-03"></editdetail></code>
<code code="uhqSdnDcqi">
<editdetail action="confirmed" attribution="Reuters BIP Coding Group" date="1996-10-03"></editdetail></code>
<code code="fiJeUFDcMU">
<editdetail action="confirmed" attribution="Reuters BIP Coding Group" date="1996-10-03"></editdetail></code></codes>
<codes class="bip:topics:1.0">
<code code="JMhihkAuJu">
<editdetail action="confirmed" attribution="Reuters BIP Coding Group" date="1996-10-03"></editdetail></code>
<code code="dshGNiqzoA">
<editdetail action="confirmed" attribution="Reuters BIP Coding Group" date="1996-10-03"></editdetail></code></codes>
<dc element="dc.publisher" value="Reuters Holdings Plc"></dc>
<dc element="dc.datepublished" value="1996-10-03"></dc>
<dc element="dc.source" value="Reuters - Notícias em Português"></dc>
<dc element="dc.creator.location" value=""></dc>
<dc element="dc.creator.location.country.name" value=""></dc></metadata></newsitem>