<?xml version="1.0" encoding="UTF-8"?>

<newsitem date="1996-10-21" id="root" itemid="49925" xml:lang="pt">
<title></title>
<headline> COTAÇÕES INDICATIVAS DO BANCO PORTUGAL - (PTEFIX=). </headline>
<byline></byline>
<dateline></dateline>
<text>
<p>     LISBOA, 21 Out (Reuter) - Cotações oficiais indicativas do </p>
<p> Banco de Portugal (BP). Entre parêntesis sessão anterior. </p>
<p> USD 155,122..........(155,255)   NLG 89,807..........(89,790) </p>
<p> DEM 100,745..........(100,730)   BEF 4,8908..........(4,8899) </p>
<p> FRF 29,822............(29,818)   CHF 122,248........(122,408) </p>
<p> GBP 247,148..........(246,672)   JPY 1,3742..........(1,3812) </p>
<p> ESP 1,1976............(1,1969)   SEK 23,426..........(23,379) </p>
<p> XEU 193,662..........(193,522)   NOK 23,786..........(23,765) </p>
<p> ITL 0,10105..........(0,10106)   DKK 26,316..........(26,304) </p>
<p> IEP 248,547..........(248,813)   FIM 33,666..........(33,661) </p>
<p> ATS 14,321............(14,317)   Índice 96,57.........(96,61). </p>
<p> (c) Reuters Limited 1996. </p></text>
<copyright>(c) Reuters Limited 1996</copyright>
<metadata>
<codes class="bip:countries:1.0">
<code code="BxlrUARKhV">
<editdetail action="confirmed" attribution="Reuters BIP Coding Group" date="1996-10-21"></editdetail></code>
<code code="jmFmtATrax">
<editdetail action="confirmed" attribution="Reuters BIP Coding Group" date="1996-10-21"></editdetail></code>
<code code="nXVxqepnwF">
<editdetail action="confirmed" attribution="Reuters BIP Coding Group" date="1996-10-21"></editdetail></code></codes>
<codes class="bip:topics:1.0">
<code code="MCjHzKvPGe">
<editdetail action="confirmed" attribution="Reuters BIP Coding Group" date="1996-10-21"></editdetail></code>
<code code="KzWTuZKmNj">
<editdetail action="confirmed" attribution="Reuters BIP Coding Group" date="1996-10-21"></editdetail></code>
<code code="MXPhSYEyoT">
<editdetail action="confirmed" attribution="Reuters BIP Coding Group" date="1996-10-21"></editdetail></code></codes>
<dc element="dc.publisher" value="Reuters Holdings Plc"></dc>
<dc element="dc.datepublished" value="1996-10-21"></dc>
<dc element="dc.source" value="Reuters - Notícias em Português"></dc>
<dc element="dc.creator.location" value=""></dc>
<dc element="dc.creator.location.country.name" value=""></dc></metadata></newsitem>