<?xml version="1.0" encoding="UTF-8"?>

<newsitem date="1996-08-28" id="root" itemid="48499" xml:lang="pt">
<title></title>
<headline> RESUMO DAS TRANSACÇÕES NO MERCADO CONTÍNUO. </headline>
<byline></byline>
<dateline></dateline>
<text>
<p>     LISBOA, 28 Ago (Reuter) - Transacções no Contínuo (números </p>
<p> da sessão anterior entre parentesis): (MC=milhões de contos). </p>
<p>         Quantidade     Valor </p>
<p> Mercado Contínuo Acções 2.199.108(1.276.839) 5,625 MC( 3,062 MC) </p>
<p>        OT  442.287(  478.131) 4,649 MC( 4,487 MC) Futuros OT-10       459( 833) 4,393 MC( 7,972 MC) Futuros PSI20     1.017( 609) 0,483 MC( 0,288 MC) Índices  Oficial BVL      1.063,37    + 0,39 pct     BVL30      1.976,22    + 0,20 pct     PSI-20     4.723,91    + 0,25 pct     ORF(TRM 7,9550 vs 7,8759 pct)   106,62    - 0,22 pct     FPI (Fincor Privatisation)    1.132,34    + 0,26 pct     ----Lisboa Editorial, 351.1.3113121. </p>
<p> (c) Reuters Limited 1996. </p></text>
<copyright>(c) Reuters Limited 1996</copyright>
<metadata>
<codes class="bip:countries:1.0">
<code code="AzxTHUFJXQ">
<editdetail action="confirmed" attribution="Reuters BIP Coding Group" date="1996-08-28"></editdetail></code>
<code code="oJXdgYiDYV">
<editdetail action="confirmed" attribution="Reuters BIP Coding Group" date="1996-08-28"></editdetail></code>
<code code="PlsciDhUKx">
<editdetail action="confirmed" attribution="Reuters BIP Coding Group" date="1996-08-28"></editdetail></code></codes>
<codes class="bip:topics:1.0">
<code code="HgllyagCyk">
<editdetail action="confirmed" attribution="Reuters BIP Coding Group" date="1996-08-28"></editdetail></code>
<code code="ArVYzdPlii">
<editdetail action="confirmed" attribution="Reuters BIP Coding Group" date="1996-08-28"></editdetail></code>
<code code="RHlnvuekYt">
<editdetail action="confirmed" attribution="Reuters BIP Coding Group" date="1996-08-28"></editdetail></code></codes>
<dc element="dc.publisher" value="Reuters Holdings Plc"></dc>
<dc element="dc.datepublished" value="1996-08-28"></dc>
<dc element="dc.source" value="Reuters - Notícias em Português"></dc>
<dc element="dc.creator.location" value=""></dc>
<dc element="dc.creator.location.country.name" value=""></dc></metadata></newsitem>