<?xml version="1.0" encoding="UTF-8"?>

<newsitem date="1996-09-09" id="root" itemid="48749" xml:lang="pt">
<title></title>
<headline> FUTURO LISBOR 3 MESES SET/97 ABRE A 92,89 VS 92,87. </headline>
<byline></byline>
<dateline></dateline>
<text>
<p> *Futuro Lisbor 3 meses Set/97 abre 92,89 vs 92,87 </p>
<p> *Taxa máxima Bilhetes do Tesouro (BT) 91 dias estável em 7,1% </p>
<p> *BP cede em leilão até 10 MC e absorve a 6,8 pct </p>
<p> *Tesouro leiloa amanhã 20 MC,s/ contar tranche OEVT,OT/Mar/99. </p>
<p> (c) Reuters Limited 1996. - Fernanda Pargana, Lisboa Editorial, 351-1-311.31.26 </p>
<p> (c) Reuters Limited 1996. </p></text>
<copyright>(c) Reuters Limited 1996</copyright>
<metadata>
<codes class="bip:countries:1.0">
<code code="GPPzrUUVSy">
<editdetail action="confirmed" attribution="Reuters BIP Coding Group" date="1996-09-09"></editdetail></code>
<code code="HXeWcFbNtb">
<editdetail action="confirmed" attribution="Reuters BIP Coding Group" date="1996-09-09"></editdetail></code>
<code code="oJAwRVZqbf">
<editdetail action="confirmed" attribution="Reuters BIP Coding Group" date="1996-09-09"></editdetail></code></codes>
<codes class="bip:topics:1.0">
<code code="uguvllghzE">
<editdetail action="confirmed" attribution="Reuters BIP Coding Group" date="1996-09-09"></editdetail></code>
<code code="hcvrExRIoj">
<editdetail action="confirmed" attribution="Reuters BIP Coding Group" date="1996-09-09"></editdetail></code>
<code code="jLEjZuMUDL">
<editdetail action="confirmed" attribution="Reuters BIP Coding Group" date="1996-09-09"></editdetail></code></codes>
<dc element="dc.publisher" value="Reuters Holdings Plc"></dc>
<dc element="dc.datepublished" value="1996-09-09"></dc>
<dc element="dc.source" value="Reuters - Notícias em Português"></dc>
<dc element="dc.creator.location" value=""></dc>
<dc element="dc.creator.location.country.name" value=""></dc></metadata></newsitem>