<?xml version="1.0" encoding="UTF-8"?>

<newsitem date="1996-10-02" id="root" itemid="49426" xml:lang="pt">
<title></title>
<headline> OPÇÕES SOBRE OT/10 E PSI/20 EM BREVE - A.MONTEIRO. </headline>
<byline></byline>
<dateline></dateline>
<text>
<p> Por Sérgio Gonçalves LISBOA, 2 Out (Reuter) - A BDP prevê lançar, num horizonte próximo, opções sobre os Futuros OT/10 e PSI/20, assim que os fundos de investimento tenham legislação para operar no mercado de derivados e estimulem o aumento da liquidez diária dos Futuros, disse Fernando Alves Monteiro. </p>
<p> &quot;Uma opção sobre o Futuro OT/10 e uma sobre o Futuro PSI/20 são perfeitamente visíveis. Vemos a implementação destes contratos num horizonte próximo&quot;, disse, à Reuters, o administrador-delegado da Bolsa de Derivados do Porto (BDP). </p>
<p> Alves Monteiro referiu que a legislação sobre fundos de investimento está para breve e que se está a trabalhar a bom ritmo na que se refere ao mercado de reportes. </p>
<p> A legislação dos fundos de investimento irá permitir-lhes acederem ao mercado de derivados e a referente ao repo é importantíssima para facultar a entrada de não-residentes. </p>
<p> &quot;No mercado de reportes, está-se a trabalhar a um ritmo muito acelerado junto das autoridades de mercado, ou seja o Banco de Portugal (BP), a Comissão de Mercado de Valores Mobiliários (CMVM) e a BDP&quot;, acrescentou. </p>
<p> &quot;Os trabalhos estão a correr bem, com um entrosamento completo por parte destas autoridades e fico a acreditar que muito brevemente teremos esse mercado de repo&quot;, disse. </p>
<p> &quot;A BDP entende que é necessário que se atinja um estádio de consolidação deste mercado (de Futuros) um bocadinho superior aquele que existe, nomeadamente ao nível dos volumes médios de negócios diários para o lançamento de opções&quot;, referiu. </p>
<p> &quot;Estamos perto que isso aconteça, até porque estamos nas vésperas do acesso ao mercado de uma classe de agentes, que têm um significado tão importante no funcionamento dos mercados, como são os fundos de investimento&quot;, afirmou Alves Monteiro. </p>
<p> &quot;Nós depositamos na sua intervenção, na sua preparação técnica e no seu espírito profissional, a esperança que eles vão, neste momento, fazer a diferença&quot;, explicou. </p>
<p> &quot;Isto é, que vão aparecer e que vão utilizar estes instrumentos de cobertura de risco por forma a que registemos estádios superiores de contratação diária, criando espaço para o lançamento de opções&quot;, acrescentou. </p>
<p> &quot;Não estamos a trilhar um caminho que seja de grande risco. O risco existe mais na dimensão do mercado e menos nas escolhas tomadas relativamente a produtos para esse mercado&quot;, referiu o administrador-delegado da BDP. </p>
<p> &quot;Não há inovação, há é que seguir experiências que, com mais ou menos sucesso, se têm imposto a nível internacional&quot;, concluiu. </p>
<p> - Lisboa Editorial, 351-1-3150035. </p>
<p> (c) Reuters Limited 1996. </p></text>
<copyright>(c) Reuters Limited 1996</copyright>
<metadata>
<codes class="bip:countries:1.0">
<code code="qodqIszNLi">
<editdetail action="confirmed" attribution="Reuters BIP Coding Group" date="1996-10-02"></editdetail></code>
<code code="LjWdvbevIa">
<editdetail action="confirmed" attribution="Reuters BIP Coding Group" date="1996-10-02"></editdetail></code>
<code code="PEWQHTJzow">
<editdetail action="confirmed" attribution="Reuters BIP Coding Group" date="1996-10-02"></editdetail></code></codes>
<codes class="bip:topics:1.0">
<code code="EbCiCEIHnm">
<editdetail action="confirmed" attribution="Reuters BIP Coding Group" date="1996-10-02"></editdetail></code>
<code code="qSIynjxKaI">
<editdetail action="confirmed" attribution="Reuters BIP Coding Group" date="1996-10-02"></editdetail></code></codes>
<dc element="dc.publisher" value="Reuters Holdings Plc"></dc>
<dc element="dc.datepublished" value="1996-10-02"></dc>
<dc element="dc.source" value="Reuters - Notícias em Português"></dc>
<dc element="dc.creator.location" value=""></dc>
<dc element="dc.creator.location.country.name" value=""></dc></metadata></newsitem>