<?xml version="1.0" encoding="UTF-8"?>

<newsitem date="1996-10-23" id="root" itemid="49999" xml:lang="pt">
<title></title>
<headline> MMI TRANSACCIONA 222,544 MC, FUTUROS FAZEM 18,9 MC. </headline>
<byline></byline>
<dateline></dateline>
<text>
<p> LISBOA, 23 Out (Reuter) - O Mercado Monetário Interbancário (MMI) movimentou hoje 222,544 milhões de contos (MC) com 106 negócios nas operações com data-valor do próprio dia, a um e a dois dias, informou o Banco de Portugal. </p>
<p> O overnight (o/n) movimentou 74,857 MC com operações com data-valor do dia a uma taxa média ponderada (TMP) de 6,9781 pct contra 6,9713 pct na sessão anterior. </p>
<p> No mercado de futuros sobre a Lisbor a três meses fizeram-se 189 contratos no montante de 18,9 MC, contra 7,3 MC na anterior sessão. </p>
<p> - Lisboa Editorial, 351-1-315.00.35. </p>
<p> (c) Reuters Limited 1996. </p></text>
<copyright>(c) Reuters Limited 1996</copyright>
<metadata>
<codes class="bip:countries:1.0">
<code code="ADbwktgPCB">
<editdetail action="confirmed" attribution="Reuters BIP Coding Group" date="1996-10-23"></editdetail></code>
<code code="uYLKfQQgYg">
<editdetail action="confirmed" attribution="Reuters BIP Coding Group" date="1996-10-23"></editdetail></code>
<code code="ZCYYRCgfxj">
<editdetail action="confirmed" attribution="Reuters BIP Coding Group" date="1996-10-23"></editdetail></code></codes>
<codes class="bip:topics:1.0">
<code code="QvsypRfrIv">
<editdetail action="confirmed" attribution="Reuters BIP Coding Group" date="1996-10-23"></editdetail></code>
<code code="cFSsZklbeZ">
<editdetail action="confirmed" attribution="Reuters BIP Coding Group" date="1996-10-23"></editdetail></code>
<code code="oliHVlRLvn">
<editdetail action="confirmed" attribution="Reuters BIP Coding Group" date="1996-10-23"></editdetail></code></codes>
<dc element="dc.publisher" value="Reuters Holdings Plc"></dc>
<dc element="dc.datepublished" value="1996-10-23"></dc>
<dc element="dc.source" value="Reuters - Notícias em Português"></dc>
<dc element="dc.creator.location" value=""></dc>
<dc element="dc.creator.location.country.name" value=""></dc></metadata></newsitem>