<?xml version="1.0" encoding="UTF-8"?>

<newsitem date="1996-09-23" id="root" itemid="49156" xml:lang="pt">
<title></title>
<headline> ESCUDO CALMO VS MARCO MANHÃ E DE OLHO EUROPEIAS. </headline>
<byline></byline>
<dateline></dateline>
<text>
<p> 1040 TMG - O escudo manteve-se calmo e forte contra o marco, sempre de olho nos movimentos das moedas que lhe estão mais próximas, como a peseta e o franco francês. Dealers dizem que o escudo se deverá manter entre os 101,80 e 101,85 por marco, uma vez que tanto a peseta como o franco francês também revelam alguma estabilidade. </p>
<p> *Escudo 101,85/87 por marco contra 101,83/85 na abertura </p>
<p> *Escudo oscilou entre 101,81 e 101,86 por marco </p>
<p> *Peseta 84,09/10 por marco contra 84,07/08 na abertura </p>
<p> *Dólar 1,5160/65 marcos vs 1,5170/75 na abertura Europa </p>
<p> *BP diz cedência sem procura, absorve a 6,8 pct. </p>
<p>     ----José Barata, Lisboa Editorial, 351.1.3113121. </p>
<p> (c) Reuters Limited 1996. </p></text>
<copyright>(c) Reuters Limited 1996</copyright>
<metadata>
<codes class="bip:countries:1.0">
<code code="mwdLCjOzUR">
<editdetail action="confirmed" attribution="Reuters BIP Coding Group" date="1996-09-23"></editdetail></code>
<code code="CUvSHAcfet">
<editdetail action="confirmed" attribution="Reuters BIP Coding Group" date="1996-09-23"></editdetail></code>
<code code="OxvoTmJVsh">
<editdetail action="confirmed" attribution="Reuters BIP Coding Group" date="1996-09-23"></editdetail></code></codes>
<codes class="bip:topics:1.0">
<code code="aRaZCDPIxw">
<editdetail action="confirmed" attribution="Reuters BIP Coding Group" date="1996-09-23"></editdetail></code>
<code code="XxFszqinZs">
<editdetail action="confirmed" attribution="Reuters BIP Coding Group" date="1996-09-23"></editdetail></code>
<code code="EGuruRhkTO">
<editdetail action="confirmed" attribution="Reuters BIP Coding Group" date="1996-09-23"></editdetail></code></codes>
<dc element="dc.publisher" value="Reuters Holdings Plc"></dc>
<dc element="dc.datepublished" value="1996-09-23"></dc>
<dc element="dc.source" value="Reuters - Notícias em Português"></dc>
<dc element="dc.creator.location" value=""></dc>
<dc element="dc.creator.location.country.name" value=""></dc></metadata></newsitem>