<?xml version="1.0" encoding="UTF-8"?>

<newsitem date="1996-08-29" id="root" itemid="48524" xml:lang="pt">
<title></title>
<headline> MONETÁRIO FECHA CALMO, FRA MOVIMENTADOS. </headline>
<byline></byline>
<dateline></dateline>
<text>
<p> 1500 TMG - O mercado monetário do escudo fechou calmo, a manter a situação de liquidez no curto przo, enquanto os interesses nos mais longos não foi significativo. Dealers disseram que os FRA registaram um movimento razoável. * o/n e tom/next em 6,80/7,00 pct, semelhante à abertura * Prazo 30 dias em 7,16/7,24 pct, o mesmo da manhã * Colocado 15 MC BT 91 dias, rateio mantém-se em 7,10 pct * BP diz não coloca nada na cedência, absorção sem procura * Futuros Lisbor abrem segunda-feira, analistas prevêm liquidez * PIB real EUA 2do tri revisto para +4,8% vs previsão +4,2% </p>
<p> - Fernanda Pargana, Lisboa Editorial, 351-1-311.31.26 </p>
<p> (c) Reuters Limited 1996. </p></text>
<copyright>(c) Reuters Limited 1996</copyright>
<metadata>
<codes class="bip:countries:1.0">
<code code="MhqbcHEYxA">
<editdetail action="confirmed" attribution="Reuters BIP Coding Group" date="1996-08-29"></editdetail></code>
<code code="RGJEsbCQwR">
<editdetail action="confirmed" attribution="Reuters BIP Coding Group" date="1996-08-29"></editdetail></code>
<code code="SgLLAKrkcx">
<editdetail action="confirmed" attribution="Reuters BIP Coding Group" date="1996-08-29"></editdetail></code></codes>
<codes class="bip:topics:1.0">
<code code="YHgBkSxhLu">
<editdetail action="confirmed" attribution="Reuters BIP Coding Group" date="1996-08-29"></editdetail></code>
<code code="rvPjgnkCCQ">
<editdetail action="confirmed" attribution="Reuters BIP Coding Group" date="1996-08-29"></editdetail></code></codes>
<dc element="dc.publisher" value="Reuters Holdings Plc"></dc>
<dc element="dc.datepublished" value="1996-08-29"></dc>
<dc element="dc.source" value="Reuters - Notícias em Português"></dc>
<dc element="dc.creator.location" value=""></dc>
<dc element="dc.creator.location.country.name" value=""></dc></metadata></newsitem>