<?xml version="1.0" encoding="UTF-8"?>

<newsitem date="1996-09-06" id="root" itemid="48712" xml:lang="pt">
<title></title>
<headline> COTAÇÕES INDICATIVAS DO BANCO PORTUGAL. </headline>
<byline></byline>
<dateline></dateline>
<text>
<p>     LISBOA, 6 Set (Reuter) - Cotações oficiais indicativas do </p>
<p> Banco de Portugal (BP). Entre parêntesis sessão anterior. </p>
<p> USD 152,062..........(151,792)   NLG 91,376..........(91,380) </p>
<p> DEM 102,440..........(102,458)   BEF 4,9735..........(4,9744) </p>
<p> FRF 29,937............(29,888)   CHF 126,095........(125,809) </p>
<p> GBP 238,255..........(238,184)   JPY 1,3934..........(1,3917) </p>
<p> ESP 1,2121............(1,2115)   SEK 22,910..........(22,875) </p>
<p> XEU 193,304..........(193,221)   NOK 23,806..........(23,728) </p>
<p> ITL 0,10071..........(0,10049)   DKK 26,545..........(26,547) </p>
<p> IEP 247,034..........(246,832)   FIM 33,775..........(33,764) </p>
<p> ATS 14,557............(14,560)   Índice 96,25.........(96,32). </p>
<p> (c) Reuters Limited 1996. </p></text>
<copyright>(c) Reuters Limited 1996</copyright>
<metadata>
<codes class="bip:countries:1.0">
<code code="QRsUIdLAZb">
<editdetail action="confirmed" attribution="Reuters BIP Coding Group" date="1996-09-06"></editdetail></code>
<code code="vBtzzuhMIb">
<editdetail action="confirmed" attribution="Reuters BIP Coding Group" date="1996-09-06"></editdetail></code>
<code code="ANOPxdVhnS">
<editdetail action="confirmed" attribution="Reuters BIP Coding Group" date="1996-09-06"></editdetail></code></codes>
<codes class="bip:topics:1.0">
<code code="xBwNOMxAtd">
<editdetail action="confirmed" attribution="Reuters BIP Coding Group" date="1996-09-06"></editdetail></code>
<code code="vXYkGnvKAp">
<editdetail action="confirmed" attribution="Reuters BIP Coding Group" date="1996-09-06"></editdetail></code>
<code code="MYqRtvXqKS">
<editdetail action="confirmed" attribution="Reuters BIP Coding Group" date="1996-09-06"></editdetail></code></codes>
<dc element="dc.publisher" value="Reuters Holdings Plc"></dc>
<dc element="dc.datepublished" value="1996-09-06"></dc>
<dc element="dc.source" value="Reuters - Notícias em Português"></dc>
<dc element="dc.creator.location" value=""></dc>
<dc element="dc.creator.location.country.name" value=""></dc></metadata></newsitem>