<?xml version="1.0" encoding="UTF-8"?>

<newsitem date="1996-10-28" id="root" itemid="50107" xml:lang="pt">
<title></title>
<headline> BP DIZ NÃO HOUVE SUGESTÃO GOVERNO PARA VENDA OURO. </headline>
<byline></byline>
<dateline></dateline>
<text>
<p> LISBOA, 28 Out (Reuter) - O Banco de Portugal (BP) não recebeu qualquer indicação do Governo para a venda das suas reservas de ouro, disse uma fonte oficial do BP. </p>
<p> &quot;Não houve qualquer sugestão concreta do Governo nesse sentido (da venda de ouro)&quot;, disse esta fonte oficial. </p>
<p> &quot;Mantêm-se válidas as declarações anteriores do governador&quot;, acrescentou esta mesma fonte. </p>
<p> Em declarações ao &apos;Expresso&apos; de 5 de Outubro, o governador, António de Sousa, disse que &quot;o Banco de Portugal não pensa, neste momento, vender ouro. Não existe do Governo qualquer sugestão nesta matéria&quot;. </p>
<p> A fonte oficial do banco central referiu, ainda, que a gestão das reservas é da competência do Banco de Portugal. </p>
<p> Em declarações à TSF no fim-de-semana, o ministro da Economia, Augusto Mateus, disse que Portugal poderá vender parte das suas reservas de ouro. </p>
<p> &quot;Portugal, que tem uma estrutura das suas reservas que são uma grande proporção de ouro, obviamente que há vários anos tinha e tem na actualidade a possibilidade de uma estratégia de eventual venda de uma parte das suas reservas de ouro&quot;, disse Augusto Mateus. </p>
<p> No final de 1995, segundo o relatório do Banco de Portugal, as reservas de ouro, de cerca de 500 toneladas de ouro fino, estava avaliadas em cerca de 775 milhões de contos. </p>
<p> No final de Setembro deste ano, segundo a Síntese de Conjuntura do Banco de Portugal, as reservas oficiais líquidas, que incluem o ouro, estavam avaliadas em 3.338 milhões de contos, com o ouro avaliado a preços de mercado. </p>
<p> - Fernanda Pargana, Lisboa Editorial, 351-1-3113126. </p>
<p> (c) Reuters Limited 1996. </p></text>
<copyright>(c) Reuters Limited 1996</copyright>
<metadata>
<codes class="bip:countries:1.0">
<code code="VduHfDbhgj">
<editdetail action="confirmed" attribution="Reuters BIP Coding Group" date="1996-10-28"></editdetail></code>
<code code="GNUUFXfjMw">
<editdetail action="confirmed" attribution="Reuters BIP Coding Group" date="1996-10-28"></editdetail></code>
<code code="UCXaFzSeLn">
<editdetail action="confirmed" attribution="Reuters BIP Coding Group" date="1996-10-28"></editdetail></code></codes>
<codes class="bip:topics:1.0">
<code code="iBLbyCZvko">
<editdetail action="confirmed" attribution="Reuters BIP Coding Group" date="1996-10-28"></editdetail></code>
<code code="heZIDXdKwk">
<editdetail action="confirmed" attribution="Reuters BIP Coding Group" date="1996-10-28"></editdetail></code>
<code code="JCaztrJjjy">
<editdetail action="confirmed" attribution="Reuters BIP Coding Group" date="1996-10-28"></editdetail></code>
<code code="OIqpTEXXDP">
<editdetail action="confirmed" attribution="Reuters BIP Coding Group" date="1996-10-28"></editdetail></code>
<code code="uTaWRQvkUG">
<editdetail action="confirmed" attribution="Reuters BIP Coding Group" date="1996-10-28"></editdetail></code></codes>
<dc element="dc.publisher" value="Reuters Holdings Plc"></dc>
<dc element="dc.datepublished" value="1996-10-28"></dc>
<dc element="dc.source" value="Reuters - Notícias em Português"></dc>
<dc element="dc.creator.location" value=""></dc>
<dc element="dc.creator.location.country.name" value=""></dc></metadata></newsitem>