<?xml version="1.0" encoding="UTF-8"?>

<newsitem date="1996-09-11" id="root" itemid="48847" xml:lang="pt">
<title></title>
<headline> DÉFICE SPA 1996 INFERIOR A 4,2 PCT PIB - GAFEEP. </headline>
<byline></byline>
<dateline></dateline>
<text>
<p> LISBOA 11 Set (Reuter) - O défice do Sector Público Administrativo (SPA) deverá, este ano, ser inferior aos 4,2 pct previsto no Orçamento de Estado (OE), refere o Gabinete para a Análise do Financiamento do Estado e das Empresas Públicas (GAFEEP), um departamento do Ministério das Finanças. </p>
<p> &quot;Os últimos dados disponíveis sobre a execução orçamental do corrente ano, permitem antever um défice ligeiramente inferior ao previsto (4,2 pct do PIB), o que vem confirmar a evolução descendente do défice público no sentido da convergência para o objectivo fixado no Tratado da União Europeia&quot;, afirma o GAFEEP. </p>
<p> &quot;Com a continuação do processo de consolidação orçamenal e a aceleração do programa de reprivatizações, as necessidades de financiamento do SPA e Empresarial em 1996 poderão situar-se a um nível inferior ao verificado em 1995&quot;, explica o GAFEEP. </p>
<p> As necessidades de financiamento do SPA e Empresarial em percentagem do PIB foram de 4,5 pct em 1995 e 5,4 pct em 1994. </p>
<p> O défice global do SPA, sem activos financeiros e na óptica da contabilidade pública, fixou-se em 1995 em 4,7 pct do Produto Interno Bruto (PIB), ou seja 733,5 milhões de contos (MC), uma melhoria face aos 5,2 pct do PIB verificados em 1994, ou 754 MC. </p>
<p> &quot;O apoio financeiro concedido pelo Estado à Segurança Social foi de cerca de 346,2 MC, o que inclui a venda ao Tesouro de créditos em fase de execução fiscal no montante de 180 MC, e ainda uma transferência extraordinária de 14,2 MC realizada no final de 1995&quot;, refere. </p>
<p> - Lisboa Editorial, 351-1-3150035 (c) Reuters Limited 1996. </p></text>
<copyright>(c) Reuters Limited 1996</copyright>
<metadata>
<codes class="bip:countries:1.0">
<code code="uOSqmrZOuZ">
<editdetail action="confirmed" attribution="Reuters BIP Coding Group" date="1996-09-11"></editdetail></code>
<code code="OKPlZAmKve">
<editdetail action="confirmed" attribution="Reuters BIP Coding Group" date="1996-09-11"></editdetail></code>
<code code="jpbhagauwE">
<editdetail action="confirmed" attribution="Reuters BIP Coding Group" date="1996-09-11"></editdetail></code></codes>
<codes class="bip:topics:1.0">
<code code="AHmonTZamS">
<editdetail action="confirmed" attribution="Reuters BIP Coding Group" date="1996-09-11"></editdetail></code>
<code code="ZzAwtTuyxL">
<editdetail action="confirmed" attribution="Reuters BIP Coding Group" date="1996-09-11"></editdetail></code>
<code code="UPjdEQZule">
<editdetail action="confirmed" attribution="Reuters BIP Coding Group" date="1996-09-11"></editdetail></code></codes>
<dc element="dc.publisher" value="Reuters Holdings Plc"></dc>
<dc element="dc.datepublished" value="1996-09-11"></dc>
<dc element="dc.source" value="Reuters - Notícias em Português"></dc>
<dc element="dc.creator.location" value=""></dc>
<dc element="dc.creator.location.country.name" value=""></dc></metadata></newsitem>