<?xml version="1.0" encoding="UTF-8"?>

<newsitem date="1996-09-04" id="root" itemid="48636" xml:lang="pt">
<title></title>
<headline> ESCUDO ABRE DESLIZAR VS MARCO, QUEDA LIMITADA. </headline>
<byline></byline>
<dateline></dateline>
<text>
<p> LISBOA, 4 Set (Reuter) - O escudo abriu a deslizar contra o marco, a seguir a tendência das moedas do sul da Europa, embora continuem a notar-se interesses compradores de escudos que vão limitar a sua queda. </p>
<p> O escudo abriu 102,45/48 por marco contra 102,40/43 no fecho de ontem. Às 0830 TMG, o escudo cotava 102,46/49 por marco. </p>
<p> &quot;Desde o início da semana que se notam interesses vendedores de marcos (compradores de escudos), o que, a continuar, vai permitir uma recuperação do escudo para os níveis de ontem&quot;, disse um dealer que não quis ser identificado. </p>
<p> Dealers dizem que o escudo deverá oscilar entre 102,40 e 102,50 por marco. </p>
<p> &quot;Este período do ano é influenciado pelas receitas do turismo e pelas remessas dos emigrantes, embora este fenómeno a partir de agora vá tendo progressivamente tendência para ir desaparecendo&quot;, disse um cambista que não quis ser identificado. </p>
<p> Sobre as consequências da tensão político-militar no Golfo, dealers dizem que em termos cambiais está tudo como estava antes. </p>
<p> &quot;O preço do petróleo subiu, mas o dólar continua sem definir claramente uma tendência&quot;, disse outro operador. </p>
<p> Unidades navais dos Estados Unidos voltaram, esta madrugada, a disparar mísseis contra a defesa anti-aérea iraquiana, enquanto o presidente do Iraque, Saddam Hussein, ameaça não respeitar as zonas de segurança a que está obrigado. </p>
<p> &quot;Há algum nervosismo, mas esta instabilidade político-militar na zona do Golfo não vai dar um dólar mais forte&quot;, disse o mesmo cambista. </p>
<p> Às 0850 TMG, o dólar cotava 1,4830/35 marcos. </p>
<p>     ----José Barata, Lisboa Editorial, 351.1.3113121. </p>
<p> (c) Reuters Limited 1996. </p></text>
<copyright>(c) Reuters Limited 1996</copyright>
<metadata>
<codes class="bip:countries:1.0">
<code code="jGGFBNgzfK">
<editdetail action="confirmed" attribution="Reuters BIP Coding Group" date="1996-09-04"></editdetail></code>
<code code="KFiqdiFfAH">
<editdetail action="confirmed" attribution="Reuters BIP Coding Group" date="1996-09-04"></editdetail></code>
<code code="AUKQJAQyed">
<editdetail action="confirmed" attribution="Reuters BIP Coding Group" date="1996-09-04"></editdetail></code></codes>
<codes class="bip:topics:1.0">
<code code="UuwbpVNQzb">
<editdetail action="confirmed" attribution="Reuters BIP Coding Group" date="1996-09-04"></editdetail></code>
<code code="DSpXpImrOP">
<editdetail action="confirmed" attribution="Reuters BIP Coding Group" date="1996-09-04"></editdetail></code>
<code code="lkkqXYquMY">
<editdetail action="confirmed" attribution="Reuters BIP Coding Group" date="1996-09-04"></editdetail></code></codes>
<dc element="dc.publisher" value="Reuters Holdings Plc"></dc>
<dc element="dc.datepublished" value="1996-09-04"></dc>
<dc element="dc.source" value="Reuters - Notícias em Português"></dc>
<dc element="dc.creator.location" value=""></dc>
<dc element="dc.creator.location.country.name" value=""></dc></metadata></newsitem>