<?xml version="1.0" encoding="UTF-8"?>

<newsitem date="1996-10-25" id="root" itemid="50061" xml:lang="pt">
<title></title>
<headline> ESCUDO APRECIA MEIA SESSÃO COM EXTERIOR. </headline>
<byline></byline>
<dateline></dateline>
<text>
<p> O escudo registou uma ligeira apreciação contra o marco na meia sessão, seguindo o movimento de outras moedas europeias contra o marco e, também, uma subida do dólar. &quot;Penso que níveis de 100,60 a 100,80 são mais correctos para o escudo&quot;, comentou um operador. </p>
<p> *Escudo 100,76/79 por marco contra 100,87/90 na abertura </p>
<p> *Peseta 84,17/18 por marco contra 84,19/21 de manhã </p>
<p> *Dólar 1,5240/45 marcos vs 1,5218/28 na abertura Europa </p>
<p> *BP com espaço para descer taxas, mas deve mantê-las-dealers </p>
<p> *BP anuncia hoje condições cedência próximo período 1315 TMG </p>
<p> *BP cede 100 MC a 3 dias a 7,00 pct. </p>
<p>     ----Fernanda Pargana, Lisboa Editorial, 351.1.3113126 </p>
<p> (c) Reuters Limited 1996. </p></text>
<copyright>(c) Reuters Limited 1996</copyright>
<metadata>
<codes class="bip:countries:1.0">
<code code="UMsRYFtyKq">
<editdetail action="confirmed" attribution="Reuters BIP Coding Group" date="1996-10-25"></editdetail></code>
<code code="TPoQLRJXEY">
<editdetail action="confirmed" attribution="Reuters BIP Coding Group" date="1996-10-25"></editdetail></code>
<code code="PDGlilgjsh">
<editdetail action="confirmed" attribution="Reuters BIP Coding Group" date="1996-10-25"></editdetail></code></codes>
<codes class="bip:topics:1.0">
<code code="gBUwbwYosF">
<editdetail action="confirmed" attribution="Reuters BIP Coding Group" date="1996-10-25"></editdetail></code>
<code code="vDasNUvVmP">
<editdetail action="confirmed" attribution="Reuters BIP Coding Group" date="1996-10-25"></editdetail></code>
<code code="uswiqXCZXD">
<editdetail action="confirmed" attribution="Reuters BIP Coding Group" date="1996-10-25"></editdetail></code></codes>
<dc element="dc.publisher" value="Reuters Holdings Plc"></dc>
<dc element="dc.datepublished" value="1996-10-25"></dc>
<dc element="dc.source" value="Reuters - Notícias em Português"></dc>
<dc element="dc.creator.location" value=""></dc>
<dc element="dc.creator.location.country.name" value=""></dc></metadata></newsitem>