<?xml version="1.0" encoding="UTF-8"?>

<newsitem date="1996-10-11" id="root" itemid="49712" xml:lang="pt">
<title></title>
<headline> ESCUDO FECHA ALTA LIGEIRA VS MARCO, RANGE ESTREITO. </headline>
<byline></byline>
<dateline></dateline>
<text>
<p> LISBOA, 11 Out (Reuter) - O escudo fechou em alta ligeira contra o marco, numa sessão que voltou a ser marcada por um range estreito de negociação e em que esteve muito ligado à peseta. </p>
<p> Às 1612 TMG, o escudo cotava 101,12/15 por marco contra 101,163 na cotação indicativa do Banco de Portugal (BP) e 101,16/19 na abertura. </p>
<p> &quot;O marco-escudo registou muito intersses ao longo da sessão, mas o range de negociação não foi além dos 10 pontos, ou seja podemos dizer que a estabilidade continua a ser uma realidade&quot;, disse um operador. </p>
<p>     &quot;O escudo manteve-se toda a semana entre os 101,10 e os </p>
<p> 101,20 (por marco) e nada faz pressupor que se possa afastar </p>
<p> grandemente destes dois marcos&quot;, disse outro operador. </p>
<p>     ----José Barata, Lisboa Editorial, 351.1.3113121. </p>
<p> (c) Reuters Limited 1996. </p></text>
<copyright>(c) Reuters Limited 1996</copyright>
<metadata>
<codes class="bip:countries:1.0">
<code code="JnguSTymqY">
<editdetail action="confirmed" attribution="Reuters BIP Coding Group" date="1996-10-11"></editdetail></code>
<code code="toBMuMlFxG">
<editdetail action="confirmed" attribution="Reuters BIP Coding Group" date="1996-10-11"></editdetail></code>
<code code="rMeIOLHjGA">
<editdetail action="confirmed" attribution="Reuters BIP Coding Group" date="1996-10-11"></editdetail></code></codes>
<codes class="bip:topics:1.0">
<code code="xjVmvrdjnw">
<editdetail action="confirmed" attribution="Reuters BIP Coding Group" date="1996-10-11"></editdetail></code>
<code code="xPykSCyscT">
<editdetail action="confirmed" attribution="Reuters BIP Coding Group" date="1996-10-11"></editdetail></code>
<code code="gLmOmxCnUI">
<editdetail action="confirmed" attribution="Reuters BIP Coding Group" date="1996-10-11"></editdetail></code></codes>
<dc element="dc.publisher" value="Reuters Holdings Plc"></dc>
<dc element="dc.datepublished" value="1996-10-11"></dc>
<dc element="dc.source" value="Reuters - Notícias em Português"></dc>
<dc element="dc.creator.location" value=""></dc>
<dc element="dc.creator.location.country.name" value=""></dc></metadata></newsitem>