<?xml version="1.0" encoding="UTF-8"?>

<newsitem date="1996-08-29" id="root" itemid="48520" xml:lang="pt">
<title></title>
<headline> DÉFICE COMERCIAL GLOBAL JAN-MAI 96 EM 582,5 MC. </headline>
<byline></byline>
<dateline></dateline>
<text>
<p>     LISBOA, 29 Ago (Reuter) - O défice comercial global </p>
<p> português caiu 15,9 pct de Janeiro a Maio de 1996 para 582,5 </p>
<p> milhões de contos (MC) relativamente ao período homólogo de </p>
<p> 1995, anunciou o Instituto Nacional de Estatística (INE). </p>
<p>     De Janeiro a Maio de 1996, Portugal importou um total de </p>
<p> 2.117,7 MC de produtos, contra 2.107,0 MC no período homólogo </p>
<p> anterior, e exportou 1.535,2 MC, mais 8,6 pct. </p>
<p>     Dados relativos ao comércio global de Portugal: </p>
<p>      MAI96    ABR96   MAI95    JAN-MAI96   JAN-MAI95 </p>
<p>  IMPORTAÇÃO    435,8    434,6   458,4     2.117,7     2.107,0 </p>
<p>  EXPORTAÇÃO    317,9    283,9   294,8     1.535,2     1.414,2 </p>
<p>  DÉFICE   117,9    150,7   163,6  582,5  692,8  TX COBERTURA  72,9%    65,3%   64,3% 72,5%  67,1% </p>
<p>     ----Lisboa Editorial, 351.1.315-00-35. </p>
<p> (c) Reuters Limited 1996. </p></text>
<copyright>(c) Reuters Limited 1996</copyright>
<metadata>
<codes class="bip:countries:1.0">
<code code="NNgTbXABeq">
<editdetail action="confirmed" attribution="Reuters BIP Coding Group" date="1996-08-29"></editdetail></code>
<code code="GveZHfxhGl">
<editdetail action="confirmed" attribution="Reuters BIP Coding Group" date="1996-08-29"></editdetail></code>
<code code="JNxnwdxJGg">
<editdetail action="confirmed" attribution="Reuters BIP Coding Group" date="1996-08-29"></editdetail></code></codes>
<codes class="bip:topics:1.0">
<code code="PVQlRRySpu">
<editdetail action="confirmed" attribution="Reuters BIP Coding Group" date="1996-08-29"></editdetail></code>
<code code="DgJaVkRhze">
<editdetail action="confirmed" attribution="Reuters BIP Coding Group" date="1996-08-29"></editdetail></code>
<code code="vPZDQwXSIC">
<editdetail action="confirmed" attribution="Reuters BIP Coding Group" date="1996-08-29"></editdetail></code></codes>
<dc element="dc.publisher" value="Reuters Holdings Plc"></dc>
<dc element="dc.datepublished" value="1996-08-29"></dc>
<dc element="dc.source" value="Reuters - Notícias em Português"></dc>
<dc element="dc.creator.location" value=""></dc>
<dc element="dc.creator.location.country.name" value=""></dc></metadata></newsitem>