<?xml version="1.0" encoding="UTF-8"?>

<newsitem date="1996-09-20" id="root" itemid="49135" xml:lang="pt">
<title></title>
<headline> MMI TRANSACCIONA 204,520 MC, FUTUROS FAZEM 12 MC. </headline>
<byline></byline>
<dateline></dateline>
<text>
<p> LISBOA, 20 Set (Reuter) - O Mercado Monetário Interbancário (MMI) movimentou hoje 204,520 milhões de contos (MC) com 94 negócios nas operações com data-valor do próprio dia, a um e a dois dias, informou o Banco de Portugal. </p>
<p> O overnight (o/n) movimentou 86,852 MC com operações com data-valor do dia a uma taxa média ponderada (TMP) de 7,1990 pct contra 7,2327 pct na anterior sessão. </p>
<p> No mercado de futuros sobre a Lisbor a três meses fizeram-se 12 MC com 120 contratos, contra 26 MC na sessão anterior. </p>
<p> - Lisboa Editorial, 351-1-315.00.35. </p>
<p> (c) Reuters Limited 1996. </p></text>
<copyright>(c) Reuters Limited 1996</copyright>
<metadata>
<codes class="bip:countries:1.0">
<code code="BzhJHhFsxB">
<editdetail action="confirmed" attribution="Reuters BIP Coding Group" date="1996-09-20"></editdetail></code>
<code code="ZDGqoZWQBc">
<editdetail action="confirmed" attribution="Reuters BIP Coding Group" date="1996-09-20"></editdetail></code>
<code code="QmUdDnghKM">
<editdetail action="confirmed" attribution="Reuters BIP Coding Group" date="1996-09-20"></editdetail></code></codes>
<codes class="bip:topics:1.0">
<code code="GklrMBghDS">
<editdetail action="confirmed" attribution="Reuters BIP Coding Group" date="1996-09-20"></editdetail></code>
<code code="KJhcaUkuGy">
<editdetail action="confirmed" attribution="Reuters BIP Coding Group" date="1996-09-20"></editdetail></code>
<code code="hjngIoMPkq">
<editdetail action="confirmed" attribution="Reuters BIP Coding Group" date="1996-09-20"></editdetail></code></codes>
<dc element="dc.publisher" value="Reuters Holdings Plc"></dc>
<dc element="dc.datepublished" value="1996-09-20"></dc>
<dc element="dc.source" value="Reuters - Notícias em Português"></dc>
<dc element="dc.creator.location" value=""></dc>
<dc element="dc.creator.location.country.name" value=""></dc></metadata></newsitem>