<?xml version="1.0" encoding="UTF-8"?>

<newsitem date="1996-09-20" id="root" itemid="49108" xml:lang="pt">
<title></title>
<headline> ACÇÕES PREVÊEM-SE SUPORTADAS E FRACA VOLATILIDADE. </headline>
<byline></byline>
<dateline></dateline>
<text>
<p> As acções do Contínuo deverão hoje manter-se relativamente suportados em leve alta, mas a negociar com a generalidade dos títulos com fraca volatilidade, prevendo-se que o interesse se mantenha concentrado em Cimpor, PT, Banco Chemical cujo período da OPA decorre de 23 de Setembro a 22 de Outubro, disseram dealers. *OPA sobre Banco Chemical a 1.650 escudos por acção *PT cai Nova Iorque 0,125 dólares para 26,75 (4.131 esc) *Dólar 154,45 escudos contra 153,960 fixing ontem BP *BP cede até 30 MC, 6 dias, em leilão e absorve a 6,8 pct. </p>
<p> - Lisboa Editorial, 351-1-3150035. (c) Reuters Limited 1996. </p></text>
<copyright>(c) Reuters Limited 1996</copyright>
<metadata>
<codes class="bip:countries:1.0">
<code code="OjotYQtOPC">
<editdetail action="confirmed" attribution="Reuters BIP Coding Group" date="1996-09-20"></editdetail></code>
<code code="IYMJNSYfWj">
<editdetail action="confirmed" attribution="Reuters BIP Coding Group" date="1996-09-20"></editdetail></code>
<code code="JoOKSBXEwu">
<editdetail action="confirmed" attribution="Reuters BIP Coding Group" date="1996-09-20"></editdetail></code></codes>
<codes class="bip:topics:1.0">
<code code="LZgaKfCOTj">
<editdetail action="confirmed" attribution="Reuters BIP Coding Group" date="1996-09-20"></editdetail></code>
<code code="qtDtQMLlru">
<editdetail action="confirmed" attribution="Reuters BIP Coding Group" date="1996-09-20"></editdetail></code></codes>
<dc element="dc.publisher" value="Reuters Holdings Plc"></dc>
<dc element="dc.datepublished" value="1996-09-20"></dc>
<dc element="dc.source" value="Reuters - Notícias em Português"></dc>
<dc element="dc.creator.location" value=""></dc>
<dc element="dc.creator.location.country.name" value=""></dc></metadata></newsitem>