<?xml version="1.0" encoding="UTF-8"?>

<newsitem date="1996-09-10" id="root" itemid="48799" xml:lang="pt">
<title></title>
<headline> MONETÁRIO FECHA CALMO, CRESCE EXPECTATIVA CORTE BP. </headline>
<byline></byline>
<dateline></dateline>
<text>
<p> O mercado monetário do escudo fechou calmo e com as taxas estabilizadas aos níveis da abertura, enquanto cresce a expectativa sobre a eventualidade do Banco de Portugal (BP) proceder a um corte na repo, embora não amanhã. * o/n e tom/next em 6,8/6,9 pct vs 6,8/6,95 pct na abertura * Prazo 30 dias em 7,18/7,23 pct vs 7,17/7,23 pct abertura * BP absorve 18,558 MC, 2 dias, a 6,8 pct * BP divulga amanhã condições cedência próximo período * Leilão amanhã 15 MC BT a 182 dias </p></text>
<copyright>(c) Reuters Limited 1996</copyright>
<metadata>
<codes class="bip:countries:1.0">
<code code="jXmNIwsbyE">
<editdetail action="confirmed" attribution="Reuters BIP Coding Group" date="1996-09-10"></editdetail></code>
<code code="WpzsQUWKCX">
<editdetail action="confirmed" attribution="Reuters BIP Coding Group" date="1996-09-10"></editdetail></code>
<code code="QIJmQwYwok">
<editdetail action="confirmed" attribution="Reuters BIP Coding Group" date="1996-09-10"></editdetail></code></codes>
<codes class="bip:topics:1.0">
<code code="cdlFlVHcop">
<editdetail action="confirmed" attribution="Reuters BIP Coding Group" date="1996-09-10"></editdetail></code>
<code code="kkjXQPKYlK">
<editdetail action="confirmed" attribution="Reuters BIP Coding Group" date="1996-09-10"></editdetail></code></codes>
<dc element="dc.publisher" value="Reuters Holdings Plc"></dc>
<dc element="dc.datepublished" value="1996-09-10"></dc>
<dc element="dc.source" value="Reuters - Notícias em Português"></dc>
<dc element="dc.creator.location" value=""></dc>
<dc element="dc.creator.location.country.name" value=""></dc></metadata></newsitem>