<?xml version="1.0" encoding="UTF-8"?>

<newsitem date="1996-10-09" id="root" itemid="49624" xml:lang="pt">
<title></title>
<headline> MMI TRANSACCIONA 207,918 MC, FUTUROS FAZEM 36 MC. </headline>
<byline></byline>
<dateline></dateline>
<text>
<p> LISBOA, 9 Out (Reuter) - O Mercado Monetário Interbancário (MMI) movimentou hoje 207,918 milhões de contos (MC) com 95 negócios nas operações com data-valor do próprio dia, a um e a dois dias, informou o Banco de Portugal. </p>
<p> O overnight (o/n) movimentou 69,951 MC com operações com data-valor do dia a uma taxa média ponderada (TMP) de 7,0708 pct contra 7,0496 pct na sessão anterior. </p>
<p> No mercado de futuros sobre a Lisbor a três meses fizeram-se 360 contratos no montante de 36 MC, contra 14,5 MC na anterior sessão. </p>
<p> - Lisboa Editorial, 351-1-315.00.35. </p>
<p> (c) Reuters Limited 1996. </p></text>
<copyright>(c) Reuters Limited 1996</copyright>
<metadata>
<codes class="bip:countries:1.0">
<code code="NXkVJdhOPX">
<editdetail action="confirmed" attribution="Reuters BIP Coding Group" date="1996-10-09"></editdetail></code>
<code code="cWzQmrPxYb">
<editdetail action="confirmed" attribution="Reuters BIP Coding Group" date="1996-10-09"></editdetail></code>
<code code="UfNpCgnnOM">
<editdetail action="confirmed" attribution="Reuters BIP Coding Group" date="1996-10-09"></editdetail></code></codes>
<codes class="bip:topics:1.0">
<code code="kUxYTQTamw">
<editdetail action="confirmed" attribution="Reuters BIP Coding Group" date="1996-10-09"></editdetail></code>
<code code="OOOLHKLBhR">
<editdetail action="confirmed" attribution="Reuters BIP Coding Group" date="1996-10-09"></editdetail></code>
<code code="yvkgRShxfq">
<editdetail action="confirmed" attribution="Reuters BIP Coding Group" date="1996-10-09"></editdetail></code></codes>
<dc element="dc.publisher" value="Reuters Holdings Plc"></dc>
<dc element="dc.datepublished" value="1996-10-09"></dc>
<dc element="dc.source" value="Reuters - Notícias em Português"></dc>
<dc element="dc.creator.location" value=""></dc>
<dc element="dc.creator.location.country.name" value=""></dc></metadata></newsitem>