<?xml version="1.0" encoding="UTF-8"?>

<newsitem date="1996-10-15" id="root" itemid="49791" xml:lang="pt">
<title></title>
<headline> ACÇÕES SEGUEM A RECUPERAR DOS MÍNIMOS, PODEM SUBIR. </headline>
<byline></byline>
<dateline></dateline>
<text>
<p> As acções do Contínuo seguiam a recuperar dos mínimos do dia, sendo provável que o índice feche a sessão em alta ligeira, destacando-se a Cimpor, animada com os resultados da segunda fase de privatização, e a Portugal Telecom (PT), devido à força das praças internacionais. *Índice PSI-20 (.PSI20)cai 0,05 pct para 4.788,95 pontos *Cimpor cai 13 escudos para 3.265. Negociadas 373.547 *PT sobe 5 escudos para 4.095. Negociadas 141.259 *PT cai em Nova Iorque para 26,1/4 dólares vs 26,3/8 dlr *Futuro PSI-20 Out/96 (PSI20V6)sobe p/ 4.806 vs 4.803 ontem (c) Reuters Limited 1996. </p></text>
<copyright>(c) Reuters Limited 1996</copyright>
<metadata>
<codes class="bip:countries:1.0">
<code code="TkWJtKDWon">
<editdetail action="confirmed" attribution="Reuters BIP Coding Group" date="1996-10-15"></editdetail></code>
<code code="KIibaalnsU">
<editdetail action="confirmed" attribution="Reuters BIP Coding Group" date="1996-10-15"></editdetail></code>
<code code="GkjcqKzOWL">
<editdetail action="confirmed" attribution="Reuters BIP Coding Group" date="1996-10-15"></editdetail></code></codes>
<codes class="bip:topics:1.0">
<code code="MMnkFOVwFk">
<editdetail action="confirmed" attribution="Reuters BIP Coding Group" date="1996-10-15"></editdetail></code>
<code code="MFUvdkTNcm">
<editdetail action="confirmed" attribution="Reuters BIP Coding Group" date="1996-10-15"></editdetail></code></codes>
<dc element="dc.publisher" value="Reuters Holdings Plc"></dc>
<dc element="dc.datepublished" value="1996-10-15"></dc>
<dc element="dc.source" value="Reuters - Notícias em Português"></dc>
<dc element="dc.creator.location" value=""></dc>
<dc element="dc.creator.location.country.name" value=""></dc></metadata></newsitem>