<?xml version="1.0" encoding="UTF-8"?>

<newsitem date="1996-10-31" id="root" itemid="50213" xml:lang="pt">
<title></title>
<headline> BP DEVE ESCOLHER MOMENTO CORTE TAXAS. </headline>
<byline></byline>
<dateline></dateline>
<text>
<p> Por Sérgio Gonçalves LISBOA, 31 Out (Reuter) - O Banco de Portugal (BP) tem espaço para descer as sua taxas directoras, mas compete estritamente ao banco central fazer a avaliação do momento oportuno para tal, disse João Costa Pinto, ex-vice-governador. </p>
<p> &quot;Em tese, olhando para as diferentes variáveis e até para as taxas directoras de outros bancos centrais, penso que existe margem para que haja alguma redução (das taxas do BP)&quot;, disse, em entrevista à Reuters, o ex-vice-governador do BP. </p>
<p> &quot;Penso, no entanto, que deve competir ao BP estritamente fazer a avaliação de quando, em que momento, é que deve utilizar essa margem. E por isso não me pronuncio sobre isso&quot;, adiantou. </p>
<p> &quot;A minha experiência de técnico, director e vice-governador do BP, ao longo de muitos anos, ensinou-me que em relação às taxas de juro quanto menos se fala nelas, mais favorável é a evolução&quot;, lembrou. </p>
<p> &quot;O BP tem vindo a adoptar, desde há alguns anos, uma atitude de grande prudência em matéria de política de taxas de juro&quot;, disse. </p>
<p> &quot;E esse comportamento de extrema prudência, depois de períodos em que o BP foi duramente testado pelos mercados, ganhou-lhe, não tenho dúvida nenhuma, credibilidade junto dos mercados nacional e internacionais&quot;, frisou. </p>
<p> &quot;A actuação, neste momento, do BP corresponde a esses padrões de prudência&quot;, disse. </p>
<p> Costa Pinto adiantou que &quot;se, há um ano, me tivessem perguntado qual seria a evolução, ao longo de 1996, do diferencial de taxas de juro de longo-prazo entre Portugal e a Alemanha, eu nunca acreditaria no cenário que temos. </p>
<p> Os spreads entre as yields das OT e dos Bunds a 10 anos está em redor dos 150 basis points (bp) contra cerca de 400 bp no início do ano. </p>
<p> &quot;Essa convergência resulta da circunstância de os mercados se terem convencido que o processo de criação da União Monetária é para valer e vai para diante e com Portugal&quot;, adiantou. </p>
<p> &quot;A manter-se um clima favorável e optimista relativamente ao lançamento da Moeda Única nos prazos estabelecidos no Tratado, a tendência será de uma consolidação desta evolução até ao momento em que estabilizará&quot;, vaticinou. </p>
<p> &quot;Penso que estaremos próximos desses níveis e que melhorias qualitativas, relativamente à situação actual, só serão de esperar a partir do anúncio definitivo do núcleo central de economias que participarão (na Moeda Única)&quot;, referiu. </p>
<p> &quot;Penso que veremos, com algumas oscilações, mais um movimento de consolidação dos ganhos conseguidos&quot;, concluiu. </p>
<p> - Lisboa Editorial, 351-1-3150035. </p>
<p> (c) Reuters Limited 1996. </p></text>
<copyright>(c) Reuters Limited 1996</copyright>
<metadata>
<codes class="bip:countries:1.0">
<code code="tZgnyElcGe">
<editdetail action="confirmed" attribution="Reuters BIP Coding Group" date="1996-10-31"></editdetail></code>
<code code="OsGxeOjvch">
<editdetail action="confirmed" attribution="Reuters BIP Coding Group" date="1996-10-31"></editdetail></code>
<code code="dvkBahZdnM">
<editdetail action="confirmed" attribution="Reuters BIP Coding Group" date="1996-10-31"></editdetail></code></codes>
<codes class="bip:topics:1.0">
<code code="IeLCdEmejj">
<editdetail action="confirmed" attribution="Reuters BIP Coding Group" date="1996-10-31"></editdetail></code>
<code code="nCORECskut">
<editdetail action="confirmed" attribution="Reuters BIP Coding Group" date="1996-10-31"></editdetail></code></codes>
<dc element="dc.publisher" value="Reuters Holdings Plc"></dc>
<dc element="dc.datepublished" value="1996-10-31"></dc>
<dc element="dc.source" value="Reuters - Notícias em Português"></dc>
<dc element="dc.creator.location" value=""></dc>
<dc element="dc.creator.location.country.name" value=""></dc></metadata></newsitem>