<?xml version="1.0" encoding="UTF-8"?>

<newsitem date="1996-10-02" id="root" itemid="49439" xml:lang="pt">
<title></title>
<headline> FRENTE COMUM DIZ EXIGE AUMENTO SALARIAL 7 PCT EM 97. </headline>
<byline></byline>
<dateline></dateline>
<text>
<p> LISBOA, 2 Out (Reuter) - A Frente Comum de Sindicatos da Função Pública exige um aumento salarial de sete pct para a Função Pública (FP) em 1997, disse o presidente Carlos Mamede, após a sétima Cimeira de Sindicatos da organização. </p>
<p> &quot;Exigimos um aumento salarial de sete pct para 1997&quot;, disse, em conferência de imprensa, Carlos Mamede. </p>
<p> Carlos Mamede fundamentou esta exigência lembrando que &quot;nos últimos cinco anos, o poder de compra dos trabalhadores da FP caiu 4,6 pct&quot; e que &quot;o salário médio da FP se distanciou cerca de sete pct dos salários contratuais do sector privado&quot;. </p>
<p> Adiantou que há que &quot;irradicar a diferença escandalosa entre o salário mínimo da FP (índice 100) e o salário mínimo nacional que é de 4,5 pct a menos&quot;. </p>
<p> O salário mínimo da FP situa-se actualmente em 52.252 escudos contra 54.600 escudos de mínimo legal do salário mínimo nacional. </p>
<p> A Frente Comum, nesta Cimeira, analisou também as propostas do mais recente relatório do Fundo Monetário Internacional (FMI) que defende, entre outras medidas, o congelamento dos salários da FP e o despedimento de funcionários públicos. </p>
<p> &quot;Foi feita uma avaliação deste relatório e concluído que não fazem sentido os concelhos do FMI que evidenciam falta de rigor técnico e desconhecimento da realidade&quot;, referiu Carlos Mamede. </p>
<p> &quot;Não faz sentido congelar os salários da FP, a não ser que se coloquem os salários nacionais ao nível dos da média da União Europeia (UE)&quot;, concluiu o presidente da Frente Comum. </p>
<p> - Fernanda Pragana, Lisboa Editorial, 351-1-3150035. </p>
<p> (c) Reuters Limited 1996. </p></text>
<copyright>(c) Reuters Limited 1996</copyright>
<metadata>
<codes class="bip:countries:1.0">
<code code="yKfkiJhACq">
<editdetail action="confirmed" attribution="Reuters BIP Coding Group" date="1996-10-02"></editdetail></code>
<code code="IicSzyFuyz">
<editdetail action="confirmed" attribution="Reuters BIP Coding Group" date="1996-10-02"></editdetail></code>
<code code="wYVySQxFtr">
<editdetail action="confirmed" attribution="Reuters BIP Coding Group" date="1996-10-02"></editdetail></code></codes>
<codes class="bip:topics:1.0">
<code code="XHKbtdURFN">
<editdetail action="confirmed" attribution="Reuters BIP Coding Group" date="1996-10-02"></editdetail></code>
<code code="ErutIiFWPl">
<editdetail action="confirmed" attribution="Reuters BIP Coding Group" date="1996-10-02"></editdetail></code></codes>
<dc element="dc.publisher" value="Reuters Holdings Plc"></dc>
<dc element="dc.datepublished" value="1996-10-02"></dc>
<dc element="dc.source" value="Reuters - Notícias em Português"></dc>
<dc element="dc.creator.location" value=""></dc>
<dc element="dc.creator.location.country.name" value=""></dc></metadata></newsitem>