<?xml version="1.0" encoding="UTF-8"?>

<newsitem date="1996-09-13" id="root" itemid="48908" xml:lang="pt">
<title></title>
<headline> MMI TRANSACCIONA 151,290 MC, FUTUROS FAZEM 15,5 MC. </headline>
<byline></byline>
<dateline></dateline>
<text>
<p> LISBOA, 13 Set (Reuter) - O Mercado Monetário Interbancário (MMI) movimentou hoje 151,290 milhões de contos (MC) com 110 negócios nas operações com data-valor do próprio dia, a um e a dois dias, informou o Banco de Portugal. </p>
<p> O overnight (o/n) movimentou 93,385 MC com operações com data-valor do dia a uma taxa média ponderada (TMP) de 7,1885 pct contra 7,2160 pct na anterior sessão. </p>
<p> No mercado de futuros sobre a Lisbor a três meses fizeram-se 15,5 MC com 155 contratos, contra 14,4 MC na sessão anterior. </p>
<p> - Lisboa Editorial, 351-1-315.00.35. </p>
<p> (c) Reuters Limited 1996. </p></text>
<copyright>(c) Reuters Limited 1996</copyright>
<metadata>
<codes class="bip:countries:1.0">
<code code="LIEPIdjeCO">
<editdetail action="confirmed" attribution="Reuters BIP Coding Group" date="1996-09-13"></editdetail></code>
<code code="dmXeaJvGRU">
<editdetail action="confirmed" attribution="Reuters BIP Coding Group" date="1996-09-13"></editdetail></code>
<code code="yusAcPugsf">
<editdetail action="confirmed" attribution="Reuters BIP Coding Group" date="1996-09-13"></editdetail></code></codes>
<codes class="bip:topics:1.0">
<code code="UWbBORZGmJ">
<editdetail action="confirmed" attribution="Reuters BIP Coding Group" date="1996-09-13"></editdetail></code>
<code code="eAFXZZEzFM">
<editdetail action="confirmed" attribution="Reuters BIP Coding Group" date="1996-09-13"></editdetail></code>
<code code="mnoaNYEfoZ">
<editdetail action="confirmed" attribution="Reuters BIP Coding Group" date="1996-09-13"></editdetail></code></codes>
<dc element="dc.publisher" value="Reuters Holdings Plc"></dc>
<dc element="dc.datepublished" value="1996-09-13"></dc>
<dc element="dc.source" value="Reuters - Notícias em Português"></dc>
<dc element="dc.creator.location" value=""></dc>
<dc element="dc.creator.location.country.name" value=""></dc></metadata></newsitem>