<?xml version="1.0" encoding="UTF-8"?>

<newsitem date="1996-10-08" id="root" itemid="49572" xml:lang="pt">
<title></title>
<headline> ACÇÕES ABREM POUCO LÍQUIDAS,PREÇOS SUSTENTADOS ALTA. </headline>
<byline></byline>
<dateline></dateline>
<text>
<p>  As acções do Contínuo abriram pouco líquidas e os preços sustentados em alta ligeira, mas mantendo-se o interesse dos investidores distribuido por papéis menos líquidos. Alguma atenção para a PI e BTA, este último a repôr preços mais favoráveis que anteriormente. Futuros sobre o PSI20 corrigem ligeiramente. *Índice PSI-20 cai 0,12 pct para 4.779,36 pontos *Portucel estavel nos 1.000 escudos. Negociadas 124.800 *Lisnave sobe 6 escudos para 428. Negociadas 114.856 *Futuro PSI-20 Out/96 cai p/ 4.815 vs 4.824 ontem (c) Reuters Limited 1996. </p></text>
<copyright>(c) Reuters Limited 1996</copyright>
<metadata>
<codes class="bip:countries:1.0">
<code code="OlCGJcHSLu">
<editdetail action="confirmed" attribution="Reuters BIP Coding Group" date="1996-10-08"></editdetail></code>
<code code="bvdJghvQoF">
<editdetail action="confirmed" attribution="Reuters BIP Coding Group" date="1996-10-08"></editdetail></code>
<code code="dQLIsfVupY">
<editdetail action="confirmed" attribution="Reuters BIP Coding Group" date="1996-10-08"></editdetail></code></codes>
<codes class="bip:topics:1.0">
<code code="MHsXdtsXGG">
<editdetail action="confirmed" attribution="Reuters BIP Coding Group" date="1996-10-08"></editdetail></code>
<code code="HbEOifrrIg">
<editdetail action="confirmed" attribution="Reuters BIP Coding Group" date="1996-10-08"></editdetail></code></codes>
<dc element="dc.publisher" value="Reuters Holdings Plc"></dc>
<dc element="dc.datepublished" value="1996-10-08"></dc>
<dc element="dc.source" value="Reuters - Notícias em Português"></dc>
<dc element="dc.creator.location" value=""></dc>
<dc element="dc.creator.location.country.name" value=""></dc></metadata></newsitem>