<?xml version="1.0" encoding="UTF-8"?>

<newsitem date="1996-10-09" id="root" itemid="49599" xml:lang="pt">
<title></title>
<headline> BP CED 13,5 MC A 5 DIAS, MANTÉM TMP 7,10 PCT. </headline>
<byline></byline>
<dateline></dateline>
<text>
<p> LISBOA, 9 Set (Reuter) - O Banco de Portugal (BP) cedeu hoje 13,5 milhões de contos (MC) de liquidez contra a recompra de bilhetes do Tesouro, Títulos de Depósito e obrigações do Tesouro (BT/TD/OT) a cinco dias à taxa média ponderada (TMP) de 7,10 pct, anunciou a instituição. </p>
<p> O montante máximo proposto tinha sido de 80 MC. </p>
<p> Na anterior cedência, a TMP saiu a 7,10 pct. </p>
<p> O BP propôs absorver fundos do mercado contra Títulos de Regularização Monetária (TRM) a cinco dias à taxa fixa de 6,80 pct, com entrega de propostas até às 1500 horas locais. </p>
<p> A entrega de propostas para a cedência de emergência decorre também até às 1500 horas locais. </p>
<p> - Lisboa Editorial, 351.1.315-00-35. </p>
<p> (c) Reuters Limited 1996. </p></text>
<copyright>(c) Reuters Limited 1996</copyright>
<metadata>
<codes class="bip:countries:1.0">
<code code="jPvpzSylfp">
<editdetail action="confirmed" attribution="Reuters BIP Coding Group" date="1996-10-09"></editdetail></code>
<code code="rmUeyPfkZq">
<editdetail action="confirmed" attribution="Reuters BIP Coding Group" date="1996-10-09"></editdetail></code>
<code code="UdRJZfTSaD">
<editdetail action="confirmed" attribution="Reuters BIP Coding Group" date="1996-10-09"></editdetail></code></codes>
<codes class="bip:topics:1.0">
<code code="krNuCzfevV">
<editdetail action="confirmed" attribution="Reuters BIP Coding Group" date="1996-10-09"></editdetail></code>
<code code="LBDkZKkfAc">
<editdetail action="confirmed" attribution="Reuters BIP Coding Group" date="1996-10-09"></editdetail></code></codes>
<dc element="dc.publisher" value="Reuters Holdings Plc"></dc>
<dc element="dc.datepublished" value="1996-10-09"></dc>
<dc element="dc.source" value="Reuters - Notícias em Português"></dc>
<dc element="dc.creator.location" value=""></dc>
<dc element="dc.creator.location.country.name" value=""></dc></metadata></newsitem>