<?xml version="1.0" encoding="UTF-8"?>

<newsitem date="1996-09-04" id="root" itemid="48649" xml:lang="pt">
<title></title>
<headline> ACÇÕES SEGUEM EM ALTA COM ENGIL, PT LIDERAR VOLUME. </headline>
<byline></byline>
<dateline></dateline>
<text>
<p> LISBOA, 4 Set (Reuter) - As acções do Contínuo seguiam em alta e com o mercado concentrado em Portugal Telecom (PT) e especialmente em Engil, qualquer uma delas suportadas pela perspectiva de bons resultados no primeiro semestre. </p>
<p> &quot;O mercado está concentrado em Engil e também na PT, ambas suportadas pela perspectiva de bons resultados semestrais, e em cima dos máximos da sessão&quot;, disse um operador. </p>
<p> A curiosidade da sessão está, agora, em saber se tanto a PT, como a Engil e mesmo a Cimpor, vão conseguir quebrar os máximos da sessão, obtidos durante a manhã. </p>
<p> Fizeram-se 223.298 acções da PT a subirem 65 escudos para 4.135 escudos, máximo da sessão e 131.120 acções da Cimpor a ganharem 31 escudos para 3.481, com o máximo da sessão a ser feito nos 3.490. </p>
<p> José Barata, Lisboa Editorial, 351-1-3150035.(c) Reuters Limited 1996. </p></text>
<copyright>(c) Reuters Limited 1996</copyright>
<metadata>
<codes class="bip:countries:1.0">
<code code="omqEqmsawe">
<editdetail action="confirmed" attribution="Reuters BIP Coding Group" date="1996-09-04"></editdetail></code>
<code code="NZQUFNZWbY">
<editdetail action="confirmed" attribution="Reuters BIP Coding Group" date="1996-09-04"></editdetail></code>
<code code="kIWEpGWCbz">
<editdetail action="confirmed" attribution="Reuters BIP Coding Group" date="1996-09-04"></editdetail></code></codes>
<codes class="bip:topics:1.0">
<code code="BdvCkLqTsQ">
<editdetail action="confirmed" attribution="Reuters BIP Coding Group" date="1996-09-04"></editdetail></code>
<code code="PjtDxgPCiY">
<editdetail action="confirmed" attribution="Reuters BIP Coding Group" date="1996-09-04"></editdetail></code></codes>
<dc element="dc.publisher" value="Reuters Holdings Plc"></dc>
<dc element="dc.datepublished" value="1996-09-04"></dc>
<dc element="dc.source" value="Reuters - Notícias em Português"></dc>
<dc element="dc.creator.location" value=""></dc>
<dc element="dc.creator.location.country.name" value=""></dc></metadata></newsitem>