<?xml version="1.0" encoding="UTF-8"?>

<newsitem date="1996-09-13" id="root" itemid="48889" xml:lang="pt">
<title></title>
<headline> ÍNDICE PSI20 CAI 0,15 PCT PARA 4.756,20 PONTOS. </headline>
<byline></byline>
<dateline></dateline>
<text>
<p> *Índice PSI20 cai 0,15 pct para 4.756,20 pontos *Lisnave sobe 6 escudos para 339. Negociadas 14.300 *PI cai 1 escudo para 1.036. Negociadas 2.000 *Cimpor sobe 20 escudos para 3.390. Negociadas 4.900 *M.Confiança cai 6 escudos para 1.261, com 1.500 *ITI sobe 90 escudos para 2.020. Negociadas 1.000. </p>
<p> - Paula Cordeiro, Lisboa Editorial, 351-1-3150035. (c) Reuters Limited 1996. </p></text>
<copyright>(c) Reuters Limited 1996</copyright>
<metadata>
<codes class="bip:countries:1.0">
<code code="hDLfeGkBTI">
<editdetail action="confirmed" attribution="Reuters BIP Coding Group" date="1996-09-13"></editdetail></code>
<code code="jLuzDPhKkO">
<editdetail action="confirmed" attribution="Reuters BIP Coding Group" date="1996-09-13"></editdetail></code>
<code code="YkiILOXYNI">
<editdetail action="confirmed" attribution="Reuters BIP Coding Group" date="1996-09-13"></editdetail></code></codes>
<codes class="bip:topics:1.0">
<code code="EkVfXehQLU">
<editdetail action="confirmed" attribution="Reuters BIP Coding Group" date="1996-09-13"></editdetail></code>
<code code="jcDsFOXHSi">
<editdetail action="confirmed" attribution="Reuters BIP Coding Group" date="1996-09-13"></editdetail></code></codes>
<dc element="dc.publisher" value="Reuters Holdings Plc"></dc>
<dc element="dc.datepublished" value="1996-09-13"></dc>
<dc element="dc.source" value="Reuters - Notícias em Português"></dc>
<dc element="dc.creator.location" value=""></dc>
<dc element="dc.creator.location.country.name" value=""></dc></metadata></newsitem>