<?xml version="1.0" encoding="UTF-8"?>

<newsitem date="1996-10-01" id="root" itemid="49398" xml:lang="pt">
<title></title>
<headline> ESCUDO FECHA GANHAR VS MARCO, PODE APRECIAR MAIS. </headline>
<byline></byline>
<dateline></dateline>
<text>
<p> O escudo fechou a fortalecer-se contra o marco, movimento que poderá continuar, uma vez que continuam a detectar-se posições longas de marcos, enquanto outros dealers referem a existência de stop-loss. </p>
<p> *Escudo 101,54/57 por marco contra 101,72/74 na abertura </p>
<p> *Escudo oscilou entre 101,54 e 101,75 por marco </p>
<p> *Peseta 84,15/17 por marco contra 84,20/22 na abertura </p>
<p> *Dólar 1,5246/56 marcos vs 1,5238/40 na abertura Europa </p>
<p> *PSD diz viabiliza OE97 para evitar crise política </p>
<p> *Leilão amanhã 20 MC de BT 91 dias, anterior rateio 7 pct </p>
<p>     ----José Barata, Lisboa Editorial, 351.1.3113121. </p>
<p> (c) Reuters Limited 1996. </p></text>
<copyright>(c) Reuters Limited 1996</copyright>
<metadata>
<codes class="bip:countries:1.0">
<code code="NCgvoAyWUO">
<editdetail action="confirmed" attribution="Reuters BIP Coding Group" date="1996-10-01"></editdetail></code>
<code code="vjxJlPvroL">
<editdetail action="confirmed" attribution="Reuters BIP Coding Group" date="1996-10-01"></editdetail></code>
<code code="DvnJIheInU">
<editdetail action="confirmed" attribution="Reuters BIP Coding Group" date="1996-10-01"></editdetail></code></codes>
<codes class="bip:topics:1.0">
<code code="fTQQFYxGsT">
<editdetail action="confirmed" attribution="Reuters BIP Coding Group" date="1996-10-01"></editdetail></code>
<code code="jAdiZlhlaL">
<editdetail action="confirmed" attribution="Reuters BIP Coding Group" date="1996-10-01"></editdetail></code>
<code code="chSaxUFepr">
<editdetail action="confirmed" attribution="Reuters BIP Coding Group" date="1996-10-01"></editdetail></code></codes>
<dc element="dc.publisher" value="Reuters Holdings Plc"></dc>
<dc element="dc.datepublished" value="1996-10-01"></dc>
<dc element="dc.source" value="Reuters - Notícias em Português"></dc>
<dc element="dc.creator.location" value=""></dc>
<dc element="dc.creator.location.country.name" value=""></dc></metadata></newsitem>