<?xml version="1.0" encoding="UTF-8"?>

<newsitem date="1996-10-17" id="root" itemid="49867" xml:lang="pt">
<title></title>
<headline> RESERVAS OFICIAIS CAEM 74 MD PARA 21.813 MD. </headline>
<byline></byline>
<dateline></dateline>
<text>
<p> LISBOA, 17 Out (Reuter) - As reservas oficiais líquidas do Banco de Portugal (BP) caíram em Setembro 74 milhões de dólares (MD) (11,4 milhões de contos (MC)) para 21.813 MD (3.388,3 MC), anunciou o Banco de Portugal (BP), na conjuntura de Setembro. </p>
<p> No período de Janeiro a Setembro de 1996, as reservas oficiais líquidas, excluindo flutuações cambiais, registaram um aumento de 766 MD (118,3 MC). </p>
<p> Durante o mês de Setembro, o escudo manteve-se virtualmente estável em termos médios efectivos (depreciaçâo de 0,1 pct), tendo-se apreciado em 0,5 pct face ao marco alemão.. </p>
<p> - Lisboa Editorial, 351-1-315.00.35. </p>
<p> (c) Reuters Limited 1996. </p></text>
<copyright>(c) Reuters Limited 1996</copyright>
<metadata>
<codes class="bip:countries:1.0">
<code code="aiUecpoOYz">
<editdetail action="confirmed" attribution="Reuters BIP Coding Group" date="1996-10-17"></editdetail></code>
<code code="LPnizPfLrp">
<editdetail action="confirmed" attribution="Reuters BIP Coding Group" date="1996-10-17"></editdetail></code>
<code code="LsbqPFKLsB">
<editdetail action="confirmed" attribution="Reuters BIP Coding Group" date="1996-10-17"></editdetail></code></codes>
<codes class="bip:topics:1.0">
<code code="iuvHTapBut">
<editdetail action="confirmed" attribution="Reuters BIP Coding Group" date="1996-10-17"></editdetail></code>
<code code="WLPuLlKUSw">
<editdetail action="confirmed" attribution="Reuters BIP Coding Group" date="1996-10-17"></editdetail></code>
<code code="wTplFkZEuM">
<editdetail action="confirmed" attribution="Reuters BIP Coding Group" date="1996-10-17"></editdetail></code>
<code code="mIkrrMLDLu">
<editdetail action="confirmed" attribution="Reuters BIP Coding Group" date="1996-10-17"></editdetail></code></codes>
<dc element="dc.publisher" value="Reuters Holdings Plc"></dc>
<dc element="dc.datepublished" value="1996-10-17"></dc>
<dc element="dc.source" value="Reuters - Notícias em Português"></dc>
<dc element="dc.creator.location" value=""></dc>
<dc element="dc.creator.location.country.name" value=""></dc></metadata></newsitem>