<?xml version="1.0" encoding="UTF-8"?>

<newsitem date="1996-10-08" id="root" itemid="49585" xml:lang="pt">
<title></title>
<headline> ACÇÕES FECHAM MISTAS, DESTAQUE ENGIL, PI E BTA. </headline>
<byline></byline>
<dateline></dateline>
<text>
<p> As acções do Contínuo fecharam mistas e a liquidez no cash a somar 4,1 milhões de contos (MC), com a Engil-SGPS, PI e BTA a representarem 30 pct dos negócios. Operadores afirmaram que a tendência se deve manter idêntica à de hoje, mas o mercado só tem o caminho da subida. Futuros sobre o PSI20 caem e estreitam spread para o valor teórico. *Índice PSI-20 cai 0,14 pct para 4.778,57 pontos *Engil-SGPS sobe 3 esc para 1.568. Negociadas 254.446 *PI cai um escudo para 999. Negociadas 238.620 *BTA sobe 10 escudos para 2.760. Negociadas 203.750 *Futuro PSI-20 Out/96 cai p/ 4.815 vs 4.824 ontem. </p></text>
<copyright>(c) Reuters Limited 1996</copyright>
<metadata>
<codes class="bip:countries:1.0">
<code code="FExHCLUZky">
<editdetail action="confirmed" attribution="Reuters BIP Coding Group" date="1996-10-08"></editdetail></code>
<code code="VXdHVVHIkv">
<editdetail action="confirmed" attribution="Reuters BIP Coding Group" date="1996-10-08"></editdetail></code>
<code code="SlSacFtubL">
<editdetail action="confirmed" attribution="Reuters BIP Coding Group" date="1996-10-08"></editdetail></code></codes>
<codes class="bip:topics:1.0">
<code code="RTeMCCuREv">
<editdetail action="confirmed" attribution="Reuters BIP Coding Group" date="1996-10-08"></editdetail></code>
<code code="agiAZaSECx">
<editdetail action="confirmed" attribution="Reuters BIP Coding Group" date="1996-10-08"></editdetail></code></codes>
<dc element="dc.publisher" value="Reuters Holdings Plc"></dc>
<dc element="dc.datepublished" value="1996-10-08"></dc>
<dc element="dc.source" value="Reuters - Notícias em Português"></dc>
<dc element="dc.creator.location" value=""></dc>
<dc element="dc.creator.location.country.name" value=""></dc></metadata></newsitem>