<?xml version="1.0" encoding="UTF-8"?>

<newsitem date="1996-10-17" id="root" itemid="49847" xml:lang="pt">
<title></title>
<headline> ESCUDO ABRE FORTE E COM VONTADE VOOS MAIS ALTOS. </headline>
<byline></byline>
<dateline></dateline>
<text>
<p> O escudo abriu forte, mas com interesses equilibrados entre os 100,80 e 100,85 por marco. Dealers dizem que, apesar deste equilíbrio, o escudo é para continuar forte e a testar novos máximos, não só porque o sentimento de optimismo quanto à moeda única se mantém, mas também porque as moedas europeias e o dólar estão a subir contra o marco. </p>
<p> *Escudo 100,79/82 por marco contra 100,77/82 na abertura </p>
<p> *Peseta 84,15/18 por marco contra 84,16/19 na abertura </p>
<p> *Dólar 1,5386/93 marcos vs 1,5372/77 no fecho Europa ontem </p>
<p> *Tesouro coloca 15 MC BT 364 dias, TMP cai para 6,5347 pct </p>
<p> (c) Reuters Limited 1996. </p></text>
<copyright>(c) Reuters Limited 1996</copyright>
<metadata>
<codes class="bip:countries:1.0">
<code code="bBUHVqrKiR">
<editdetail action="confirmed" attribution="Reuters BIP Coding Group" date="1996-10-17"></editdetail></code>
<code code="AgcHWolTmk">
<editdetail action="confirmed" attribution="Reuters BIP Coding Group" date="1996-10-17"></editdetail></code>
<code code="DqjDAmzKzj">
<editdetail action="confirmed" attribution="Reuters BIP Coding Group" date="1996-10-17"></editdetail></code></codes>
<codes class="bip:topics:1.0">
<code code="STLNmkXbGZ">
<editdetail action="confirmed" attribution="Reuters BIP Coding Group" date="1996-10-17"></editdetail></code>
<code code="paxIQdjmfI">
<editdetail action="confirmed" attribution="Reuters BIP Coding Group" date="1996-10-17"></editdetail></code>
<code code="FieFZFcjxB">
<editdetail action="confirmed" attribution="Reuters BIP Coding Group" date="1996-10-17"></editdetail></code></codes>
<dc element="dc.publisher" value="Reuters Holdings Plc"></dc>
<dc element="dc.datepublished" value="1996-10-17"></dc>
<dc element="dc.source" value="Reuters - Notícias em Português"></dc>
<dc element="dc.creator.location" value=""></dc>
<dc element="dc.creator.location.country.name" value=""></dc></metadata></newsitem>