<?xml version="1.0" encoding="UTF-8"?>

<newsitem date="1996-08-29" id="root" itemid="48511" xml:lang="pt">
<title></title>
<headline> ACÇÕES PREVÊEM-SE LINHA ONTEM, CENTRADA BFE E BPI. </headline>
<byline></byline>
<dateline></dateline>
<text>
<p> 0830 TMG - As acções do Contínuo prevêem-se em linha com a sessão de ontem, com a actividade centrada na PT, que fechou a subir em Nova Iorque, e nos três papéis ligados à reprivatização do BFE. O BPI e o BFE deverão manter-se estabilizados, respectivamente, nos 1.900 e 2.550 escudos, enquanto a Cimpor poderá testar níveis acima dos 3.420 escudos, disseram dealers. *PT fecha Nova Iorque subir 0,125 dólares para 26,625 *BP cede até 10 MC, 6 dias, em leilão e absorve a 6,8 pct *Tesouro coloca 15 MC BT 91 dias, TMP 7,0890 pct (7,0968) *Saída do PIB EUA, 2do trim, pedidos de emprego e M3 *Dólar 151,50 escudos contra 151,778 fixing BP de ontem. </p></text>
<copyright>(c) Reuters Limited 1996</copyright>
<metadata>
<codes class="bip:countries:1.0">
<code code="eWgNNZoLKC">
<editdetail action="confirmed" attribution="Reuters BIP Coding Group" date="1996-08-29"></editdetail></code>
<code code="hMQhFitrem">
<editdetail action="confirmed" attribution="Reuters BIP Coding Group" date="1996-08-29"></editdetail></code>
<code code="xusCfIIAJp">
<editdetail action="confirmed" attribution="Reuters BIP Coding Group" date="1996-08-29"></editdetail></code></codes>
<codes class="bip:topics:1.0">
<code code="JOPEGHYkfy">
<editdetail action="confirmed" attribution="Reuters BIP Coding Group" date="1996-08-29"></editdetail></code>
<code code="OmUtavoxPl">
<editdetail action="confirmed" attribution="Reuters BIP Coding Group" date="1996-08-29"></editdetail></code></codes>
<dc element="dc.publisher" value="Reuters Holdings Plc"></dc>
<dc element="dc.datepublished" value="1996-08-29"></dc>
<dc element="dc.source" value="Reuters - Notícias em Português"></dc>
<dc element="dc.creator.location" value=""></dc>
<dc element="dc.creator.location.country.name" value=""></dc></metadata></newsitem>