<?xml version="1.0" encoding="UTF-8"?>

<newsitem date="1996-10-11" id="root" itemid="49689" xml:lang="pt">
<title></title>
<headline> ACÇÕES ABREM MISTAS, MERCADO ESPERA PPI NOS EUA. </headline>
<byline></byline>
<dateline></dateline>
<text>
<p> LISBOA, 11 Out (Reuter) - As acções do Contínuo abriram mistas e a liquidez a somar 900.000 contos com dealers a preverem poucas oscilações das cotações até à divulgação do PPI nos EUA às 1230 TMG. </p>
<p> &quot;O mercado está calmo e à espera do Producer Price Index (PPI) nos EUA para ver que repercussões terá nos mercados de capitais&quot;, afirmou um dealer. </p>
<p> &quot;Não acredita que haja novidades, mas pelo menos o efeito psicológico de estarmos perto da divulgação de um indicador é sentido&quot;, disse outro operador. </p>
<p> &quot;Hoje é sexta-feira e também condiciona&quot;, adiantou. </p>
<p> &quot;O mercado tem mostrado que está sustentado e isso deve manter-se&quot;, disse um dealer. </p>
<p> As acções da Semapa deslizaram, tendo-se efectuado um bloco de 90.000 títulos, mas operadores disseram que esta transacção não tem uma importância em especial. </p>
<p> A PI volta hoje a registar uma liquidez interessante, mantendo-se suportada ligeiramente abaixo dos 1.000 escudos e depois de ter variado entre 983 e 995 escudos. </p>
<p> A Engil-SGPS está a subir 10 escudos para 1.620, o valor mais alto do ano, depois de ontem ter sido publicado no Wall Street Journal a necessidade de um portfólio de acções portuguesas conter o papel da construtora. </p>
<p> Entretanto, a Engil-SGPS atingiu novo máximo do ano nos 1.625 escudos, tendo-se negociado 89.500 acções. </p>
<p> - Paula Cordeiro, Lisboa Editorial, 351-1-3150035. (c) Reuters Limited 1996. </p></text>
<copyright>(c) Reuters Limited 1996</copyright>
<metadata>
<codes class="bip:countries:1.0">
<code code="CBpvuSBDlX">
<editdetail action="confirmed" attribution="Reuters BIP Coding Group" date="1996-10-11"></editdetail></code>
<code code="ubnwxiOTXZ">
<editdetail action="confirmed" attribution="Reuters BIP Coding Group" date="1996-10-11"></editdetail></code>
<code code="nbSAAWJDvM">
<editdetail action="confirmed" attribution="Reuters BIP Coding Group" date="1996-10-11"></editdetail></code></codes>
<codes class="bip:topics:1.0">
<code code="WqQKgUyDKc">
<editdetail action="confirmed" attribution="Reuters BIP Coding Group" date="1996-10-11"></editdetail></code>
<code code="wVqLXuEHlo">
<editdetail action="confirmed" attribution="Reuters BIP Coding Group" date="1996-10-11"></editdetail></code></codes>
<dc element="dc.publisher" value="Reuters Holdings Plc"></dc>
<dc element="dc.datepublished" value="1996-10-11"></dc>
<dc element="dc.source" value="Reuters - Notícias em Português"></dc>
<dc element="dc.creator.location" value=""></dc>
<dc element="dc.creator.location.country.name" value=""></dc></metadata></newsitem>