<?xml version="1.0" encoding="UTF-8"?>

<newsitem date="1996-09-26" id="root" itemid="49258" xml:lang="pt">
<title></title>
<headline> ACÇÕES PREVÊEM-SE LÍQUIDAS E FRACA VOLATILIDADE. </headline>
<byline></byline>
<dateline></dateline>
<text>
<p> As acções do Contínuo deverão negociar com liquidez, a continuar a mostrar ausência de estrangeiros e com os pequenos investidores ainda activos, prevendo-se que os preços registem menor volatilidade do que nos últimos dias, disseram dealers. </p>
<p> &quot;O mercado vai continuar líquido, os títulos mais baratos, que são alvo da procura de particulares, não deverão registar tanta volatilidade quanto anteriormente&quot;, disse um dealer. </p>
<p> &quot;A Tertir e a Papelaria Fernandes, caso esta reentre mesmo à negociação, não deverão subir muito mais&quot;. </p>
<p> &quot;O restante mercado, mais de institucionais, vai mexer em PT, Inapa e BCP &quot;, disse outro. </p>
<p> *Índice PSI-20 fechou subir 0,01 pontos para 4.757,00 *Futuro PSI20 Out96 fechou a 4.804 pontos *PT fechou em Nova Iorque estável nos 26,3/8 dólares </p>
<p> - Sérgio Gonçalves, Lisboa Editorial, 351-1-3150035. (c) Reuters Limited 1996. </p></text>
<copyright>(c) Reuters Limited 1996</copyright>
<metadata>
<codes class="bip:countries:1.0">
<code code="fbyEDjWRoz">
<editdetail action="confirmed" attribution="Reuters BIP Coding Group" date="1996-09-26"></editdetail></code>
<code code="vSdGLMSEYD">
<editdetail action="confirmed" attribution="Reuters BIP Coding Group" date="1996-09-26"></editdetail></code>
<code code="GcVmhASCwf">
<editdetail action="confirmed" attribution="Reuters BIP Coding Group" date="1996-09-26"></editdetail></code></codes>
<codes class="bip:topics:1.0">
<code code="hCPcLXSEsB">
<editdetail action="confirmed" attribution="Reuters BIP Coding Group" date="1996-09-26"></editdetail></code>
<code code="RAIzJCAQiJ">
<editdetail action="confirmed" attribution="Reuters BIP Coding Group" date="1996-09-26"></editdetail></code></codes>
<dc element="dc.publisher" value="Reuters Holdings Plc"></dc>
<dc element="dc.datepublished" value="1996-09-26"></dc>
<dc element="dc.source" value="Reuters - Notícias em Português"></dc>
<dc element="dc.creator.location" value=""></dc>
<dc element="dc.creator.location.country.name" value=""></dc></metadata></newsitem>