<?xml version="1.0" encoding="UTF-8"?>

<newsitem date="1996-09-24" id="root" itemid="49196" xml:lang="pt">
<title></title>
<headline> MONETÁRIO ABRE COM TAXAS NOS PRAZOS EM QUEDA. </headline>
<byline></byline>
<dateline></dateline>
<text>
<p> O mercado monetário do escudo abriu com o curto prazo a apresentar excesso de liquidez e a negociar perto da taxa de absorção do Banco de Portugal, ou seja 6,8 pct, e o longo prazo a apresentar tendência de queda, disseram operadores. * o/n e tom/next em 6,85/6,95 pct vs 6,95/7,05 pct sexta * Prazo 30 dias em 7,11/7,15 pct vs 7,11/7,19 pct sexta * Reunião da FOMC Reserva Federal dos EUA com início 1300 TMG * BP cede em leilão até 10 MC e absorve a 6,8 pct (c) Reuters Limited 1996. </p></text>
<copyright>(c) Reuters Limited 1996</copyright>
<metadata>
<codes class="bip:countries:1.0">
<code code="ZgKSgAbBlh">
<editdetail action="confirmed" attribution="Reuters BIP Coding Group" date="1996-09-24"></editdetail></code>
<code code="ZNdHcepUvR">
<editdetail action="confirmed" attribution="Reuters BIP Coding Group" date="1996-09-24"></editdetail></code>
<code code="RKgPwsXtfK">
<editdetail action="confirmed" attribution="Reuters BIP Coding Group" date="1996-09-24"></editdetail></code></codes>
<codes class="bip:topics:1.0">
<code code="vEHJDYtnsx">
<editdetail action="confirmed" attribution="Reuters BIP Coding Group" date="1996-09-24"></editdetail></code>
<code code="jkFDQjpGFX">
<editdetail action="confirmed" attribution="Reuters BIP Coding Group" date="1996-09-24"></editdetail></code></codes>
<dc element="dc.publisher" value="Reuters Holdings Plc"></dc>
<dc element="dc.datepublished" value="1996-09-24"></dc>
<dc element="dc.source" value="Reuters - Notícias em Português"></dc>
<dc element="dc.creator.location" value=""></dc>
<dc element="dc.creator.location.country.name" value=""></dc></metadata></newsitem>