<?xml version="1.0" encoding="UTF-8"?>

<newsitem date="1996-09-06" id="root" itemid="48726" xml:lang="pt">
<title></title>
<headline> PSD DIZ NÃO PROPOSTA COLIGAÇÃO PP PARA AUTÁRQUICAS. </headline>
<byline></byline>
<dateline></dateline>
<text>
<p> LISBOA, 6 Set (Reuters) - O líder do PSD, Marcelo Rebelo de Sousa, rejeitou a possibilidade de criação de uma nova Aliança Democrática com vista às próximas eleições legislativas. </p>
<p> Falando à saída da reunião da comissão permanente do partido, Rebelo de Sousa reafirmou a estratégia definida no congresso de Vila da Feira e que previa apenas coligações pontuais para derrotar as maiorias de esquerda em alguns municípios, designadamente em Lisboa e Porto. </p>
<p> Com esta atitude o PSD fecha as portas à proposta de coligação para as eleições autárquicas, lançada pelo presidente do Partido Popular, Manuel Monteiro. </p>
<p> (c) Reuters Limited 1996. </p></text>
<copyright>(c) Reuters Limited 1996</copyright>
<metadata>
<codes class="bip:countries:1.0">
<code code="EEoCKqiOtR">
<editdetail action="confirmed" attribution="Reuters BIP Coding Group" date="1996-09-06"></editdetail></code>
<code code="JtaLJVTsBK">
<editdetail action="confirmed" attribution="Reuters BIP Coding Group" date="1996-09-06"></editdetail></code>
<code code="LZmprcTiCQ">
<editdetail action="confirmed" attribution="Reuters BIP Coding Group" date="1996-09-06"></editdetail></code></codes>
<codes class="bip:topics:1.0">
<code code="oSToGKJarH">
<editdetail action="confirmed" attribution="Reuters BIP Coding Group" date="1996-09-06"></editdetail></code>
<code code="FFrOifbxof">
<editdetail action="confirmed" attribution="Reuters BIP Coding Group" date="1996-09-06"></editdetail></code></codes>
<dc element="dc.publisher" value="Reuters Holdings Plc"></dc>
<dc element="dc.datepublished" value="1996-09-06"></dc>
<dc element="dc.source" value="Reuters - Notícias em Português"></dc>
<dc element="dc.creator.location" value=""></dc>
<dc element="dc.creator.location.country.name" value=""></dc></metadata></newsitem>