<?xml version="1.0" encoding="UTF-8"?>

<newsitem date="1996-10-08" id="root" itemid="49573" xml:lang="pt">
<title></title>
<headline> SÓ ALGUNS SECTORES BENEFICIAM COM RETOMA - SAER. </headline>
<byline></byline>
<dateline></dateline>
<text>
<p> LISBOA, 8 Out (Reuter) - Apenas alguns sectores económicos, nomeadamente os que se reestruturaram, irão beneficiar com a retoma da economia portuguesa, não sendo de esperar muitas melhorias ao nível do desemprego, afirma a análise de Setembro da SaeR-Sociedade de Avaliação de Empresas e Risco. </p>
<p> &quot;A recuperação não deverá estender-se uniformemente a todos os sectores da economia. Os agentes que se modernizaram deverão beneficiar dessa recuperação; os que não puderam reestruturar-se para fazer face à concorrência crescente derivada da globalização e da abertura dos mercados, não deverão aproveitar plenamente da recuperação, caso tenham sobrevivido&quot;, afirma. </p>
<p> &quot;É neste quadro de reestruturação (de certo modo, comum às economias europeias) que não se devem esperar melhorias significativas no domínio do desemprego&quot;, acrescenta. </p>
<p> Refere que, pelos indicadores do Banco de Portugal, &quot;não é perceptível uma melhoria do consumo privado&quot; no terceiro trimestre e que o clima de confiança do consumidor é tambémn afectado pelos número de desempregados registados, &quot;que permanece elevado, na ordem dos 455 mil em Julho&quot;. </p>
<p> Adianta que, também ao nível da inflação, o comportamento recente tem sido de agravamento, embora não se mantenham essas perspectivas para os próximos meses. </p>
<p> &quot;A reanimação da economia portuguesa depende, assim, em grande parte, das disseminação dos efeitos que resultarão da melhoria das exportações&quot;. </p>
<p> Destaca que a Síntese de Julho do Instituto Nacional de Estatística é explícita ao afirmar que as opiniões dos industriais acerca das suas carteiras de encomendas melhoraram face aos meses anteriores. </p>
<p> Conclui que não é portanto apenas o efeito positivo das exportações do sector automóvel a contribuir para a dinamização das exportações. </p>
<p> - Fernanda Pargana, Lisboa Editorial, 351-1-3113126. </p>
<p> (c) Reuters Limited 1996. </p></text>
<copyright>(c) Reuters Limited 1996</copyright>
<metadata>
<codes class="bip:countries:1.0">
<code code="NpdIAuPosI">
<editdetail action="confirmed" attribution="Reuters BIP Coding Group" date="1996-10-08"></editdetail></code>
<code code="gGktoHALbl">
<editdetail action="confirmed" attribution="Reuters BIP Coding Group" date="1996-10-08"></editdetail></code>
<code code="MZGjRYeSOv">
<editdetail action="confirmed" attribution="Reuters BIP Coding Group" date="1996-10-08"></editdetail></code></codes>
<codes class="bip:topics:1.0">
<code code="CDzdkRNAbg">
<editdetail action="confirmed" attribution="Reuters BIP Coding Group" date="1996-10-08"></editdetail></code>
<code code="SwEyiLEmWK">
<editdetail action="confirmed" attribution="Reuters BIP Coding Group" date="1996-10-08"></editdetail></code></codes>
<dc element="dc.publisher" value="Reuters Holdings Plc"></dc>
<dc element="dc.datepublished" value="1996-10-08"></dc>
<dc element="dc.source" value="Reuters - Notícias em Português"></dc>
<dc element="dc.creator.location" value=""></dc>
<dc element="dc.creator.location.country.name" value=""></dc></metadata></newsitem>