<?xml version="1.0" encoding="UTF-8"?>

<newsitem date="1996-10-25" id="root" itemid="50052" xml:lang="pt">
<title></title>
<headline> ESCUDO ABRE SUBIR VS MARCO COM INTERESSE EXTERIOR. </headline>
<byline></byline>
<dateline></dateline>
<text>
<p> LISBOA, 25 Out (Reuter) - O escudo abriu em alta contra o marco, a beneficiar do interesse de não-residentes para uma operação comercial, disseram dealers. </p>
<p> O escudo abriu 100,87/90 por marco contra 100,89/91 no fecho de ontem. Às 0835 TMG, o escudo cotava 100,78/81 por marco. </p>
<p> &quot;O escudo abriu mais forte, com muito interesse do exterior, mas desta vez parece que tem origem numa operação comercial e não em interesse especulativo&quot;, disse um dealer. </p>
<p> &quot;Se a operação está concluída, e tudo indica que sim, vamos ter o escudo a oscilar entre 100,75 e 100,90 por marco&quot;, disse outro operador que também não quis ser identificado. </p>
<p>     ----José Barata, Lisboa Editorial, 351.1.3113121. </p>
<p> (c) Reuters Limited 1996. </p></text>
<copyright>(c) Reuters Limited 1996</copyright>
<metadata>
<codes class="bip:countries:1.0">
<code code="jYMLBUFekT">
<editdetail action="confirmed" attribution="Reuters BIP Coding Group" date="1996-10-25"></editdetail></code>
<code code="YHnkNggaCS">
<editdetail action="confirmed" attribution="Reuters BIP Coding Group" date="1996-10-25"></editdetail></code>
<code code="xDHfRUVdZe">
<editdetail action="confirmed" attribution="Reuters BIP Coding Group" date="1996-10-25"></editdetail></code></codes>
<codes class="bip:topics:1.0">
<code code="JRBMPFtaJX">
<editdetail action="confirmed" attribution="Reuters BIP Coding Group" date="1996-10-25"></editdetail></code>
<code code="vAmSbUbhnC">
<editdetail action="confirmed" attribution="Reuters BIP Coding Group" date="1996-10-25"></editdetail></code>
<code code="PhDuCDcLUp">
<editdetail action="confirmed" attribution="Reuters BIP Coding Group" date="1996-10-25"></editdetail></code></codes>
<dc element="dc.publisher" value="Reuters Holdings Plc"></dc>
<dc element="dc.datepublished" value="1996-10-25"></dc>
<dc element="dc.source" value="Reuters - Notícias em Português"></dc>
<dc element="dc.creator.location" value=""></dc>
<dc element="dc.creator.location.country.name" value=""></dc></metadata></newsitem>