<?xml version="1.0" encoding="UTF-8"?>

<newsitem date="1996-10-28" id="root" itemid="50118" xml:lang="pt">
<title></title>
<headline> ESCUDO FECHA PRÓXIMO RESISTÊNCIA 101 POR MARCO. </headline>
<byline></byline>
<dateline></dateline>
<text>
<p> LISBOA, 28 Out (Reuter) - O escudo fechou próximo dos 101 por marco mas sem ter sido efetuado a esses níveis, podendo vir a quebrar essa resistência se o dólar cair mais. </p>
<p> O escudo fechou (1700 TMG) a 100,94/96 por marco, contra 100,81/84 na abertura e 100,943 na cotação indicativa. </p>
<p> &quot;Partimos do princípio que, quando o dólar tende para a baixa, deixa espaço para o marco se apreciar e isso pode fazer o escudo passar os 101,00 (por marco)&quot;, disse um operador. </p>
<p> &quot;Parece ter sido uma operação comercial a fazer o escudo deslizar de manhã, embora a lira e o franco tenham também caido um pouco, e a peseta também, mas apenas de tarde&quot;, disse outro. </p>
<p>     O escudo variou hoje entre 100,86 e 100,98 por marco. </p>
<p>     &quot;Penso que há algum receio no mercado que o escudo possa </p>
<p> passar os 101 por marco&quot;, disse ainda o primeiro operador. </p>
<p>     ----Fernanda Pargana, Lisboa Editorial, 351.1.3113126 </p>
<p> (c) Reuters Limited 1996. </p></text>
<copyright>(c) Reuters Limited 1996</copyright>
<metadata>
<codes class="bip:countries:1.0">
<code code="SgTFfkffZr">
<editdetail action="confirmed" attribution="Reuters BIP Coding Group" date="1996-10-28"></editdetail></code>
<code code="QPeunoehkB">
<editdetail action="confirmed" attribution="Reuters BIP Coding Group" date="1996-10-28"></editdetail></code>
<code code="DsenWAfMJh">
<editdetail action="confirmed" attribution="Reuters BIP Coding Group" date="1996-10-28"></editdetail></code></codes>
<codes class="bip:topics:1.0">
<code code="TdmRjyldZY">
<editdetail action="confirmed" attribution="Reuters BIP Coding Group" date="1996-10-28"></editdetail></code>
<code code="HEfvpQXHME">
<editdetail action="confirmed" attribution="Reuters BIP Coding Group" date="1996-10-28"></editdetail></code>
<code code="aMUNkWdwRl">
<editdetail action="confirmed" attribution="Reuters BIP Coding Group" date="1996-10-28"></editdetail></code></codes>
<dc element="dc.publisher" value="Reuters Holdings Plc"></dc>
<dc element="dc.datepublished" value="1996-10-28"></dc>
<dc element="dc.source" value="Reuters - Notícias em Português"></dc>
<dc element="dc.creator.location" value=""></dc>
<dc element="dc.creator.location.country.name" value=""></dc></metadata></newsitem>