<?xml version="1.0" encoding="UTF-8"?>

<newsitem date="1996-09-24" id="root" itemid="49177" xml:lang="pt">
<title></title>
<headline> ACÇÕES SEGUEM CALMAS, MERCADO ESPERA DECISÃO FED. </headline>
<byline></byline>
<dateline></dateline>
<text>
<p> As acções do Contínuo e os Futuros sobre o PSI20 seguiam sem fortes oscilações na meia sessão e a liquidez no cash a somar 3,6 milhões de contos, com operadores a afirmarem que o mercado está na expectativa em relação à decisão do FOMC da Fed dos EUA. Destaque para o BTA, BCP, Barbosa e Almeida, Tertir e, ainda, Portugal Telecom. *Índice PSI-20 cai 0,02 pct para 4.751,94 pontos *BTA cai 28 escudos p/2.750. Negociadas 273.352 *BCP cai 5 escudos para 1.880. Negociadas 173.685 *Futuro PSI20 Out96 cai para 4.793 vs 4.797 pontos. </p></text>
<copyright>(c) Reuters Limited 1996</copyright>
<metadata>
<codes class="bip:countries:1.0">
<code code="ieQBmXocxH">
<editdetail action="confirmed" attribution="Reuters BIP Coding Group" date="1996-09-24"></editdetail></code>
<code code="rNrKIEygvp">
<editdetail action="confirmed" attribution="Reuters BIP Coding Group" date="1996-09-24"></editdetail></code>
<code code="HWfWFMIodC">
<editdetail action="confirmed" attribution="Reuters BIP Coding Group" date="1996-09-24"></editdetail></code></codes>
<codes class="bip:topics:1.0">
<code code="cKUXnygjWf">
<editdetail action="confirmed" attribution="Reuters BIP Coding Group" date="1996-09-24"></editdetail></code>
<code code="UqNSDTGqfG">
<editdetail action="confirmed" attribution="Reuters BIP Coding Group" date="1996-09-24"></editdetail></code></codes>
<dc element="dc.publisher" value="Reuters Holdings Plc"></dc>
<dc element="dc.datepublished" value="1996-09-24"></dc>
<dc element="dc.source" value="Reuters - Notícias em Português"></dc>
<dc element="dc.creator.location" value=""></dc>
<dc element="dc.creator.location.country.name" value=""></dc></metadata></newsitem>