<?xml version="1.0" encoding="UTF-8"?>

<newsitem date="1996-09-30" id="root" itemid="49343" xml:lang="pt">
<title></title>
<headline> FUTURO PSI20 DEZ96 SOBE QUATRO PONTOS PARA 4.846. </headline>
<byline></byline>
<dateline></dateline>
<text>
<p> *Futuro PSI20 Dez96 sobe p/4.846 pontos vs 4.842 sexta *Índice PSI-20 cai 0,18 pct para 4.735,48 pontos *PT cai 3 escudos para 3.995. Negociadas 11.516 *Tertir cai 49 escudos para 671. Negociadas 9.100 *BPSM cai 2 escudos para 1.040. Negociadas 5.600 *Espart cai 68 escudos para 660. Negociadas 4.400 *Cimpor cai 5 escudos para 3.251. Negociadas 4.080 *Efacec sobe 40 escudos para 1.820. Negociadas 3.100 *P.Fernandes sobe 73 esc para 649. Negociadas 2.800. </p>
<p> - Paula Cordeiro, Lisboa Editorial, 351-1-3150035. (c) Reuters Limited 1996. </p></text>
<copyright>(c) Reuters Limited 1996</copyright>
<metadata>
<codes class="bip:countries:1.0">
<code code="bmPjZOgzqE">
<editdetail action="confirmed" attribution="Reuters BIP Coding Group" date="1996-09-30"></editdetail></code>
<code code="OCCRbljeNA">
<editdetail action="confirmed" attribution="Reuters BIP Coding Group" date="1996-09-30"></editdetail></code>
<code code="tAapWgLyPt">
<editdetail action="confirmed" attribution="Reuters BIP Coding Group" date="1996-09-30"></editdetail></code></codes>
<codes class="bip:topics:1.0">
<code code="OkiTiJwDBC">
<editdetail action="confirmed" attribution="Reuters BIP Coding Group" date="1996-09-30"></editdetail></code>
<code code="qXIrYTYwcj">
<editdetail action="confirmed" attribution="Reuters BIP Coding Group" date="1996-09-30"></editdetail></code>
<code code="mkyOBzWJnL">
<editdetail action="confirmed" attribution="Reuters BIP Coding Group" date="1996-09-30"></editdetail></code></codes>
<dc element="dc.publisher" value="Reuters Holdings Plc"></dc>
<dc element="dc.datepublished" value="1996-09-30"></dc>
<dc element="dc.source" value="Reuters - Notícias em Português"></dc>
<dc element="dc.creator.location" value=""></dc>
<dc element="dc.creator.location.country.name" value=""></dc></metadata></newsitem>