<?xml version="1.0" encoding="UTF-8"?>

<newsitem date="1996-10-30" id="root" itemid="50187" xml:lang="pt">
<title></title>
<headline> MONETÁRIO FECHA CALMO, REACÇÃO NEGATIVA SUBIDA UK. </headline>
<byline></byline>
<dateline></dateline>
<text>
<p> LISBOA, 30 Out (Reuter) - O mercado monetário do escudo fechou calmo, mas com as taxas nos derivados a reflectir uma reacção negativa à subida de taxas em Inglaterra. </p>
<p> &quot;O mercado dos FRA e o futuro reagiram mal à subida de taxas em Inglaterra. Espanha reagiu muito mal e nós acompanhámos parcialmente&quot;, disse um operador. </p>
<p> Dealers disseram que tiveram pouco efeito as declarações dos primeiros-ministros português e espanhol, no final da Cimeira Ibérica, de que querem entrar conjuntamente para o primeiro grupo de países da moeda única, o que foi entendido como a assumpção de uma relação mais forte das políticas monetárias. </p>
<p> &quot;Penso que o mercado não reagiu (a essas declarações) mas, ao dizerem que vai haver uma acção concertada com Espanha, tendo Portugal uma inflação parecida à de Espanha e taxas directoras mais altas, só pode ser bom para nós&quot;, disse um operador. </p>
<p> No fecho, os prazos do monetário estavam próximos dos níveis da abertura. Os FRA fizeram 95 contratos, todos a descer. </p>
<p> - Fernanda Pargana, Lisboa Editorial, 351-1-311.31.26 </p>
<p> (c) Reuters Limited 1996. </p></text>
<copyright>(c) Reuters Limited 1996</copyright>
<metadata>
<codes class="bip:countries:1.0">
<code code="IriJlHdUZj">
<editdetail action="confirmed" attribution="Reuters BIP Coding Group" date="1996-10-30"></editdetail></code>
<code code="cxMywvthSK">
<editdetail action="confirmed" attribution="Reuters BIP Coding Group" date="1996-10-30"></editdetail></code>
<code code="rZhsQoWmPF">
<editdetail action="confirmed" attribution="Reuters BIP Coding Group" date="1996-10-30"></editdetail></code></codes>
<codes class="bip:topics:1.0">
<code code="VEnnlZmYoJ">
<editdetail action="confirmed" attribution="Reuters BIP Coding Group" date="1996-10-30"></editdetail></code>
<code code="DDxtlWfnJo">
<editdetail action="confirmed" attribution="Reuters BIP Coding Group" date="1996-10-30"></editdetail></code></codes>
<dc element="dc.publisher" value="Reuters Holdings Plc"></dc>
<dc element="dc.datepublished" value="1996-10-30"></dc>
<dc element="dc.source" value="Reuters - Notícias em Português"></dc>
<dc element="dc.creator.location" value=""></dc>
<dc element="dc.creator.location.country.name" value=""></dc></metadata></newsitem>