<?xml version="1.0" encoding="UTF-8"?>

<newsitem date="1996-09-04" id="root" itemid="48657" xml:lang="pt">
<title></title>
<headline> ESCUDO FECHA EQUILIBRADO VS MARCO EM SESSÃO CALMA. </headline>
<byline></byline>
<dateline></dateline>
<text>
<p> LISBOA, 4 Set (Reuter) - O escudo fechou estável contra o marco, numa sessão calma e sem grandes interesses e que nem sequer foi abalada por novo ataque americano a alvos iraquianos. </p>
<p> Às 1620 TMG, o escudo cotava 102,45/47 por marco contra 102,475 na cotação indicativa do Banco de Portugal (BP) e 102,45/48 na abertura. </p>
<p> &quot;A estabilidade está instalada e, para já, não há sinais de que isso possa ser modificado, nem mesmo pela instabilidade no Golfo&quot;, disse um dealer que não quis ser identificado. </p>
<p> &quot;O dólar está a dar sinais de fraqueza, mas as europeias para já estão a ignorar esse movimento&quot;, disse outro operador. </p>
<p>     ----Lisboa Editorial, 351.1.3113121. </p>
<p> (c) Reuters Limited 1996. </p></text>
<copyright>(c) Reuters Limited 1996</copyright>
<metadata>
<codes class="bip:countries:1.0">
<code code="VWjkRfHvCt">
<editdetail action="confirmed" attribution="Reuters BIP Coding Group" date="1996-09-04"></editdetail></code>
<code code="MJVGJTVNNB">
<editdetail action="confirmed" attribution="Reuters BIP Coding Group" date="1996-09-04"></editdetail></code>
<code code="FxYAThZNdp">
<editdetail action="confirmed" attribution="Reuters BIP Coding Group" date="1996-09-04"></editdetail></code></codes>
<codes class="bip:topics:1.0">
<code code="uyVHItyMpN">
<editdetail action="confirmed" attribution="Reuters BIP Coding Group" date="1996-09-04"></editdetail></code>
<code code="LLqqwyqQqA">
<editdetail action="confirmed" attribution="Reuters BIP Coding Group" date="1996-09-04"></editdetail></code>
<code code="aNhoukfpmV">
<editdetail action="confirmed" attribution="Reuters BIP Coding Group" date="1996-09-04"></editdetail></code></codes>
<dc element="dc.publisher" value="Reuters Holdings Plc"></dc>
<dc element="dc.datepublished" value="1996-09-04"></dc>
<dc element="dc.source" value="Reuters - Notícias em Português"></dc>
<dc element="dc.creator.location" value=""></dc>
<dc element="dc.creator.location.country.name" value=""></dc></metadata></newsitem>