<?xml version="1.0" encoding="UTF-8"?>

<newsitem date="1996-09-04" id="root" itemid="48643" xml:lang="pt">
<title></title>
<headline> ESCUDO CALMO E APÁTICO MEIA SESSÃO VS MARCO. </headline>
<byline></byline>
<dateline></dateline>
<text>
<p> O escudo manteve-se calmo contra o marco ao longo da manhã, com o mercado a reflectir falta de interesses e muito equilíbrio, bem patente no facto do range de negociação ter sido entre 102,46 e 102,48. Dealers dizem que o escudo vai continuar estável entre os 102,45 e 102,50 por marco ao longo da sessão. </p>
<p> *Escudo 102,44/47 por marco contra 102,45/48 na abertura </p>
<p> *Peseta 84,58/60 por marco contra 84,58/61 na abertura </p>
<p> *Dólar 1,4846/51 marcos vs 1,4835/40 na abertura Europa </p>
<p> *BP mantém taxas directoras, absorve 6,8% e emergência 9,0%. </p>
<p>     ----José Barata, Lisboa Editorial, 351.1.3113121. </p>
<p> (c) Reuters Limited 1996. </p></text>
<copyright>(c) Reuters Limited 1996</copyright>
<metadata>
<codes class="bip:countries:1.0">
<code code="pzmwkLZvXR">
<editdetail action="confirmed" attribution="Reuters BIP Coding Group" date="1996-09-04"></editdetail></code>
<code code="dtcHSZniUC">
<editdetail action="confirmed" attribution="Reuters BIP Coding Group" date="1996-09-04"></editdetail></code>
<code code="jcwJxGimQb">
<editdetail action="confirmed" attribution="Reuters BIP Coding Group" date="1996-09-04"></editdetail></code></codes>
<codes class="bip:topics:1.0">
<code code="gGWtDTyaMs">
<editdetail action="confirmed" attribution="Reuters BIP Coding Group" date="1996-09-04"></editdetail></code>
<code code="cIKhGbplQz">
<editdetail action="confirmed" attribution="Reuters BIP Coding Group" date="1996-09-04"></editdetail></code>
<code code="NDLSdAXdLr">
<editdetail action="confirmed" attribution="Reuters BIP Coding Group" date="1996-09-04"></editdetail></code></codes>
<dc element="dc.publisher" value="Reuters Holdings Plc"></dc>
<dc element="dc.datepublished" value="1996-09-04"></dc>
<dc element="dc.source" value="Reuters - Notícias em Português"></dc>
<dc element="dc.creator.location" value=""></dc>
<dc element="dc.creator.location.country.name" value=""></dc></metadata></newsitem>