<?xml version="1.0" encoding="UTF-8"?>

<newsitem date="1996-08-20" id="root" itemid="48252" xml:lang="pt">
<title></title>
<headline> ACÇÕES PREVÊEM-SE ILÍQUIDAS E FRACA VOLATILIDADE. </headline>
<byline></byline>
<dateline></dateline>
<text>
<p> 0805 TMG - As acções do Contínuo deverão hoje negociar com pouca liquidez, com fraca volatilidade e suportadas, prevendo-se a manutenção do interesse concentrado por algumas blue-chips, nomeadamente o BFE, Cimpor, PT e PI, disseram dealers. </p>
<p> &quot;Vamos ter mais um dia morno, com os preços sem grandes oscilações mas com suporte. O interesse concentrado em BFE, Cimpor, PT e PI é para continuar&quot;, referiu uma dealer. </p>
<p> &quot;O M3 alemão abrandou sendo positivo, mas os internacionais deverão manter-se a aguardar pela reunião do FED&quot;, disse outro. </p></text>
<copyright>(c) Reuters Limited 1996</copyright>
<metadata>
<codes class="bip:countries:1.0">
<code code="bjZyNoIVwE">
<editdetail action="confirmed" attribution="Reuters BIP Coding Group" date="1996-08-20"></editdetail></code>
<code code="gqhqvHKmvz">
<editdetail action="confirmed" attribution="Reuters BIP Coding Group" date="1996-08-20"></editdetail></code>
<code code="XJRMLkxQOk">
<editdetail action="confirmed" attribution="Reuters BIP Coding Group" date="1996-08-20"></editdetail></code></codes>
<codes class="bip:topics:1.0">
<code code="xRkVSxyLnp">
<editdetail action="confirmed" attribution="Reuters BIP Coding Group" date="1996-08-20"></editdetail></code>
<code code="txzShJMKnZ">
<editdetail action="confirmed" attribution="Reuters BIP Coding Group" date="1996-08-20"></editdetail></code></codes>
<dc element="dc.publisher" value="Reuters Holdings Plc"></dc>
<dc element="dc.datepublished" value="1996-08-20"></dc>
<dc element="dc.source" value="Reuters - Notícias em Português"></dc>
<dc element="dc.creator.location" value=""></dc>
<dc element="dc.creator.location.country.name" value=""></dc></metadata></newsitem>