<?xml version="1.0" encoding="UTF-8"?>

<newsitem date="1996-09-19" id="root" itemid="49096" xml:lang="pt">
<title></title>
<headline> MONETÁRIO FECHA TAXAS ESTÁVEIS E ENCOSTADAS BP. </headline>
<byline></byline>
<dateline></dateline>
<text>
<p> LISBOA, 19 Set (Reuter) - O mercado monetário do escudo fechou com as taxas estabilizadas e encostadas aos níveis de cedência do Banco de Portugal (BP), sem perspectiva de que esse sentimento possa vir a alterar-se. </p>
<p> &quot;O curto prazo está estável e encostado aos níveis de cedência do BP, enquanto nos prazos mais longos praticamente não se faz nada&quot;, disse um dealer que não quis ser identificado. </p>
<p> Os três meses fecharam entre 7,10 e 7,17 pct, os seis meses entre 7,05 e 7,10 pct e o ano entre 7,02 e 7,08 pct, estáveis em relaçâo à abertura. </p>
<p> (c) Reuters Limited 1996. - José Barata, Lisboa Editorial, 351-1-311.31.26 </p>
<p> (c) Reuters Limited 1996. </p></text>
<copyright>(c) Reuters Limited 1996</copyright>
<metadata>
<codes class="bip:countries:1.0">
<code code="UzWpHZXYrW">
<editdetail action="confirmed" attribution="Reuters BIP Coding Group" date="1996-09-19"></editdetail></code>
<code code="VmkYKetKSZ">
<editdetail action="confirmed" attribution="Reuters BIP Coding Group" date="1996-09-19"></editdetail></code>
<code code="rTcEbhTiuY">
<editdetail action="confirmed" attribution="Reuters BIP Coding Group" date="1996-09-19"></editdetail></code></codes>
<codes class="bip:topics:1.0">
<code code="yiDMQuGJoO">
<editdetail action="confirmed" attribution="Reuters BIP Coding Group" date="1996-09-19"></editdetail></code>
<code code="EMRclObDjE">
<editdetail action="confirmed" attribution="Reuters BIP Coding Group" date="1996-09-19"></editdetail></code></codes>
<dc element="dc.publisher" value="Reuters Holdings Plc"></dc>
<dc element="dc.datepublished" value="1996-09-19"></dc>
<dc element="dc.source" value="Reuters - Notícias em Português"></dc>
<dc element="dc.creator.location" value=""></dc>
<dc element="dc.creator.location.country.name" value=""></dc></metadata></newsitem>