<?xml version="1.0" encoding="UTF-8"?>

<newsitem date="1996-09-19" id="root" itemid="49097" xml:lang="pt">
<title></title>
<headline> ACÇÕES E FUTUROS PSI20 FECHAM EM ALTA, PT E CIMPOR. </headline>
<byline></byline>
<dateline></dateline>
<text>
<p> 1606 TMG - As acções do Contínuo e os Futuros sobre o PSI20 fecharam em alta e a liquidez no cash a somar 4,7 milhões de contos, destacando-se a Portugal Telecom (PT), Cimpor e Lisnave, prevendo-se que amanhã o mercado volte a mostrar ligeira tendência de alta, mas dependendo dos mercados internacionais, que estão nervosos com uma possível subida das taxas nos EUA. *Índice PSI-20 sobe 0,18 pct para 4.771,62 pontos *PT cai 7 escudos para 4.093. Negociadas 281.047 *Cimpor sobe 14 escudos para 3.275.Negociadas 269.106 *Lisnave sobe 16 escudos para 397. Negociadas 222.266 *Futuro PSI-20 Set/96 sobe p/ 4.780 vs 4.773 ontem. </p>
<p> - Paula Cordeiro, Lisboa Editorial, 351-1-3150035. (c) Reuters Limited 1996. </p></text>
<copyright>(c) Reuters Limited 1996</copyright>
<metadata>
<codes class="bip:countries:1.0">
<code code="GrdTYHmhEL">
<editdetail action="confirmed" attribution="Reuters BIP Coding Group" date="1996-09-19"></editdetail></code>
<code code="FlrREjxwvK">
<editdetail action="confirmed" attribution="Reuters BIP Coding Group" date="1996-09-19"></editdetail></code>
<code code="KcPNfiAgQK">
<editdetail action="confirmed" attribution="Reuters BIP Coding Group" date="1996-09-19"></editdetail></code></codes>
<codes class="bip:topics:1.0">
<code code="PxHeGhwwiU">
<editdetail action="confirmed" attribution="Reuters BIP Coding Group" date="1996-09-19"></editdetail></code>
<code code="EfoXNowWyQ">
<editdetail action="confirmed" attribution="Reuters BIP Coding Group" date="1996-09-19"></editdetail></code></codes>
<dc element="dc.publisher" value="Reuters Holdings Plc"></dc>
<dc element="dc.datepublished" value="1996-09-19"></dc>
<dc element="dc.source" value="Reuters - Notícias em Português"></dc>
<dc element="dc.creator.location" value=""></dc>
<dc element="dc.creator.location.country.name" value=""></dc></metadata></newsitem>