<?xml version="1.0" encoding="UTF-8"?>

<newsitem date="1996-10-07" id="root" itemid="49554" xml:lang="pt">
<title></title>
<headline> RESUMO TRANSACÇÕES NO MERCADO CONTÍNUO. </headline>
<byline></byline>
<dateline></dateline>
<text>
<p>     LISBOA, 7 Out (Reuter) - Transacções no Contínuo (números da </p>
<p> sessão anterior entre parentesis): (MC=milhões de contos). </p>
<p>         Quantidade     Valor </p>
<p> Mercado Contínuo Acções 1.492.190(1.371.878) 2,736 MC( 2,396 MC) </p>
<p>        OT     1.135.850(1.157.699)11,232 MC(12,633 MC) Futuros OT-10     1.794(    1.184) 8,307 MC(12,038 MC) Futuros PSI20       266( 312) 0,129 MC( 0,151 MC) Índices  Oficial BVL      1.086,72    + 0,41 pct     BVL30      2.006,24    + 0,14 pct     PSI-20     4.785,27    + 0,17 pct     ORF(TRM 7,5135 vs 7,5591 pct)   107,96    + 0,13 pct     FPI (Fincor Privatisation)    1.127,77    + 0,24 pct     ----Lisboa Editorial,1.1.31131211. </p>
<p> (c) Reuters Limited 1996. </p></text>
<copyright>(c) Reuters Limited 1996</copyright>
<metadata>
<codes class="bip:countries:1.0">
<code code="XQCyFJLkYR">
<editdetail action="confirmed" attribution="Reuters BIP Coding Group" date="1996-10-07"></editdetail></code>
<code code="DypTOxPvnC">
<editdetail action="confirmed" attribution="Reuters BIP Coding Group" date="1996-10-07"></editdetail></code>
<code code="vNILTfMzkK">
<editdetail action="confirmed" attribution="Reuters BIP Coding Group" date="1996-10-07"></editdetail></code></codes>
<codes class="bip:topics:1.0">
<code code="kxnknvAKIP">
<editdetail action="confirmed" attribution="Reuters BIP Coding Group" date="1996-10-07"></editdetail></code>
<code code="UlGNqlYuOl">
<editdetail action="confirmed" attribution="Reuters BIP Coding Group" date="1996-10-07"></editdetail></code></codes>
<dc element="dc.publisher" value="Reuters Holdings Plc"></dc>
<dc element="dc.datepublished" value="1996-10-07"></dc>
<dc element="dc.source" value="Reuters - Notícias em Português"></dc>
<dc element="dc.creator.location" value=""></dc>
<dc element="dc.creator.location.country.name" value=""></dc></metadata></newsitem>