<?xml version="1.0" encoding="UTF-8"?>

<newsitem date="1996-10-15" id="root" itemid="49780" xml:lang="pt">
<title></title>
<headline> RENDIMENTO MÍNIMO ABSORVE 25,3 MC EM 1997. </headline>
<byline></byline>
<dateline></dateline>
<text>
<p> LISBOA, 15 Out (Reuter) - O rendimento mínimo garantido vai absorver em 1997 uma verba de 25,3 milhões de contos (MC), segundo a proposta de Orçamento de Estado para 1997 hoje entregue na Assembleia da República. </p>
<p> Segundo o mesmo documento, este programa deverá entrar em pleno funcionamento apenas no segundo semestre, mantendo na primeira metade do ano ainda em período experimental. </p>
<p> Refere ainda que se mantêm as estimativas para, em velocidade cruzeiro, este programa absorva anualmente entre 40 a 50 MC. </p>
<p> - Lisboa Editorial, 351-1-3113126. </p>
<p> (c) Reuters Limited 1996. </p></text>
<copyright>(c) Reuters Limited 1996</copyright>
<metadata>
<codes class="bip:countries:1.0">
<code code="gsmpNMmiFN">
<editdetail action="confirmed" attribution="Reuters BIP Coding Group" date="1996-10-15"></editdetail></code>
<code code="ULIFFdmYqR">
<editdetail action="confirmed" attribution="Reuters BIP Coding Group" date="1996-10-15"></editdetail></code>
<code code="UwqSBgUtuU">
<editdetail action="confirmed" attribution="Reuters BIP Coding Group" date="1996-10-15"></editdetail></code></codes>
<codes class="bip:topics:1.0">
<code code="kXrHkFZoCB">
<editdetail action="confirmed" attribution="Reuters BIP Coding Group" date="1996-10-15"></editdetail></code>
<code code="nbFeJiwHVz">
<editdetail action="confirmed" attribution="Reuters BIP Coding Group" date="1996-10-15"></editdetail></code>
<code code="AtqvLRvAam">
<editdetail action="confirmed" attribution="Reuters BIP Coding Group" date="1996-10-15"></editdetail></code></codes>
<dc element="dc.publisher" value="Reuters Holdings Plc"></dc>
<dc element="dc.datepublished" value="1996-10-15"></dc>
<dc element="dc.source" value="Reuters - Notícias em Português"></dc>
<dc element="dc.creator.location" value=""></dc>
<dc element="dc.creator.location.country.name" value=""></dc></metadata></newsitem>