<?xml version="1.0" encoding="UTF-8"?>

<newsitem date="1996-10-07" id="root" itemid="49528" xml:lang="pt">
<title></title>
<headline> ESCUDO ABRE ALTA LIGEIRA CONTRA O MARCO. </headline>
<byline></byline>
<dateline></dateline>
<text>
<p> LISBOA, 7 Out (Reuter) - O escudo abriu ligeiramente mais forte contra o marco, mas mostra sinais de querer manter-se estabilizado entre 101,10 e 101,20 por marco. </p>
<p> O escudo abriu 101,21/25 por marco contra 101,24/27 no fecho de sexta. Às 0835 TMG, o escudo cotava 101,16/19 por marco. </p>
<p> &quot;O escudo está calmo e discreto, embora ligeiramente mais forte contra o marco em relação ao fecho de sexta&quot;, disse um dealer que não quis ser identificado. </p>
<p> &quot;O mercado está calmo e assim se deverá manter ao longo da sessão, com o escudo estabilizado entre 101,10 e 101,20 (por marco), talvez mesmo num range mais estreito&quot;, disse outro. </p>
<p>     &quot;O marco-escudo vai voltar a testar novamente a figura </p>
<p> (101,00), não hoje, até porque o mercado mostra-se calmo, mas a </p>
<p> minha convicção aponta nesse sentido&quot;, disse outro operador. </p>
<p>     ----José Barata, Lisboa Editorial, 351.1.3113121. </p>
<p> (c) Reuters Limited 1996. </p></text>
<copyright>(c) Reuters Limited 1996</copyright>
<metadata>
<codes class="bip:countries:1.0">
<code code="lzFhMgBgZB">
<editdetail action="confirmed" attribution="Reuters BIP Coding Group" date="1996-10-07"></editdetail></code>
<code code="YuVribHvRm">
<editdetail action="confirmed" attribution="Reuters BIP Coding Group" date="1996-10-07"></editdetail></code>
<code code="qRSGcxILlX">
<editdetail action="confirmed" attribution="Reuters BIP Coding Group" date="1996-10-07"></editdetail></code></codes>
<codes class="bip:topics:1.0">
<code code="PYoPEqlHyx">
<editdetail action="confirmed" attribution="Reuters BIP Coding Group" date="1996-10-07"></editdetail></code>
<code code="sMRXUgJnWg">
<editdetail action="confirmed" attribution="Reuters BIP Coding Group" date="1996-10-07"></editdetail></code>
<code code="lQUFKIWmyI">
<editdetail action="confirmed" attribution="Reuters BIP Coding Group" date="1996-10-07"></editdetail></code></codes>
<dc element="dc.publisher" value="Reuters Holdings Plc"></dc>
<dc element="dc.datepublished" value="1996-10-07"></dc>
<dc element="dc.source" value="Reuters - Notícias em Português"></dc>
<dc element="dc.creator.location" value=""></dc>
<dc element="dc.creator.location.country.name" value=""></dc></metadata></newsitem>