<?xml version="1.0" encoding="UTF-8"?>

<newsitem date="1996-10-11" id="root" itemid="49695" xml:lang="pt">
<title></title>
<headline> ALGUMAS DEDUÇÕES MATÉRIA COLECTÁVEL ALTERADAS-OE97. </headline>
<byline></byline>
<dateline></dateline>
<text>
<p> LISBOA, 11 Out (Reuter) - Algumas deduções, no imposto sobre as pessoas singulares (IRS), que até agora eram feitas à matéria colectável, passam a partir deste ano a ser feitas directamente à colecta, disse o ministro das Finanças, António Sousa Franco, após a audição com os partidos da oposição na Assembleia da República. </p>
<p> &quot;Em casos que estão previstos na proposta de Lei orçamental, deduções à matéria colectável vão ser efectivamente substituídas por deduções à colecta (em 1997)&quot;, disse o ministro, embora sem especificar os casos. </p>
<p> Sousa Franco anunciou, ainda, uma actualização dos escalões de IRS, de 2,5 pct nos escalões mais altos e de até quatro pct nos mais baixos. </p>
<p> - Lisboa Editorial, 351-1-3113126. </p>
<p> (c) Reuters Limited 1996. </p></text>
<copyright>(c) Reuters Limited 1996</copyright>
<metadata>
<codes class="bip:countries:1.0">
<code code="BdcrWbBoEp">
<editdetail action="confirmed" attribution="Reuters BIP Coding Group" date="1996-10-11"></editdetail></code>
<code code="tytOTwZNvY">
<editdetail action="confirmed" attribution="Reuters BIP Coding Group" date="1996-10-11"></editdetail></code>
<code code="ZElMNdkthH">
<editdetail action="confirmed" attribution="Reuters BIP Coding Group" date="1996-10-11"></editdetail></code></codes>
<codes class="bip:topics:1.0">
<code code="kbbgWRaRxA">
<editdetail action="confirmed" attribution="Reuters BIP Coding Group" date="1996-10-11"></editdetail></code>
<code code="AkDolCdRXD">
<editdetail action="confirmed" attribution="Reuters BIP Coding Group" date="1996-10-11"></editdetail></code>
<code code="MwPRtDacqk">
<editdetail action="confirmed" attribution="Reuters BIP Coding Group" date="1996-10-11"></editdetail></code></codes>
<dc element="dc.publisher" value="Reuters Holdings Plc"></dc>
<dc element="dc.datepublished" value="1996-10-11"></dc>
<dc element="dc.source" value="Reuters - Notícias em Português"></dc>
<dc element="dc.creator.location" value=""></dc>
<dc element="dc.creator.location.country.name" value=""></dc></metadata></newsitem>