<?xml version="1.0" encoding="UTF-8"?>

<newsitem date="1996-09-25" id="root" itemid="49230" xml:lang="pt">
<title></title>
<headline> ACÇÕES PREVÊEM-SE LÍQUIDAS E EM LEVE ALTA. </headline>
<byline></byline>
<dateline></dateline>
<text>
<p> As acções do Contínuo deverão hoje negociar em ligeira alta, seguindo igual tendência da maioria das praças europeias, após os FED ter mantido as suas taxas, prevendo-se que esta subida seja sustentada também por registos relacionados com o final do trimestre, disseram dealers. </p>
<p> &quot;Os mercados europeus abriram um pouco mais altos, depois do FED não ter subido taxas, o que favorece o nosso mercado. O facto de já haverem registos de fim de trimestre também reforça o suporte do mercado&quot;, disse um dealer. </p>
<p> &quot;Contudo, a subida será limitada e a volatilidade deve ser pequena, com o interesse de verdadeiro negócio centrado em PT, Cimpor e BTA &quot;, referiu outro. </p></text>
<copyright>(c) Reuters Limited 1996</copyright>
<metadata>
<codes class="bip:countries:1.0">
<code code="piUUemULzr">
<editdetail action="confirmed" attribution="Reuters BIP Coding Group" date="1996-09-25"></editdetail></code>
<code code="ZkMZKSmbWy">
<editdetail action="confirmed" attribution="Reuters BIP Coding Group" date="1996-09-25"></editdetail></code>
<code code="YXqVeWQJTc">
<editdetail action="confirmed" attribution="Reuters BIP Coding Group" date="1996-09-25"></editdetail></code></codes>
<codes class="bip:topics:1.0">
<code code="XtxiefgUqx">
<editdetail action="confirmed" attribution="Reuters BIP Coding Group" date="1996-09-25"></editdetail></code>
<code code="vqKsyBcbiT">
<editdetail action="confirmed" attribution="Reuters BIP Coding Group" date="1996-09-25"></editdetail></code></codes>
<dc element="dc.publisher" value="Reuters Holdings Plc"></dc>
<dc element="dc.datepublished" value="1996-09-25"></dc>
<dc element="dc.source" value="Reuters - Notícias em Português"></dc>
<dc element="dc.creator.location" value=""></dc>
<dc element="dc.creator.location.country.name" value=""></dc></metadata></newsitem>