<?xml version="1.0" encoding="UTF-8"?>

<newsitem date="1996-09-05" id="root" itemid="48681" xml:lang="pt">
<title></title>
<headline> ACÇÕES ABREM ALTA, ENGIL CONTINUA A BRILHAR. </headline>
<byline></byline>
<dateline></dateline>
<text>
<p> As acções do Contínuo abriram em alta, com os índices a quebrarem máximos históricos e com o mercado a revelar liquidez. Dealers dizem que a Engil continua a ser a estrela do mercado, a subir quase cinco pct e com o maior volume. O BCP continua a beneficar do acordo com a Jerónimo Martins. Os futuros estão suportados em alta. *Índice PSI-20 sobe 0,44 pct para 4.776,07 pontos *Engil sobe 69 escudos para 1.460, com 267.200 acções *BCP sobe 30 escudos para 1.860, com 114.540 acções *Futuro PSI-20 Set/96 sobe 26 pontos para 4.782 *Buba mantém taxas directoras, Desconto 2,5%, Lombarda 4,5% </p>
<p> - José Barata, Lisboa Editorial, 351-1-3150035. (c) Reuters Limited 1996. </p></text>
<copyright>(c) Reuters Limited 1996</copyright>
<metadata>
<codes class="bip:countries:1.0">
<code code="vefSIvKVbg">
<editdetail action="confirmed" attribution="Reuters BIP Coding Group" date="1996-09-05"></editdetail></code>
<code code="qVGPIaoMkq">
<editdetail action="confirmed" attribution="Reuters BIP Coding Group" date="1996-09-05"></editdetail></code>
<code code="TlAQKHhFmC">
<editdetail action="confirmed" attribution="Reuters BIP Coding Group" date="1996-09-05"></editdetail></code></codes>
<codes class="bip:topics:1.0">
<code code="KqkfxIHOkZ">
<editdetail action="confirmed" attribution="Reuters BIP Coding Group" date="1996-09-05"></editdetail></code>
<code code="TnCaisjAqE">
<editdetail action="confirmed" attribution="Reuters BIP Coding Group" date="1996-09-05"></editdetail></code></codes>
<dc element="dc.publisher" value="Reuters Holdings Plc"></dc>
<dc element="dc.datepublished" value="1996-09-05"></dc>
<dc element="dc.source" value="Reuters - Notícias em Português"></dc>
<dc element="dc.creator.location" value=""></dc>
<dc element="dc.creator.location.country.name" value=""></dc></metadata></newsitem>