<?xml version="1.0" encoding="UTF-8"?>

<newsitem date="1996-09-05" id="root" itemid="48694" xml:lang="pt">
<title></title>
<headline> ACÇÕES FECHAM EM ALTA, MAS ALIVIAR DOS MÁXIMOS. </headline>
<byline></byline>
<dateline></dateline>
<text>
<p> As acções do Contínuo fecharam em alta, mas a aliviar dos máximos da sessão, e a liquidez a somar 5,6 milhões de contos, destacando-se o BFE, BCP, Cimpor e Engil-SGPS, estas duas últimas a atingirem máximos do ano em, respectivamente, 3.500 e 1.469 escudos. Futuros sobre o PSI20 suportados em alta. Operadores prevêem que o sentimento positivo se mantenha amanhã. *Índice PSI-20 sobe 0,58 pct para 4.783,02 pontos *BFE sobe 5 escudos para 2.560. Negociadas 377.008 *Engil sobe 72 escudos para 1.463, com 355.400 acções *BCP sobe 37 escudos para 1.867, com 348.934 acções *Futuro PSI-20 Set/96 sobe 27 pontos para 4.777. </p></text>
<copyright>(c) Reuters Limited 1996</copyright>
<metadata>
<codes class="bip:countries:1.0">
<code code="MjqnoYURRt">
<editdetail action="confirmed" attribution="Reuters BIP Coding Group" date="1996-09-05"></editdetail></code>
<code code="GxLKwOJJxW">
<editdetail action="confirmed" attribution="Reuters BIP Coding Group" date="1996-09-05"></editdetail></code>
<code code="ffMhlmfowe">
<editdetail action="confirmed" attribution="Reuters BIP Coding Group" date="1996-09-05"></editdetail></code></codes>
<codes class="bip:topics:1.0">
<code code="minwfWRwNN">
<editdetail action="confirmed" attribution="Reuters BIP Coding Group" date="1996-09-05"></editdetail></code>
<code code="XldiHJLpwM">
<editdetail action="confirmed" attribution="Reuters BIP Coding Group" date="1996-09-05"></editdetail></code></codes>
<dc element="dc.publisher" value="Reuters Holdings Plc"></dc>
<dc element="dc.datepublished" value="1996-09-05"></dc>
<dc element="dc.source" value="Reuters - Notícias em Português"></dc>
<dc element="dc.creator.location" value=""></dc>
<dc element="dc.creator.location.country.name" value=""></dc></metadata></newsitem>