<?xml version="1.0" encoding="UTF-8"?>

<newsitem date="1996-10-11" id="root" itemid="49705" xml:lang="pt">
<title></title>
<headline> INFLAÇÃO E RECEITAS OS GRANDES DESAFIOS OE97. </headline>
<byline></byline>
<dateline></dateline>
<text>
<p> LISBOA, 11 Out (Reuter) - O quadro macroeconómico do OE para 1997 reflecte o compromisso com a Moeda Única (MU), sendo o objectivo da inflação e o crescimento das receitas os dois grandes desafios que o Governo enfrenta, segundo analistas. </p>
<p> Adiantam que os dois a 2,5 pct previstos para a inflação está dependente de uma efectiva moderação salarial e que o crescimento previsto de nove pct das receitas do Estado pode ser demasiado optimista, se não houver de fact &quot;O OE tem em vista a MU, mas as dúvidas assentam na inflação e receitas&quot;, disse uma analista de um banco de investimento. </p>
<p> &quot;A moderação salarial, necessária para atingir o objectivo da inflação previsto (no OE) vai ser um cavalo de batalha do Governo&quot;, disse José Luis Alzola, analista da Salomon Brothers. </p>
<p> &quot;Com os dados que temos, que ainda não são muitos, as estimativas de receitas podem ser algo optimistas e parecem esperar ganhos importantes de eficiência fiscal, sendo outro dos reptos do Governo&quot;, adiantou. </p>
<p> A proposta de OE prevê um défice orçamental de 2,9 pct do PIB em 1997 contra uma previsão governamental de cerca de 4,0 pct este ano e um crescimento do PIB entre 2,75 e 3,25 pct versus entre 2,5 a três pct na proposta de OE para 1996. </p>
<p> A inflação prevista para 1997 é de 2,25 a 2,5 pct contra a previsão do ministro das Finanças de 3,2 ou 3,3 pct este ano. </p>
<p> As receitas do Estado deverão crescer, em 1997, ligeiramente mais do que os nove pct e as despesas registarão um crescimento superior a 4,5 pct. </p>
<p> Os quatro analistas contactados concordam que é possível atingir um défice de 2,9 pct do PIB e que o crescimento do Produto se possa situar num ponto médio de três pct. </p>
<p> &quot;O objectivo da inflação parece-me razoável, mas está condicionado pelo que for negociado na concertação social para o aumento de salários&quot;, disse Carla Rebelo, analista da Finantia. </p>
<p> &quot;Se o Governo aumentar os salários da Função Pública 2,25 a 2,5 pct era bastante positivo porque era uma moderação salarial contra 1996 de cerca de dois pontos&quot;, lembrou José Luis Alzola. </p>
<p> &quot;Uma moderação salarial em 1997 iria permitir a desaceleração da inflação dos bens não-transaccionáveis e pressionar o IPC em baixa&quot;, disse uma analista de um broker. </p>
<p> &quot;A única coisa que está a manter a inflação próxima dos três pct é o facto da inflação dos bens não transaccionáveis não ter descido da casa dos 4,0 pct&quot;, referiu Carla Rebelo. </p>
<p> &quot;Isso deveu-se ao facto do crescimento dos salários em 1996 ter sido mais ou menos parecido com o de 1995&quot;, adiantou. </p>
<p> Quanto às receitas, Alzola refere que, partindo do princípio que não há aumento de impostos como apregoado pelo Governo, a sua taxa de crescimento nominal parece demasiado alta. </p>
<p> &quot;É capaz de ser um pouco optimista estimar um crescimento nominal das receitas (do Estado) na casa dos nove pct com um crescimento (nominal) do PIB na casa dos cinco a 5,5 pct&quot;, concordou Carla Rebelo. </p>
<p> &quot;Parece que se está a contar com uma obtenção de ganhos significativos na eficácia da máquina fiscal que, apesar de não ser descartável, é uma grande nota de precaução a ter em conta&quot;, referiu Alzola. </p>
<p> &quot;São sugeridas a abolição de algumas deduções e a instituição de colectas mínimas e de métodos indiciários, mas isso ainda não está escrito ou pelo menos não é conhecido, daí serem necessárias cautelas do lado das receitas&quot;, disse a primeira analista. </p>
<p> Para José Luis Alzola, o comprometimento do OE com Maastricht é evidente e não é de excluir que, caso haja sinais de derrapagem orçamental em 1997, o Governo faça acertos orçamentais na despesa ou na receita. </p>
<p> - Lisboa Editorial, 351-1-3150035. </p>
<p> (c) Reuters Limited 1996. </p></text>
<copyright>(c) Reuters Limited 1996</copyright>
<metadata>
<codes class="bip:countries:1.0">
<code code="RfmiKRNjww">
<editdetail action="confirmed" attribution="Reuters BIP Coding Group" date="1996-10-11"></editdetail></code>
<code code="KQmcUUfEfi">
<editdetail action="confirmed" attribution="Reuters BIP Coding Group" date="1996-10-11"></editdetail></code>
<code code="ANfCPNBZaq">
<editdetail action="confirmed" attribution="Reuters BIP Coding Group" date="1996-10-11"></editdetail></code></codes>
<codes class="bip:topics:1.0">
<code code="VUSDfgQmPd">
<editdetail action="confirmed" attribution="Reuters BIP Coding Group" date="1996-10-11"></editdetail></code>
<code code="nEFxYaONVj">
<editdetail action="confirmed" attribution="Reuters BIP Coding Group" date="1996-10-11"></editdetail></code>
<code code="uQdUKlsFCF">
<editdetail action="confirmed" attribution="Reuters BIP Coding Group" date="1996-10-11"></editdetail></code>
<code code="FWtBBIgYNB">
<editdetail action="confirmed" attribution="Reuters BIP Coding Group" date="1996-10-11"></editdetail></code>
<code code="ARJCeUwHnq">
<editdetail action="confirmed" attribution="Reuters BIP Coding Group" date="1996-10-11"></editdetail></code></codes>
<dc element="dc.publisher" value="Reuters Holdings Plc"></dc>
<dc element="dc.datepublished" value="1996-10-11"></dc>
<dc element="dc.source" value="Reuters - Notícias em Português"></dc>
<dc element="dc.creator.location" value=""></dc>
<dc element="dc.creator.location.country.name" value=""></dc></metadata></newsitem>