<?xml version="1.0" encoding="UTF-8"?>

<newsitem date="1996-10-10" id="root" itemid="49632" xml:lang="pt">
<title></title>
<headline> FUTUROS E CASH PREVÊEM-SE LEVE BAIXA,MAS FIRMES. </headline>
<byline></byline>
<dateline></dateline>
<text>
<p> As OT deverão hoje negociar com os Futuros e o cash em leve baixa com os periféricos mas, a haver correcção, não será significativa, prevendo-se que os 10 anos continuem suportados e a manter um spread entre os menos cinco e os menos 10 basis points (bp) contra os Bonos, disseram dealers. *Futuro Bono Dez/96 108,35 vs 108,42 fecho anterior *Taxa máxima BT 182 dias cai 0,08 para 6,70 pct *BP cede até 100 MC, 4 dias, em leilão (antes 7,10 pct). </p>
<p> (c) Reuters Limited 1996. </p></text>
<copyright>(c) Reuters Limited 1996</copyright>
<metadata>
<codes class="bip:countries:1.0">
<code code="TwJRaMYHow">
<editdetail action="confirmed" attribution="Reuters BIP Coding Group" date="1996-10-10"></editdetail></code>
<code code="OobZCPFyFb">
<editdetail action="confirmed" attribution="Reuters BIP Coding Group" date="1996-10-10"></editdetail></code>
<code code="LZyBtwktkd">
<editdetail action="confirmed" attribution="Reuters BIP Coding Group" date="1996-10-10"></editdetail></code></codes>
<codes class="bip:topics:1.0">
<code code="djLpihCkPw">
<editdetail action="confirmed" attribution="Reuters BIP Coding Group" date="1996-10-10"></editdetail></code>
<code code="geHqxRjMuW">
<editdetail action="confirmed" attribution="Reuters BIP Coding Group" date="1996-10-10"></editdetail></code></codes>
<dc element="dc.publisher" value="Reuters Holdings Plc"></dc>
<dc element="dc.datepublished" value="1996-10-10"></dc>
<dc element="dc.source" value="Reuters - Notícias em Português"></dc>
<dc element="dc.creator.location" value=""></dc>
<dc element="dc.creator.location.country.name" value=""></dc></metadata></newsitem>