<?xml version="1.0" encoding="UTF-8"?>

<newsitem date="1996-09-18" id="root" itemid="49029" xml:lang="pt">
<title></title>
<headline> ESCUDO MANTÉM-SE FORTE VS MARCO MAS CONTROLADA BP. </headline>
<byline></byline>
<dateline></dateline>
<text>
<p> O escudo manteve-se forte contra o marco ao longo da manhã, mas muito centralizado nos 102,00. Dealers dizem que o escudo aguarda por sinais do exterior e que se o dólar acentuar os seus ganhos, arrastando consigo na subida as moedas do sul da Europa, a portuguesa irá na onda, embora controlada pelo BP. </p>
<p> *Escudo 101,97/99 por marco contra 102,00/05 na abertura </p>
<p> *Escudo oscilou entre 101,97 e 102,05 por marco </p>
<p> *Peseta 84,15/17 por marco contra 84,16/18 na abertura </p>
<p> *Dólar 1,5137/42 marcos, ao nível da abertura Europa </p>
<p> *BP anuncia 1315 TMG condições cedência MMI próximo período. </p>
<p>     ----José Barata, Lisboa Editorial, 351.1.3113121. </p>
<p> (c) Reuters Limited 1996. </p></text>
<copyright>(c) Reuters Limited 1996</copyright>
<metadata>
<codes class="bip:countries:1.0">
<code code="rwmPcVmGjE">
<editdetail action="confirmed" attribution="Reuters BIP Coding Group" date="1996-09-18"></editdetail></code>
<code code="zGpTJkQRtO">
<editdetail action="confirmed" attribution="Reuters BIP Coding Group" date="1996-09-18"></editdetail></code>
<code code="bQARhmUzCm">
<editdetail action="confirmed" attribution="Reuters BIP Coding Group" date="1996-09-18"></editdetail></code></codes>
<codes class="bip:topics:1.0">
<code code="sIByxXxHBc">
<editdetail action="confirmed" attribution="Reuters BIP Coding Group" date="1996-09-18"></editdetail></code>
<code code="gDvxqLMmCL">
<editdetail action="confirmed" attribution="Reuters BIP Coding Group" date="1996-09-18"></editdetail></code>
<code code="UOlppXqyFJ">
<editdetail action="confirmed" attribution="Reuters BIP Coding Group" date="1996-09-18"></editdetail></code></codes>
<dc element="dc.publisher" value="Reuters Holdings Plc"></dc>
<dc element="dc.datepublished" value="1996-09-18"></dc>
<dc element="dc.source" value="Reuters - Notícias em Português"></dc>
<dc element="dc.creator.location" value=""></dc>
<dc element="dc.creator.location.country.name" value=""></dc></metadata></newsitem>