<?xml version="1.0" encoding="UTF-8"?>

<newsitem date="1996-10-28" id="root" itemid="50102" xml:lang="pt">
<title></title>
<headline> DÉFICE COMERCIAL INTRA-UE JAN-JUL 96 CAI 17,1 PCT. </headline>
<byline></byline>
<dateline></dateline>
<text>
<p>     LISBOA, 28 Out (Reuter) - O défice comercial português com </p>
<p> os países da União Europeia (UE) caiu 17,1 pct, no período de </p>
<p> Janeiro a Julho de 1996, para 467,7 milhões de contos (MC) </p>
<p> relativamente ao período homólogo, anunciou o Instituto Nacional </p>
<p> de Estatística (INE). </p>
<p>     Neste período, Portugal importou 2.234,5 MC de produtos da </p>
<p> União Europeia (UE), mais 0,3 pct em relação ao período </p>
<p> homólogo, e exportou 1.766,8 MC, mais 6,3 pct. </p>
<p>     Dados relativos ao comércio intra-comunitário de Portugal: </p>
<p> . </p>
<p>      JAN-JUL 96    JAN-JUL 95    Evolução  IMPORTAÇÃO    2.234,5  2.226,7   + 0,3%  EXPORTAÇÃO    1.766,8  1.662,5   + 6,3%  DÉFICE     467,7    564,3   -17,1  TX COBERTURA    79,1%    74,7% </p>
<p>     1996 - versão declarada preliminar. 1995 - valores </p>
<p> definitivos. </p>
<p>     ----Lisboa Editorial, 351.1.315-00-35. </p>
<p> (c) Reuters Limited 1996. </p></text>
<copyright>(c) Reuters Limited 1996</copyright>
<metadata>
<codes class="bip:countries:1.0">
<code code="PgprgIwvSm">
<editdetail action="confirmed" attribution="Reuters BIP Coding Group" date="1996-10-28"></editdetail></code>
<code code="Cgrmzwuoth">
<editdetail action="confirmed" attribution="Reuters BIP Coding Group" date="1996-10-28"></editdetail></code>
<code code="lVSfSHXgtl">
<editdetail action="confirmed" attribution="Reuters BIP Coding Group" date="1996-10-28"></editdetail></code></codes>
<codes class="bip:topics:1.0">
<code code="WShEWNqqhc">
<editdetail action="confirmed" attribution="Reuters BIP Coding Group" date="1996-10-28"></editdetail></code>
<code code="BvCpAwpUoj">
<editdetail action="confirmed" attribution="Reuters BIP Coding Group" date="1996-10-28"></editdetail></code>
<code code="QYckTXjkhY">
<editdetail action="confirmed" attribution="Reuters BIP Coding Group" date="1996-10-28"></editdetail></code></codes>
<dc element="dc.publisher" value="Reuters Holdings Plc"></dc>
<dc element="dc.datepublished" value="1996-10-28"></dc>
<dc element="dc.source" value="Reuters - Notícias em Português"></dc>
<dc element="dc.creator.location" value=""></dc>
<dc element="dc.creator.location.country.name" value=""></dc></metadata></newsitem>