<?xml version="1.0" encoding="UTF-8"?>

<newsitem date="1996-09-30" id="root" itemid="49356" xml:lang="pt">
<title></title>
<headline> BDP INTERROMPIDA POR PROBLEMAS COMUNICAÇÕES. </headline>
<byline></byline>
<dateline></dateline>
<text>
<p> LISBOA, 30 Set (Reuter) - A negociação na Bolsa de Derivados do Porto (BDP) está interrompida, desde as 1207 horas locais, devido a problemas de comunicações e o regresso à normalidade ainda não tem hora marcada, disse uma fonte oficial da BDP. </p>
<p> &quot;Existe um problema de comunicações com a Telepac e a negociação (na BDP) está interrompida. Ainda não há uma hora exacta para retomar a negociação&quot;, disse. </p>
<p> - Lisboa Editorial, 351-1-3150035. </p>
<p> (c) Reuters Limited 1996. </p></text>
<copyright>(c) Reuters Limited 1996</copyright>
<metadata>
<codes class="bip:countries:1.0">
<code code="QrjyAIcmMM">
<editdetail action="confirmed" attribution="Reuters BIP Coding Group" date="1996-09-30"></editdetail></code>
<code code="BTDixtRwUD">
<editdetail action="confirmed" attribution="Reuters BIP Coding Group" date="1996-09-30"></editdetail></code>
<code code="tfCjeMkCST">
<editdetail action="confirmed" attribution="Reuters BIP Coding Group" date="1996-09-30"></editdetail></code></codes>
<codes class="bip:topics:1.0">
<code code="pwJETESQpw">
<editdetail action="confirmed" attribution="Reuters BIP Coding Group" date="1996-09-30"></editdetail></code>
<code code="RQjsTOowki">
<editdetail action="confirmed" attribution="Reuters BIP Coding Group" date="1996-09-30"></editdetail></code></codes>
<dc element="dc.publisher" value="Reuters Holdings Plc"></dc>
<dc element="dc.datepublished" value="1996-09-30"></dc>
<dc element="dc.source" value="Reuters - Notícias em Português"></dc>
<dc element="dc.creator.location" value=""></dc>
<dc element="dc.creator.location.country.name" value=""></dc></metadata></newsitem>