<?xml version="1.0" encoding="UTF-8"?>

<newsitem date="1996-10-15" id="root" itemid="49773" xml:lang="pt">
<title></title>
<headline> MELHORIA EFICIÊNCIA FISCAL RENDE 110 MC EM 1997. </headline>
<byline></byline>
<dateline></dateline>
<text>
<p> LISBOA, 15 Out (Reuter) - A melhoria da eficiência fiscal vai render aos cofres do Estado em 1997 o equivalente a 2,9 pct da receita prevista de impostos, ou 110 milhões de contos (MC), segundo afirma a proposta de Orçamento de Estado para 1997 hoje entregue na Assembleia da República. </p>
<p> Em 1996, segundo o mesmo documento, os ganhos provenientes da maior eficácia foram de 2,3 pct da receita total. </p>
<p> No IRS o Estado espera obter 39,5 MC por esta via, enquanto no IRC esse valor ascende a 29,8 MC e, no IVA, 41 MC. Espera ainda, pela maior eficiência, obter 2,0 MC extra no imposto de selo. </p>
<p> O Governo afirma que pretende atingir estas melhorias com algumas medidas preconizadas para luta contra a fraude fiscal, assim como com a recuperação económica e com a entrada em vigor do plano de recuperação de dívidas das empresas ao Fisco e à Segurança Social. </p>
<p> - Fernanda Pargana, Lisboa Editorial, 351-1-3113126. </p>
<p> (c) Reuters Limited 1996. </p></text>
<copyright>(c) Reuters Limited 1996</copyright>
<metadata>
<codes class="bip:countries:1.0">
<code code="GiAiUxbgUW">
<editdetail action="confirmed" attribution="Reuters BIP Coding Group" date="1996-10-15"></editdetail></code>
<code code="ndjXcJozLj">
<editdetail action="confirmed" attribution="Reuters BIP Coding Group" date="1996-10-15"></editdetail></code>
<code code="KnjVkHYNLZ">
<editdetail action="confirmed" attribution="Reuters BIP Coding Group" date="1996-10-15"></editdetail></code></codes>
<codes class="bip:topics:1.0">
<code code="DcXGomydHj">
<editdetail action="confirmed" attribution="Reuters BIP Coding Group" date="1996-10-15"></editdetail></code>
<code code="pjHxghMwPl">
<editdetail action="confirmed" attribution="Reuters BIP Coding Group" date="1996-10-15"></editdetail></code>
<code code="XptENTZudn">
<editdetail action="confirmed" attribution="Reuters BIP Coding Group" date="1996-10-15"></editdetail></code></codes>
<dc element="dc.publisher" value="Reuters Holdings Plc"></dc>
<dc element="dc.datepublished" value="1996-10-15"></dc>
<dc element="dc.source" value="Reuters - Notícias em Português"></dc>
<dc element="dc.creator.location" value=""></dc>
<dc element="dc.creator.location.country.name" value=""></dc></metadata></newsitem>