<?xml version="1.0" encoding="UTF-8"?>

<newsitem date="1996-10-23" id="root" itemid="49988" xml:lang="pt">
<title></title>
<headline> ACÇÕES ABREM MISTAS, FUTUROS CAEM, BMC, CPP E PT. </headline>
<byline></byline>
<dateline></dateline>
<text>
<p> LISBOA, 23 Out (Reuter) - As acções do Contínuo abriram mistas e a liquidez a somar 4,5 milhões de contos, dos quais 80 pct referentes ao negócio com BMC, prevendo-se que a tendência não sofra fortes alterações até fecho, negociando-se alguns papéis pontualmente por razões específicas. </p>
<p> &quot;O mercado não deve sair desta tendência. Vão-se picando alguns papéis por razões específicas e também fundamentais e mais nada&quot;, disse uma dealer. &quot;Verdadeiro interesse não se sente&quot;, adiantou. A subida do Crédito Predial Português (CPP) deve-se, segundo dealers, a rumores sobre a possível venda da instituição pelo Grupo BPSM. </p>
<p> &quot;Este rumor já apareceu várias vezes no mercado e agora fala-se outra vez na venda da instituição&quot;, afirmou aquela dealer. </p>
<p> As acções do CPP variaram entre 1.535 e 1.620 escudos. </p>
<p> Desde o início do ano, o CPP subiu 29 pct. </p>
<p> Até ao momento, não foi possível obter esclarecimentos junto dos responsáveis do Grupo. </p>
<p> A forte transacção de acções do BMC, envolvendo cerca de nove pct do capital social, está relacionada com a passagem das acções detidas pela American International Group no Banco Mello de Investimentos. </p>
<p> *Os utilizadores de Reuter Terminal devem fazer duplo click em: (PINT) - Acções Contínuo por sectores de actividade (0#.INDEX.IN)-Índices nacionais (0#.INDEX) - Índices Internacionais (BDP/FUTEX1) - Mercado derivados nacional. </p>
<p> (c) Reuters Limited 1996. </p></text>
<copyright>(c) Reuters Limited 1996</copyright>
<metadata>
<codes class="bip:countries:1.0">
<code code="MOyUWlbcuT">
<editdetail action="confirmed" attribution="Reuters BIP Coding Group" date="1996-10-23"></editdetail></code>
<code code="rdCoNHYZzg">
<editdetail action="confirmed" attribution="Reuters BIP Coding Group" date="1996-10-23"></editdetail></code>
<code code="BanJGLbPOm">
<editdetail action="confirmed" attribution="Reuters BIP Coding Group" date="1996-10-23"></editdetail></code></codes>
<codes class="bip:topics:1.0">
<code code="qGhEPemkXD">
<editdetail action="confirmed" attribution="Reuters BIP Coding Group" date="1996-10-23"></editdetail></code>
<code code="tWyCEUrQgs">
<editdetail action="confirmed" attribution="Reuters BIP Coding Group" date="1996-10-23"></editdetail></code></codes>
<dc element="dc.publisher" value="Reuters Holdings Plc"></dc>
<dc element="dc.datepublished" value="1996-10-23"></dc>
<dc element="dc.source" value="Reuters - Notícias em Português"></dc>
<dc element="dc.creator.location" value=""></dc>
<dc element="dc.creator.location.country.name" value=""></dc></metadata></newsitem>