<?xml version="1.0" encoding="UTF-8"?>

<newsitem date="1996-09-06" id="root" itemid="48708" xml:lang="pt">
<title></title>
<headline> ACÇÕES ABREM EM QUEDA, AGUARDAM DESEMPREGO EUA. </headline>
<byline></byline>
<dateline></dateline>
<text>
<p> LISBOA, 6 Set (Reuter) - As acções do Contínuo e os Futuros sobre o PSI20 abriram em queda e a liquidez do cash a somar um milhão de contos, prevendo os operadores que o mercado permaneça aos actuais níveis até à divulgação do desemprego nos EUA. </p>
<p> &quot;Estamos à espera para ver que números saem nos EUA, pois esses é que vão ditar a tendência dos mercados internacionais&quot;, disse um dealer. </p>
<p> &quot;A maioria das vezes nós não seguimos a direcção das outras praças, mas este tipo de informação económica deixa sempre alguma expectativa no ar&quot;, afirmou um dealer. </p>
<p> O índice PSI20 está a cair 0,35 pct. </p>
<p> As acções da Portugal Telecom (PT) variaram hoje entre 4.090 e 4.120 escudos, as da Cimpor entre 3.470 e 3.490 escudos e as da Modelo Continente entre 4.305 e 4.370 escudos. </p>
<p> No total, mudaram de mãos 372 contratos de Futuros sobre o PSI20 com o de Set/96 a cair 13 pontos, o de Out/96 27 pontos e o de Dez/96 seis pontos. </p>
<p> - Paula Cordeiro, Lisboa Editorial, 351-1-3150035. (c) Reuters Limited 1996. </p></text>
<copyright>(c) Reuters Limited 1996</copyright>
<metadata>
<codes class="bip:countries:1.0">
<code code="OAnPfHwDif">
<editdetail action="confirmed" attribution="Reuters BIP Coding Group" date="1996-09-06"></editdetail></code>
<code code="OkeqyVsQED">
<editdetail action="confirmed" attribution="Reuters BIP Coding Group" date="1996-09-06"></editdetail></code>
<code code="rxfGhkMRLx">
<editdetail action="confirmed" attribution="Reuters BIP Coding Group" date="1996-09-06"></editdetail></code></codes>
<codes class="bip:topics:1.0">
<code code="cJuAnypBBC">
<editdetail action="confirmed" attribution="Reuters BIP Coding Group" date="1996-09-06"></editdetail></code>
<code code="gWfgGQKkon">
<editdetail action="confirmed" attribution="Reuters BIP Coding Group" date="1996-09-06"></editdetail></code></codes>
<dc element="dc.publisher" value="Reuters Holdings Plc"></dc>
<dc element="dc.datepublished" value="1996-09-06"></dc>
<dc element="dc.source" value="Reuters - Notícias em Português"></dc>
<dc element="dc.creator.location" value=""></dc>
<dc element="dc.creator.location.country.name" value=""></dc></metadata></newsitem>