<?xml version="1.0" encoding="UTF-8"?>

<newsitem date="1996-09-17" id="root" itemid="48997" xml:lang="pt">
<title></title>
<headline> ACÇÕES E FUTUROS PSI20 SEGUEM EM QUEDA, PT E LISNAVE. </headline>
<byline></byline>
<dateline></dateline>
<text>
<p> LISBOA, 17 Set (Reuter) - As acções do Contínuo e os Futuros sobre o PSI20 seguiam em queda na meia sessão com a liquidez no cash a somar 2,1 milhões de contos e operadores afirmaram que o sentimento negativo se vai manter até ao fecho, ainda, para mais porque as principais praças também estão a cair. </p>
<p> &quot;O sentimento negativo deve manter-se até ao fecho&quot;, disse uma operadora. </p>
<p> &quot;Entretanto, as principais bolsas inverteram a tendência e também estão a cair o que não é nada positivo&quot;, disse outro dealer. </p>
<p> O PSI20 está cair 0,17 pct. </p>
<p> Nos mercados americanos voltou-se hoje a falar da subida das taxas de curto-prazo e o resultado foi a queda da Bolsa, que arrastou a Europa, e das obrigações. Oito dos 12 bancos da &apos;Federal Reserve System&apos; pediram um aumento da taxa de desconto. </p>
<p> A próxima reunião do FOMC realiza-se a 24 de Setembro, terça-feira. </p>
<p> Internamente, dealers voltaram a afirmar que os investidores continuam a realizar mais valias naqueles papéis que mais subiram, como é o caso da PT e da Cimpor, esta última agravada também pelas declarações do seu presidente, afirmando que a cotação está cara. </p>
<p> A procura súbita por acções do Banco Chemical Portugal deve-se à Oferta Pública de Aquisição lançada pelo BPSM que, apesar de ainda não ter data marcada, o mercado acredita que todo o processo possa estar concluído até ao final do Outubro. </p>
<p> O Banco Pinto &amp; Sotto Mayor (BPSM) oferece 1.650 escudos por cada acção do Banco Chemical. </p>
<p> As acções do Banco Chemical Portugal estão a subir 11 escudos para 1.621 com 97.842 papéis negociados. A Lisnave volta hoje a liderar os negócios com operadores a afirmarem que a forte liquidez se deve a movimentos especulativos. </p>
<p> A Cimpor quebrou hoje os 3.300 escudos, perdendo, neste momento, 32 escudos para 3.287, e a Sonae Investimentos está a cair 60 escudos para 4.455, tendo-se transaccionado 58.361 papéis. </p>
<p> No total, negociaram-se, no mercado de Futuros, 1.019 contratos sobre o PSI-20. </p>
<p> - Paula Cordeiro, Lisboa Editorial, 351-1-3150035. </p>
<p> (c) Reuters Limited 1996. </p></text>
<copyright>(c) Reuters Limited 1996</copyright>
<metadata>
<codes class="bip:countries:1.0">
<code code="DBSSRLLJqX">
<editdetail action="confirmed" attribution="Reuters BIP Coding Group" date="1996-09-17"></editdetail></code>
<code code="YevcDbnxDV">
<editdetail action="confirmed" attribution="Reuters BIP Coding Group" date="1996-09-17"></editdetail></code>
<code code="jiSpPVDfeY">
<editdetail action="confirmed" attribution="Reuters BIP Coding Group" date="1996-09-17"></editdetail></code></codes>
<codes class="bip:topics:1.0">
<code code="ltTsJfxzrU">
<editdetail action="confirmed" attribution="Reuters BIP Coding Group" date="1996-09-17"></editdetail></code>
<code code="qHrZiZndsc">
<editdetail action="confirmed" attribution="Reuters BIP Coding Group" date="1996-09-17"></editdetail></code>
<code code="UyDlcUEQUv">
<editdetail action="confirmed" attribution="Reuters BIP Coding Group" date="1996-09-17"></editdetail></code></codes>
<dc element="dc.publisher" value="Reuters Holdings Plc"></dc>
<dc element="dc.datepublished" value="1996-09-17"></dc>
<dc element="dc.source" value="Reuters - Notícias em Português"></dc>
<dc element="dc.creator.location" value=""></dc>
<dc element="dc.creator.location.country.name" value=""></dc></metadata></newsitem>