<?xml version="1.0" encoding="UTF-8"?>

<newsitem date="1996-09-20" id="root" itemid="49134" xml:lang="pt">
<title></title>
<headline> ESCUDO FECHA ALTA VS MARCO E VONTADE DE FORTALECER. </headline>
<byline></byline>
<dateline></dateline>
<text>
<p> LISBOA, 20 Set (Reuter) - O escudo fechou forte contra o marco e com vontade de continuar a apreciar-se, uma vez que esse é também o sentimento das moedas a que está mais ligado, como o franco francês e a peseta. </p>
<p> Às 1620 TMG, o escudo cotava 101,87/90 por marco contra 101,887 na cotação indicativa do Banco de Portugal (BP) e 101,89/92 na abertura. </p>
<p> &quot;O sentimento do mercado é para o enfraquecimento do marco, que a prolongar abre espaço para o fortalecimento das moedas do sul da Europa&quot;, disse um dealer que não quis ser identificado. </p>
<p> &quot;O marco-escudo ainda vai testar os 101,80&quot;, disse outro. </p>
<p> Dealers disseram que o escudo esteve centrado, ao longo da sessão, nos 101,90 por marco, apenas num momento chegou aos 102,00, em consequência de uma comercial. </p>
<p> &quot;O marco-escudo chegou a tocar a figura (102,00) devido a uma comercial, mas, por ser contrária ao movimento geral, voltou a inflectir para os 101,90&quot;, disse outro operador. </p>
<p> (c) Reuters Limited 1996.     ----José Barata, Lisboa Editorial, 351.1.3113121. </p>
<p> (c) Reuters Limited 1996. </p></text>
<copyright>(c) Reuters Limited 1996</copyright>
<metadata>
<codes class="bip:countries:1.0">
<code code="LaUPcRcXzf">
<editdetail action="confirmed" attribution="Reuters BIP Coding Group" date="1996-09-20"></editdetail></code>
<code code="YQMTZCcRgT">
<editdetail action="confirmed" attribution="Reuters BIP Coding Group" date="1996-09-20"></editdetail></code>
<code code="kYHcVfPfco">
<editdetail action="confirmed" attribution="Reuters BIP Coding Group" date="1996-09-20"></editdetail></code></codes>
<codes class="bip:topics:1.0">
<code code="QbxRPPLzuM">
<editdetail action="confirmed" attribution="Reuters BIP Coding Group" date="1996-09-20"></editdetail></code>
<code code="nbUEECcmJj">
<editdetail action="confirmed" attribution="Reuters BIP Coding Group" date="1996-09-20"></editdetail></code>
<code code="QOrgBvzxnt">
<editdetail action="confirmed" attribution="Reuters BIP Coding Group" date="1996-09-20"></editdetail></code></codes>
<dc element="dc.publisher" value="Reuters Holdings Plc"></dc>
<dc element="dc.datepublished" value="1996-09-20"></dc>
<dc element="dc.source" value="Reuters - Notícias em Português"></dc>
<dc element="dc.creator.location" value=""></dc>
<dc element="dc.creator.location.country.name" value=""></dc></metadata></newsitem>