<?xml version="1.0" encoding="UTF-8"?>

<newsitem date="1996-08-22" id="root" itemid="48333" xml:lang="pt">
<title></title>
<headline> INDICADORES ECONÓMICOS-PORTUGAL-ACTUALIZADO 22 AGO. </headline>
<byline></byline>
<dateline></dateline>
<text>
<p>          ÚLTIMO VALOR   MÊS ANTES  ANO ANTES </p>
<p> --------------------------------------------------------------- </p>
<p> Índice Preços Consumidor (pct) </p>
<p>    -Var. mensal    Jul  0,2 -0,1   0,0    -Var. média anual    Jul  3,4  3,3   4,3    -Var. homóloga anual Jul  3,8  3,6   3,7      Índice (base 100 em 1991)  131,6     131,4 126,8 </p>
<p> --------------------------------------------------------------- </p>
<p> Índice vendas retalho (pct)  Mar     147,0     132,1 138,9 </p>
<p> --------------------------------------------------------------- </p>
<p> Índ. Produção Industrial(c)  Mai     101,8 98,7 102,1 </p>
<p> --------------------------------------------------------------- </p>
<p> Índ. vol. negóc. indústria   Mai     155,6     142,4 144,6 Índ. emprego indústria  Mai 82,1 81,7  85,5 </p>
<p> --------------------------------------------------------------- </p>
<p> Índice de preços na produção industrial: </p>
<p>        Mai96     Abr96 Mai95     Extractiva        117,7     117,4 116,0     Alim, beb. tabaco      123,8     122,6 116,6     Têxtil       117,1     117,3 117,1     Prod. petrolíferos      99,4 94,6  79,6     Químicos e fibras      117,5     117,3 118,7     Minerais não metálicos      130,0     130,1 126,6     Metalúrgicas e metais  110,4     110,7 113,3     Electric., gás, água   134,9     130,9 137,2 </p>
<p> --------------------------------------------------------------- </p>
<p> Importações totais   (MC)    Abr     424,3     430,9 420,4      - extra UE (MC)    Mai     120,4     122,3 123,0 Exportações totais   (MC)    Abr     278,2     322,8 241,2      - extra UE (MC)    Mai 64,2 62,1  59,3 Défice total    (MC)    Abr     146,1     108,1 179,2      - extra UE (MC)    Mai 56,2 60,2  63,7 Défice acumul. total (MC)  Jan-Abr   456,3     302,3 529,2 Défice acum. extra UE(MC)  Jan-Mai   255,1     197,6 262,0 </p>
<p> --------------------------------------------------------------- </p>
<p> BTC (saldo MC)     Jun    - 62,3    -  92,7    -  8,7 </p>
<p> BTC (saldo MC) (acumulado)Jan-Jun   -521,6     -459,3    -446,0 </p>
<p> --------------------------------------------------------------- </p>
<p> Taxa de Desemprego (%)    2do trim     7,2   7,5  7,0 </p>
<p> --------------------------------------------------------------- </p>
<p> FBCF:(b) </p>
<p>    Variação pct (d)    4to tri 95 3,6  10,4  4,5 </p>
<p>    Valor p.correntes(MC) 95 a 93   3.687,5    3.389,9   3.074,9 </p>
<p> --------------------------------------------------------------- </p>
<p> Consumo em pct: (b)(d) </p>
<p>     Privado   4to tri 95     1,0   1,2  1,0     Público   4to tri 95     2,4   2,2  1,3 </p>
<p> --------------------------------------------------------------- </p>
<p> PIB: (b) </p>
<p>    Variação pct (d)     4to tri 95     1,9   1,6  0,7 </p>
<p>    Valor p.correntes(MC) 95 a 93    15.117     14.034    13.167 </p>
<p> --------------------------------------------------------------- </p>
<p> Res.oficiais liq(milhões USD)Jul     - 401 - 253     - 319 </p>
<p> Reservas acum.(milhões USD)  Jul    22.343     22.377    21.927 </p>
<p> --------------------------------------------------------------- </p>
<p> Liquidez (L-)(pct)      Jun  7,5   6,7 11,2 </p>
<p> --------------------------------------------------------------- </p>
<p> Fontes: INE e Banco de Portugal </p>
<p> (a) Dados não disponíveis </p>
<p> (b) Estimativas das Contas Nacionais Trimestrais do INE </p>
<p> (c)base 1990=100 </p>
<p> (d)Preços constantes de 1990, variações no ano terminado em cada </p>
<p> trimestre. </p>
<p>     ---Lisboa Editorial, 351-1-3150035. </p>
<p> (c) Reuters Limited 1996. </p></text>
<copyright>(c) Reuters Limited 1996</copyright>
<metadata>
<codes class="bip:countries:1.0">
<code code="OgHAHowcEy">
<editdetail action="confirmed" attribution="Reuters BIP Coding Group" date="1996-08-22"></editdetail></code>
<code code="uisVbDrZaP">
<editdetail action="confirmed" attribution="Reuters BIP Coding Group" date="1996-08-22"></editdetail></code>
<code code="xkVWheQfox">
<editdetail action="confirmed" attribution="Reuters BIP Coding Group" date="1996-08-22"></editdetail></code></codes>
<codes class="bip:topics:1.0">
<code code="xtwwcXHscy">
<editdetail action="confirmed" attribution="Reuters BIP Coding Group" date="1996-08-22"></editdetail></code>
<code code="jstICvisLL">
<editdetail action="confirmed" attribution="Reuters BIP Coding Group" date="1996-08-22"></editdetail></code>
<code code="zRrurSUlTy">
<editdetail action="confirmed" attribution="Reuters BIP Coding Group" date="1996-08-22"></editdetail></code></codes>
<dc element="dc.publisher" value="Reuters Holdings Plc"></dc>
<dc element="dc.datepublished" value="1996-08-22"></dc>
<dc element="dc.source" value="Reuters - Notícias em Português"></dc>
<dc element="dc.creator.location" value=""></dc>
<dc element="dc.creator.location.country.name" value=""></dc></metadata></newsitem>