<?xml version="1.0" encoding="UTF-8"?>

<newsitem date="1996-09-13" id="root" itemid="48903" xml:lang="pt">
<title></title>
<headline> FUTUROS E CASH SUPORTADOS APÓS IPC AMERICANO. </headline>
<byline></byline>
<dateline></dateline>
<text>
<p> As OT seguiam com os Futuros e o cash suportadíssimos, após o IPC americano de Agosto indiciar que o FED postecipe uma subida de taxas, prevendo dealers que possam aparecer tomadas de lucros,após &apos;corrida&apos; desta manhã,mas que os 10 anos se fixem dos menos cinco a menos 10 bp abaixo dos Bonos. *Futuro Dez/96 97,60 vs 96,78 no fecho anterior *Futuro Bono Dez/96 102,87 vs 102,00 fecho anterior *OT/Fev/06 106,70 (106,41), yield 8,38% vs 8,47% fecho *Spread OT/Fev/06 e Bonos/Abr/06 -7 bp vs -11 bp fecho *IPC EUA Ago cresce 0,1 pct vs previsão de 0,2 pct </p></text>
<copyright>(c) Reuters Limited 1996</copyright>
<metadata>
<codes class="bip:countries:1.0">
<code code="xFgYipUeBR">
<editdetail action="confirmed" attribution="Reuters BIP Coding Group" date="1996-09-13"></editdetail></code>
<code code="BUKtQWtGSo">
<editdetail action="confirmed" attribution="Reuters BIP Coding Group" date="1996-09-13"></editdetail></code>
<code code="tUuydEenFQ">
<editdetail action="confirmed" attribution="Reuters BIP Coding Group" date="1996-09-13"></editdetail></code></codes>
<codes class="bip:topics:1.0">
<code code="TbIjSYeLUR">
<editdetail action="confirmed" attribution="Reuters BIP Coding Group" date="1996-09-13"></editdetail></code>
<code code="bhtRczYoXG">
<editdetail action="confirmed" attribution="Reuters BIP Coding Group" date="1996-09-13"></editdetail></code></codes>
<dc element="dc.publisher" value="Reuters Holdings Plc"></dc>
<dc element="dc.datepublished" value="1996-09-13"></dc>
<dc element="dc.source" value="Reuters - Notícias em Português"></dc>
<dc element="dc.creator.location" value=""></dc>
<dc element="dc.creator.location.country.name" value=""></dc></metadata></newsitem>