<?xml version="1.0" encoding="UTF-8"?>

<newsitem date="1996-09-24" id="root" itemid="49194" xml:lang="pt">
<title></title>
<headline> ACÇÕES PREVÊEM-SE CALMAS À ESPERA DO FOMC DOS EUA. </headline>
<byline></byline>
<dateline></dateline>
<text>
<p> As acções do Contínuo e os Futuros sobre o PSI-20 deverão abrir calmos, à semelhança do que aconteceu ontem, com o mercado na expectativa da reunião do FOMC da Fed dos EUA hoje, que pode decidir por uma subida das taxas de curto prazo. Interesse dos investidores pode manter-se em papéis que não exprimem o sentimento do mercado, como Tertir, Banco Chemical e Lisnave. *Índice PSI-20 fechou a cair 0,29 pct para 4.752,97 *Futuro PSI20 Out96 fechou a 4.797 pontos *PT fechou em Nova Iorque a cair para 26,1/4 dólares *Reunião do FOMC da Fed dos EUA tem início às 1300 TMG. </p>
<p> - Paula Cordeiro, Lisboa Editorial, 351-1-3150035. (c) Reuters Limited 1996. </p></text>
<copyright>(c) Reuters Limited 1996</copyright>
<metadata>
<codes class="bip:countries:1.0">
<code code="fYtovnNQoP">
<editdetail action="confirmed" attribution="Reuters BIP Coding Group" date="1996-09-24"></editdetail></code>
<code code="jtRsHnUjLW">
<editdetail action="confirmed" attribution="Reuters BIP Coding Group" date="1996-09-24"></editdetail></code>
<code code="EXiAIsFgFz">
<editdetail action="confirmed" attribution="Reuters BIP Coding Group" date="1996-09-24"></editdetail></code></codes>
<codes class="bip:topics:1.0">
<code code="GMOYrOvZKJ">
<editdetail action="confirmed" attribution="Reuters BIP Coding Group" date="1996-09-24"></editdetail></code>
<code code="tEYeKRzBbV">
<editdetail action="confirmed" attribution="Reuters BIP Coding Group" date="1996-09-24"></editdetail></code></codes>
<dc element="dc.publisher" value="Reuters Holdings Plc"></dc>
<dc element="dc.datepublished" value="1996-09-24"></dc>
<dc element="dc.source" value="Reuters - Notícias em Português"></dc>
<dc element="dc.creator.location" value=""></dc>
<dc element="dc.creator.location.country.name" value=""></dc></metadata></newsitem>