<?xml version="1.0" encoding="UTF-8"?>

<newsitem date="1996-08-26" id="root" itemid="48412" xml:lang="pt">
<title></title>
<headline> ACÇÕES SEGUEM EM ALTA LIGEIRA, NÃO DEVE MELHORAR. </headline>
<byline></byline>
<dateline></dateline>
<text>
<p> LISBOA, 26 Ago (Reuter) - As acções do Contínuo e os Futuros sobre o PSI20 seguiam em alta ligeira na meia sessão e a liquidez do cash a somar 1,5 milhões de contos com operadores a afirmarem que se denotam algumas puxadas de cotações, devido ao aproximar do final do mês. </p>
<p> &quot;Parece-me que alguns investidores estão a aproveitar a acalmia do dia de hoje para puxarem alguns preços&quot;, afirmou uma operadora. </p>
<p> &quot;O feriado em Londres está sem dúvida alguma a condicionar a negociação e não prevejo que se sintam muitas alterações até ao fecho&quot;, disse outro. </p>
<p> No total, mudaram de mãos 193 contratos de Futuros sobre o PSI20, com o de Setembro/96 a subir 17 pontos para 4.692 e o de Dezembro/96 a ganhar nove pontos para 4.767. </p>
<p> - Paula Cordeiro, Lisboa Editorial, 351-1-3150035. (c) Reuters Limited 1996. </p></text>
<copyright>(c) Reuters Limited 1996</copyright>
<metadata>
<codes class="bip:countries:1.0">
<code code="lslpjoGPto">
<editdetail action="confirmed" attribution="Reuters BIP Coding Group" date="1996-08-26"></editdetail></code>
<code code="ElyGQwJYBz">
<editdetail action="confirmed" attribution="Reuters BIP Coding Group" date="1996-08-26"></editdetail></code>
<code code="qmBZzUNVGY">
<editdetail action="confirmed" attribution="Reuters BIP Coding Group" date="1996-08-26"></editdetail></code></codes>
<codes class="bip:topics:1.0">
<code code="TRjqUDUdaw">
<editdetail action="confirmed" attribution="Reuters BIP Coding Group" date="1996-08-26"></editdetail></code>
<code code="rtzAWoxwse">
<editdetail action="confirmed" attribution="Reuters BIP Coding Group" date="1996-08-26"></editdetail></code>
<code code="AbhkMfWtDA">
<editdetail action="confirmed" attribution="Reuters BIP Coding Group" date="1996-08-26"></editdetail></code></codes>
<dc element="dc.publisher" value="Reuters Holdings Plc"></dc>
<dc element="dc.datepublished" value="1996-08-26"></dc>
<dc element="dc.source" value="Reuters - Notícias em Português"></dc>
<dc element="dc.creator.location" value=""></dc>
<dc element="dc.creator.location.country.name" value=""></dc></metadata></newsitem>