<?xml version="1.0" encoding="UTF-8"?>

<newsitem date="1996-09-18" id="root" itemid="49030" xml:lang="pt">
<title></title>
<headline> VENDAS MOTA &amp; C. 1RO SEM 96 CAEM P/ 14,480 MC. </headline>
<byline></byline>
<dateline></dateline>
<text>
<p>     LISBOA, 18 Set (Reuter) - Resultados da Mota &amp; Companhia de </p>
<p> 1 de Janeiro até 30 de Junho de 1996. </p>
<p>     (valores em milhões de contos, salvo indicação em contrário) </p>
<p> Resultados líquido       0,317    vs    0,266 Volume negócios    14,480    vs   15,836 Cash-flow      1,637    vs   1,647. Res. financeiros        (0,410)   vs   (1,970) </p>
<p>     &quot;Os resultados operacionais da empresa ascenderam a 1,047 </p>
<p> MC, montante que, face à produção atingida de 15,132 MC, </p>
<p> traduzem uma margem bruta próxima dos sete pct&quot;, refere a Mota &amp; </p>
<p> Companhia. </p>
<p>     ----Sérgio Gonçalves, Lisboa Editorial, 351-1-3150035 </p>
<p> (c) Reuters Limited 1996. </p></text>
<copyright>(c) Reuters Limited 1996</copyright>
<metadata>
<codes class="bip:countries:1.0">
<code code="thgoBMhRTo">
<editdetail action="confirmed" attribution="Reuters BIP Coding Group" date="1996-09-18"></editdetail></code>
<code code="YfwBSskEyz">
<editdetail action="confirmed" attribution="Reuters BIP Coding Group" date="1996-09-18"></editdetail></code>
<code code="JlVlWffmhN">
<editdetail action="confirmed" attribution="Reuters BIP Coding Group" date="1996-09-18"></editdetail></code></codes>
<codes class="bip:topics:1.0">
<code code="qcqtTXOxNE">
<editdetail action="confirmed" attribution="Reuters BIP Coding Group" date="1996-09-18"></editdetail></code>
<code code="kzJqeiWyRD">
<editdetail action="confirmed" attribution="Reuters BIP Coding Group" date="1996-09-18"></editdetail></code>
<code code="FQgoMnTTvi">
<editdetail action="confirmed" attribution="Reuters BIP Coding Group" date="1996-09-18"></editdetail></code></codes>
<dc element="dc.publisher" value="Reuters Holdings Plc"></dc>
<dc element="dc.datepublished" value="1996-09-18"></dc>
<dc element="dc.source" value="Reuters - Notícias em Português"></dc>
<dc element="dc.creator.location" value=""></dc>
<dc element="dc.creator.location.country.name" value=""></dc></metadata></newsitem>