<?xml version="1.0" encoding="UTF-8"?>

<newsitem date="1996-10-02" id="root" itemid="49408" xml:lang="pt">
<title></title>
<headline> FUTURO OT DEZ/96 ABRE 101,15 CONTRA 100,80. </headline>
<byline></byline>
<dateline></dateline>
<text>
<p> *Futuro Dez/96 101,15 vs 100,80 no fecho anterior </p>
<p> *Futuro Bono Dez/96 sobe 0,45 pontos para 107,09 </p>
<p> *BP cede em leilão até 230 MC e absorve a 6,80 pct </p>
<p> *Taxa máxima BT 91 dias cai 0,05 para 6,95 pct </p>
<p> - Sérgio Gonçalves, Lisboa Editorial, 351-1-3150035. </p>
<p> (c) Reuters Limited 1996. </p></text>
<copyright>(c) Reuters Limited 1996</copyright>
<metadata>
<codes class="bip:countries:1.0">
<code code="aFRMiKkCOQ">
<editdetail action="confirmed" attribution="Reuters BIP Coding Group" date="1996-10-02"></editdetail></code>
<code code="AxrkQtjgew">
<editdetail action="confirmed" attribution="Reuters BIP Coding Group" date="1996-10-02"></editdetail></code>
<code code="VllMIyJpOD">
<editdetail action="confirmed" attribution="Reuters BIP Coding Group" date="1996-10-02"></editdetail></code></codes>
<codes class="bip:topics:1.0">
<code code="kxSVSXapPX">
<editdetail action="confirmed" attribution="Reuters BIP Coding Group" date="1996-10-02"></editdetail></code>
<code code="snEFRVtOPw">
<editdetail action="confirmed" attribution="Reuters BIP Coding Group" date="1996-10-02"></editdetail></code></codes>
<dc element="dc.publisher" value="Reuters Holdings Plc"></dc>
<dc element="dc.datepublished" value="1996-10-02"></dc>
<dc element="dc.source" value="Reuters - Notícias em Português"></dc>
<dc element="dc.creator.location" value=""></dc>
<dc element="dc.creator.location.country.name" value=""></dc></metadata></newsitem>