<?xml version="1.0" encoding="UTF-8"?>

<newsitem date="1996-10-24" id="root" itemid="50009" xml:lang="pt">
<title></title>
<headline> ESCUDO ABRE FRAQUEJAR VS MARCO COM DÓLAR DÉBIL. </headline>
<byline></byline>
<dateline></dateline>
<text>
<p> O escudo abriu a fraquejar contra o marco, com alguma pressão compradora de marcos do exterior, embora com o mercado renitente a quebrar, de forma decidida, os 101,00. Dealers dizem que o enfraquecimento do dólar contra o marco está a afectar as moedas do sul da Europa, à excepção do franco francês, e que o escudo está a resistir a quebrar a figura. </p>
<p> *Escudo 100,95/98 por marco, ao náivel do fecho de ontem </p>
<p> *Peseta 84,25/26 por marco contra 84,22/24 fecho de ontem </p>
<p> *Dólar 1,5212/17 marcos vs 1,5207/12 fecho Europa de ontem </p>
<p> *Banco Suécia corta taxas directoras, repo passa para 4,6% </p>
<p>     ----José Barata, Lisboa Editorial, 351.1.3113121. </p>
<p> (c) Reuters Limited 1996. </p></text>
<copyright>(c) Reuters Limited 1996</copyright>
<metadata>
<codes class="bip:countries:1.0">
<code code="qOFRclQUZP">
<editdetail action="confirmed" attribution="Reuters BIP Coding Group" date="1996-10-24"></editdetail></code>
<code code="FjaCjRwQft">
<editdetail action="confirmed" attribution="Reuters BIP Coding Group" date="1996-10-24"></editdetail></code>
<code code="RpIDFDbdKm">
<editdetail action="confirmed" attribution="Reuters BIP Coding Group" date="1996-10-24"></editdetail></code></codes>
<codes class="bip:topics:1.0">
<code code="MNgAERTJYF">
<editdetail action="confirmed" attribution="Reuters BIP Coding Group" date="1996-10-24"></editdetail></code>
<code code="LhSdttfhCl">
<editdetail action="confirmed" attribution="Reuters BIP Coding Group" date="1996-10-24"></editdetail></code>
<code code="ocsbafxvGb">
<editdetail action="confirmed" attribution="Reuters BIP Coding Group" date="1996-10-24"></editdetail></code></codes>
<dc element="dc.publisher" value="Reuters Holdings Plc"></dc>
<dc element="dc.datepublished" value="1996-10-24"></dc>
<dc element="dc.source" value="Reuters - Notícias em Português"></dc>
<dc element="dc.creator.location" value=""></dc>
<dc element="dc.creator.location.country.name" value=""></dc></metadata></newsitem>