<?xml version="1.0" encoding="UTF-8"?>

<newsitem date="1996-08-23" id="root" itemid="48389" xml:lang="pt">
<title></title>
<headline> ACÇÕES FECHAM SUBIR COM PT E SOMAGUE A DAR CARTAS. </headline>
<byline></byline>
<dateline></dateline>
<text>
<p> 1545 TMG - As acções do Contínuo fecharam em alta, empurradas pela PT, a beneficiar com a subida em Nova Iorque, e pela Somague que continua com pressão compradora de institucionais, com o mercado líquido, apesar de &apos;amputado&apos; das acções do BFE e do BPI. </p>
<p> Dealers dizem que este interesse na Bolsa se poderá manter para a semana, especialmente se a PT continuar forte em Nova Iorque e o dólar se mostrar firme, e se a CMVM permitir o regresso à cotação do BFE e do BPI, a primeira a ajustar aquilo que o mercado pensa serem os níveis de privatização, e a segunda a beneficiar do efeito aquisição do Fomento. </p>
<p> Os futuros revelaram fraca actividade. </p>
<p> *Índice PSI20 sobe 0,23 pct para 4.667,43 pontos *PT sobe 38 escudos para 3.958, com 342.164 acções *Somague sobe 33 escudos para 1.136, com 267.560 *Cimpor sobe 11 escudos para 3.389, com 171.302 *PT sobe 0,625 dólares para 26,125 (3.975 escudos) *Contínuo movimenta 1.671.618 acções, 3,781 MC *Lucros líquido Cimpor 1ro sem 11,6 MC vs 10,2 MC homólogo 95 *Futuro PSI-20 Set96 sobe 9 pontos para 4.675. </p>
<p> (c) Reuters Limited 1996. - Lisboa Editorial, 351-1-3150035. (c) Reuters Limited 1996. </p></text>
<copyright>(c) Reuters Limited 1996</copyright>
<metadata>
<codes class="bip:countries:1.0">
<code code="jCJxZpUACP">
<editdetail action="confirmed" attribution="Reuters BIP Coding Group" date="1996-08-23"></editdetail></code>
<code code="ZwFzzEKOri">
<editdetail action="confirmed" attribution="Reuters BIP Coding Group" date="1996-08-23"></editdetail></code>
<code code="IvcbrGeLDB">
<editdetail action="confirmed" attribution="Reuters BIP Coding Group" date="1996-08-23"></editdetail></code></codes>
<codes class="bip:topics:1.0">
<code code="TYgMioHmBd">
<editdetail action="confirmed" attribution="Reuters BIP Coding Group" date="1996-08-23"></editdetail></code>
<code code="cUubBOvjiu">
<editdetail action="confirmed" attribution="Reuters BIP Coding Group" date="1996-08-23"></editdetail></code></codes>
<dc element="dc.publisher" value="Reuters Holdings Plc"></dc>
<dc element="dc.datepublished" value="1996-08-23"></dc>
<dc element="dc.source" value="Reuters - Notícias em Português"></dc>
<dc element="dc.creator.location" value=""></dc>
<dc element="dc.creator.location.country.name" value=""></dc></metadata></newsitem>