<?xml version="1.0" encoding="UTF-8"?>

<newsitem date="1996-10-29" id="root" itemid="50151" xml:lang="pt">
<title></title>
<headline> ESCUDO FECHA MAIS BAIXO COM COMERCIAL E DÓLAR. </headline>
<byline></byline>
<dateline></dateline>
<text>
<p> O escudo fechou em baixa em relação à abertura, devido a interesses comerciais de bancos residentes e também com a queda do dólar face ao marco, disseram operadores. Mantém-se alguma resistência do marco-escudo nos 101,20. </p>
<p> *Escudo 101,13/20 por marco contra 100,94/96 na abertura </p>
<p> *Peseta 84,28/30 por marco contra 84,22/24 de manhã </p>
<p> *Dólar 1,5080/90 marcos vs 1,5170/80 no fecho Europa ontem </p>
<p> *BP cede 51,550 MC a sete dias a TMP 7,00 pct </p>
<p> *US Consumer Confidence Out cai para 106,2 vs 111,8 Set </p>
<p> *Termina amanhã Cimeira Luso-Espanhola </p>
<p> (c) Reuters Limited 1996. </p></text>
<copyright>(c) Reuters Limited 1996</copyright>
<metadata>
<codes class="bip:countries:1.0">
<code code="PxSRFBGiNh">
<editdetail action="confirmed" attribution="Reuters BIP Coding Group" date="1996-10-29"></editdetail></code>
<code code="aSUSOtZBcV">
<editdetail action="confirmed" attribution="Reuters BIP Coding Group" date="1996-10-29"></editdetail></code>
<code code="cXchHkLCps">
<editdetail action="confirmed" attribution="Reuters BIP Coding Group" date="1996-10-29"></editdetail></code></codes>
<codes class="bip:topics:1.0">
<code code="PqPIJRJQdY">
<editdetail action="confirmed" attribution="Reuters BIP Coding Group" date="1996-10-29"></editdetail></code>
<code code="gpOsLHForu">
<editdetail action="confirmed" attribution="Reuters BIP Coding Group" date="1996-10-29"></editdetail></code>
<code code="QxzFhUfurD">
<editdetail action="confirmed" attribution="Reuters BIP Coding Group" date="1996-10-29"></editdetail></code></codes>
<dc element="dc.publisher" value="Reuters Holdings Plc"></dc>
<dc element="dc.datepublished" value="1996-10-29"></dc>
<dc element="dc.source" value="Reuters - Notícias em Português"></dc>
<dc element="dc.creator.location" value=""></dc>
<dc element="dc.creator.location.country.name" value=""></dc></metadata></newsitem>