<?xml version="1.0" encoding="UTF-8"?>

<newsitem date="1996-10-23" id="root" itemid="50002" xml:lang="pt">
<title></title>
<headline> ACÇÕES FECHAM SUBIR COM PUXADA FINAL, MELLO DOMINA. </headline>
<byline></byline>
<dateline></dateline>
<text>
<p> As acções do Contínuo fecharam em alta ligeira, com o mercado a puxar os preços no final de uma sessão em que os interesses foram muito concentrados, designadamente em Banco Mello Comercial que representou, em montante, mais de 50 pct do total transaccionado. Dealers dizem que o mercado se deverá manter estabilizado e com interesses concentrados em Cimpor e em CPP. *Índice PSI-20 (.PSI20)sobe 0,13 pct para 4.763,65 pontos *Banco Mello sobe 15 escudos para 1.350, com 2.694.401 acções *PT cai 7 escudos para 4.005, com 197.572 acções *Contínuo transacciona 3.894.099 acções, 6,048 MC *Futuro PSI20 Nov96 (PSI20X6)cai 4 pontos para 4.795. </p>
<p> - José Barata, Lisboa Editorial, 351-1-3150035. (c) Reuters Limited 1996. </p></text>
<copyright>(c) Reuters Limited 1996</copyright>
<metadata>
<codes class="bip:countries:1.0">
<code code="VbDhCMdTZQ">
<editdetail action="confirmed" attribution="Reuters BIP Coding Group" date="1996-10-23"></editdetail></code>
<code code="DZPKMfvnGi">
<editdetail action="confirmed" attribution="Reuters BIP Coding Group" date="1996-10-23"></editdetail></code>
<code code="DfTRqblryS">
<editdetail action="confirmed" attribution="Reuters BIP Coding Group" date="1996-10-23"></editdetail></code></codes>
<codes class="bip:topics:1.0">
<code code="KHWCwztnHB">
<editdetail action="confirmed" attribution="Reuters BIP Coding Group" date="1996-10-23"></editdetail></code>
<code code="rsrlkhngTM">
<editdetail action="confirmed" attribution="Reuters BIP Coding Group" date="1996-10-23"></editdetail></code></codes>
<dc element="dc.publisher" value="Reuters Holdings Plc"></dc>
<dc element="dc.datepublished" value="1996-10-23"></dc>
<dc element="dc.source" value="Reuters - Notícias em Português"></dc>
<dc element="dc.creator.location" value=""></dc>
<dc element="dc.creator.location.country.name" value=""></dc></metadata></newsitem>