<?xml version="1.0" encoding="UTF-8"?>

<newsitem date="1996-08-21" id="root" itemid="48280" xml:lang="pt">
<title></title>
<headline> ESCUDO ABRE CAIR VS MARCO COM DÓLAR DÉBIL POR FOMC. </headline>
<byline></byline>
<dateline></dateline>
<text>
<p> LISBOA, 21 Ago (Reuter) - O escudo abriu a cair contra o marco, a seguir as moedas europeias e o dólar, que reagiram em queda, ainda que ligeira, à decisão do FOMC da Reserva Federal (FED) de manter a sua política monetária. </p>
<p> O escudo abriu 102,53/56 por marco, ao nível do fecho de ontem. Às 0827 TMG, o escudo cotava 102,63/65 por marco. </p>
<p> &quot;O dólar caiu ligeiramente e arrastou consigo as moedas do sul da Europa, nada de novo e que não fosse já esperado, até porque o FED manteve as suas taxas&quot;, disse um dealer. </p>
<p> &quot;O dólar está suportado nos 1,4850 marcos, só não cai mais porque há expectativa quanto ao Buba amanhã&quot;, disse outro. </p>
<p> &quot;Com a peseta nos 84,70 por marco vamos ter o escudo a oscilar entre os 102,60 e 102,70 por marco, mas se a peseta quebrar aquele nível é de admitir que o marco-escudo teste níveis mais altos&quot;, disse outro operador. </p>
<p> Dealers dizem, no entanto, que há que ter sempre em consideração a atitude do Banco de Portugal (BP) num cenário de depreciação do escudo. </p>
<p> &quot;Mesmo que haja vontade em fazer cair o escudo, em sintonia com as moedas do sul da Europa, há que ter prudência porque o BP não costuma dar grande margem de manobra&quot;, disse este último operador. </p>
<p>     ----José Barata, Lisboa Editorial, 351.1.3113121. </p>
<p> (c) Reuters Limited 1996. </p></text>
<copyright>(c) Reuters Limited 1996</copyright>
<metadata>
<codes class="bip:countries:1.0">
<code code="LTorIxnOfY">
<editdetail action="confirmed" attribution="Reuters BIP Coding Group" date="1996-08-21"></editdetail></code>
<code code="BFcIzjrDBT">
<editdetail action="confirmed" attribution="Reuters BIP Coding Group" date="1996-08-21"></editdetail></code>
<code code="eXhplxKkdf">
<editdetail action="confirmed" attribution="Reuters BIP Coding Group" date="1996-08-21"></editdetail></code></codes>
<codes class="bip:topics:1.0">
<code code="gWTGUXXhLz">
<editdetail action="confirmed" attribution="Reuters BIP Coding Group" date="1996-08-21"></editdetail></code>
<code code="bvJPLEZMVV">
<editdetail action="confirmed" attribution="Reuters BIP Coding Group" date="1996-08-21"></editdetail></code>
<code code="DjIDZFrOWF">
<editdetail action="confirmed" attribution="Reuters BIP Coding Group" date="1996-08-21"></editdetail></code></codes>
<dc element="dc.publisher" value="Reuters Holdings Plc"></dc>
<dc element="dc.datepublished" value="1996-08-21"></dc>
<dc element="dc.source" value="Reuters - Notícias em Português"></dc>
<dc element="dc.creator.location" value=""></dc>
<dc element="dc.creator.location.country.name" value=""></dc></metadata></newsitem>