<?xml version="1.0" encoding="UTF-8"?>

<newsitem date="1996-08-27" id="root" itemid="48442" xml:lang="pt">
<title></title>
<headline> ACÇÕES ABREM COM INTERESSES CONCENTRADOS PT E PI. </headline>
<byline></byline>
<dateline></dateline>
<text>
<p> 1035 TMG - As acções do Contínuo abriram com os interesses concentrados na Portugal Telecom (PT) e na Portucel Industrial (PI) e o sentimento de subida ligeira a atingir o mercado em geral neste aproximar do final do mês. Futuros ilíquidos. *Índice PSI-20 sobe 0,12 pct para 4.683,28 pontos *PT sobe 16 escudos para 4.001. Negociadas 183.764 *PI sobe 2 escudos para 1.027. Negociadas 50.560 *Futuro PSI-20 Set/96 estável nos 4.690 pontos *PT fecha Nova Iorque cair 0,125 dólares para 26,1/8 *Abertura proposta compra BFE amanhã 0930 horas-BVL (segue comentário de mercado). </p>
<p> Negociaram-se 10 contratos de futuros sobre o PSI20 de Set/96 estáveis nos 4.690 pontos. </p>
<p> &quot;Não há investidores, estão de férias. Apenas os market-makers vão fazendo alguma coisa&quot;, disse um market-maker do PSI20 que acredita na melhoria da liquidez já em Setembro com o regresso dos especuladores. </p>
<p> - Paula Cordeiro, Lisboa Editorial, 351-1-3150035. </p>
<p> (c) Reuters Limited 1996. </p></text>
<copyright>(c) Reuters Limited 1996</copyright>
<metadata>
<codes class="bip:countries:1.0">
<code code="ZFpoXYTYMR">
<editdetail action="confirmed" attribution="Reuters BIP Coding Group" date="1996-08-27"></editdetail></code>
<code code="dbbHVBraBb">
<editdetail action="confirmed" attribution="Reuters BIP Coding Group" date="1996-08-27"></editdetail></code>
<code code="BeDBkoDcOS">
<editdetail action="confirmed" attribution="Reuters BIP Coding Group" date="1996-08-27"></editdetail></code></codes>
<codes class="bip:topics:1.0">
<code code="iVBviAHEUv">
<editdetail action="confirmed" attribution="Reuters BIP Coding Group" date="1996-08-27"></editdetail></code>
<code code="itKQTwsdEU">
<editdetail action="confirmed" attribution="Reuters BIP Coding Group" date="1996-08-27"></editdetail></code></codes>
<dc element="dc.publisher" value="Reuters Holdings Plc"></dc>
<dc element="dc.datepublished" value="1996-08-27"></dc>
<dc element="dc.source" value="Reuters - Notícias em Português"></dc>
<dc element="dc.creator.location" value=""></dc>
<dc element="dc.creator.location.country.name" value=""></dc></metadata></newsitem>