<?xml version="1.0" encoding="UTF-8"?>

<newsitem date="1996-10-09" id="root" itemid="49626" xml:lang="pt">
<title></title>
<headline> RESUMO TRANSACÇÕES NO MERCADO CONTÍNUO. </headline>
<byline></byline>
<dateline></dateline>
<text>
<p>     LISBOA, 9 Out (Reuter) - Transacções no Contínuo (números da </p>
<p> sessão anterior entre parentesis): (MC=milhões de contos). </p>
<p>         Quantidade     Valor </p>
<p> Mercado Contínuo Acções 2.311.916(2.165.565) 5,274 MC( 4,078 MC) </p>
<p>        OT     1.339.946(1.636.337)14,484 MC(16,762 MC) Futuros OT-10     1.652(    1.284)17,032 MC(13,174 MC) Futuros PSI20       589( 194) 0,285 MC( 0,094 MC) Índices  Oficial BVL      1.090,61    + 0,62 pct     BVL30      2.013,16    + 0,48 pct     PSI-20     4.800,68    + 0,46 pct     ORF(TRM 7,1803 vs 7,4806 pct)   108,99    + 0,86 pct     FPI (Fincor Privatisation)    1.128,54    + 0,06 pct     ----Lisboa Editorial,1.1.31131211. </p>
<p> (c) Reuters Limited 1996. </p></text>
<copyright>(c) Reuters Limited 1996</copyright>
<metadata>
<codes class="bip:countries:1.0">
<code code="lUEafXwSfJ">
<editdetail action="confirmed" attribution="Reuters BIP Coding Group" date="1996-10-09"></editdetail></code>
<code code="tefhhIYQwn">
<editdetail action="confirmed" attribution="Reuters BIP Coding Group" date="1996-10-09"></editdetail></code>
<code code="rqMMAaGcBk">
<editdetail action="confirmed" attribution="Reuters BIP Coding Group" date="1996-10-09"></editdetail></code></codes>
<codes class="bip:topics:1.0">
<code code="skgvfAqlTP">
<editdetail action="confirmed" attribution="Reuters BIP Coding Group" date="1996-10-09"></editdetail></code>
<code code="BsGLHfLsOc">
<editdetail action="confirmed" attribution="Reuters BIP Coding Group" date="1996-10-09"></editdetail></code></codes>
<dc element="dc.publisher" value="Reuters Holdings Plc"></dc>
<dc element="dc.datepublished" value="1996-10-09"></dc>
<dc element="dc.source" value="Reuters - Notícias em Português"></dc>
<dc element="dc.creator.location" value=""></dc>
<dc element="dc.creator.location.country.name" value=""></dc></metadata></newsitem>