<?xml version="1.0" encoding="UTF-8"?>

<newsitem date="1996-09-27" id="root" itemid="49304" xml:lang="pt">
<title></title>
<headline> ENTREVISTA-RECENSEAMENTO FP LANÇADO A 1 OUTUBRO. </headline>
<byline></byline>
<dateline></dateline>
<text>
<p> Por Sérgio Gonçalves LISBOA, 27 Set (Reuter) - O recenseamento impositivo dos funcionários públicos será lançado, a nível nacional, entre os dia 1 e 31 de Outubro, prevendo-se que esteja finalizado em 30 de Abril de 1997, disse Arnaldo Silva, adjunto do Ministro Jorge Coelho. </p>
<p> &quot;O recenseamento será lançado, a nível nacional, em Outubro. De 1 a 31 de Outubro será feita a recolha de todos os dados para se saber exactamente quantos são os funcionários pagos pelo Orçamento do Estado (OE)&quot;, disse, em entrevista à Reuters, o adjunto do Ministro Adjunto. </p>
<p> &quot;Em 30 de Abril de 1997 contamos ter finalizado totalmente o recenseamento geral e a base de dados que depois, por lei, será actualizada obrigatoriamente todos os anos, em 31 de Dezembro, tal como fazem os franceses&quot;, afirmou. </p>
<p> &quot;Em relação aos contratos precários, quando tivemos as negociações (de 1996) os sindicatos apontavam-nos números assustadores&quot;, referiu. </p>
<p> &quot;Falavam-nos em números de 32.000 para a Saúde, num total de 80.000 pessoas em situação irregular na Administração Pública, o que seria 10 pct dos 800 mil&quot;, disse. </p>
<p> &quot;O nosso grande sonho é podermos fazer como a Administração francesa que com um simples (sobrescrito) desdobrável ter a radiografia do sector, por regiões, habilitações, categorias, por Ministérios, por sectores&quot;, explicou. </p>
<p> &quot;O recenseamento que é impositivo é uma das medidas em que não quizemos que fosse o Governo sózinho a fazer e em que empenhamos os três sindicatos (Frente Comum, FESAP e STE)&quot;, referiu Arnaldo Silva. </p>
<p> &quot;A partir de 10 de Janeiro constituímos um grupo de trabalho na Secretaria de Estado da Administração Pública (para lançar) uma base de dados que funcionará permanentemente na Direcção Geral da Administração Pública (DGAP)&quot;, explicou. </p>
<p> &quot;Começou a ser preparado em Março, já começaram todos os organismos a ser contactados, inclusivamente extensivo a Forças Armadas, autarquias locais, etc...&quot;, afirmou. </p>
<p> &quot;Uma das grandes preocupações de recenseamento é fazer o diagnóstico da situação&quot;, disse. </p>
<p> &quot;Há grande dificuldade porque não sabemos quantos são, nem onde estão, não sabemos quantos são os que estão com contratos a termos, com recibos verdes e outros inclusivamente pagos por rubricas dos orçamentos dos departamentos&quot;, disse. </p>
<p> &quot;Há situações tão hilariantes como, por exemplo, haver gente paga pela verba de papel higiénico, outros por contratos de programas de cooperação que são fictícios&quot;, referiu. </p>
<p> &quot;Acontecem coisas estranhíssimas como pesssoas recém-licenciadas, ou com o décimo-segundo ano, que estão com recibos a ganhar líquidos 450 contos, o que não ganha um director-geral&quot;, adiantou. </p>
<p> &quot;Há casos destes de 450 contos, sobretudo na Junta Autónoma de Estradas, que é um escândalo. São pessoas que, ao regularizarmos os contratos, se calhar terão 120 contos de contrato&quot;, lembrou. </p>
<p> &quot;Quanto aos recibos verdes, recebemos cerca de 3.000 dados quando se esperavam 80.000&quot;, afirmou. </p>
<p> Concluiu que a questão dos recibos-verdes também terá de estar resolvida até 30 de Abril de 1997. </p>
<p> - Lisboa Editorial, 351-1-3150035. </p>
<p> (c) Reuters Limited 1996. </p></text>
<copyright>(c) Reuters Limited 1996</copyright>
<metadata>
<codes class="bip:countries:1.0">
<code code="oOZQuPLiwB">
<editdetail action="confirmed" attribution="Reuters BIP Coding Group" date="1996-09-27"></editdetail></code>
<code code="jbMfGxznCE">
<editdetail action="confirmed" attribution="Reuters BIP Coding Group" date="1996-09-27"></editdetail></code>
<code code="ZSdEBttMwf">
<editdetail action="confirmed" attribution="Reuters BIP Coding Group" date="1996-09-27"></editdetail></code></codes>
<codes class="bip:topics:1.0">
<code code="hmkDbyfwZb">
<editdetail action="confirmed" attribution="Reuters BIP Coding Group" date="1996-09-27"></editdetail></code>
<code code="nwKbjLjbaO">
<editdetail action="confirmed" attribution="Reuters BIP Coding Group" date="1996-09-27"></editdetail></code>
<code code="HgGwREOgcX">
<editdetail action="confirmed" attribution="Reuters BIP Coding Group" date="1996-09-27"></editdetail></code></codes>
<dc element="dc.publisher" value="Reuters Holdings Plc"></dc>
<dc element="dc.datepublished" value="1996-09-27"></dc>
<dc element="dc.source" value="Reuters - Notícias em Português"></dc>
<dc element="dc.creator.location" value=""></dc>
<dc element="dc.creator.location.country.name" value=""></dc></metadata></newsitem>