<?xml version="1.0" encoding="UTF-8"?>

<newsitem date="1996-10-04" id="root" itemid="49515" xml:lang="pt">
<title></title>
<headline> ESCUDO FECHA CORRIGIR VS MARCO ANTES ESTABILIDADE. </headline>
<byline></byline>
<dateline></dateline>
<text>
<p> LISBOA, 4 Out (Reuter) - O escudo fechou a corrigir dos máximos de ontem contra o marco, podendo agora iniciar um período de estabilidade. </p>
<p> Às 1615 TMG, o escudo cotava 101,24/27 por marco contra 101,182 na cotação indicativa do Banco de Portugal (BP) e 101,12/15 na abertura. </p>
<p> &quot;O escudo pode ter encontrado entre os 101,20 e os 101,30 (por marco) um ponto de equilíbrio, pelo menos para os próximos dias&quot;, disse um dealer que não quis ser identificado. </p>
<p> &quot;Isso não invalida que não possa voltar a testar tanto a figura (101,00), com os 101,50. Para já está equilibrado&quot;, disse. </p>
<p>     &quot;O interesse dominante no mercado é comprador de </p>
<p> marco-escudo, mas esta correcção era natural e previsível, </p>
<p> depois do que se passou ontem e anteontem&quot;, disse outro </p>
<p> operador. </p>
<p>     ----José Barata, Lisboa Editorial, 351.1.3113121. </p>
<p> (c) Reuters Limited 1996. </p></text>
<copyright>(c) Reuters Limited 1996</copyright>
<metadata>
<codes class="bip:countries:1.0">
<code code="AKEKaFIsGg">
<editdetail action="confirmed" attribution="Reuters BIP Coding Group" date="1996-10-04"></editdetail></code>
<code code="LyILItkZuu">
<editdetail action="confirmed" attribution="Reuters BIP Coding Group" date="1996-10-04"></editdetail></code>
<code code="eOCViterKI">
<editdetail action="confirmed" attribution="Reuters BIP Coding Group" date="1996-10-04"></editdetail></code></codes>
<codes class="bip:topics:1.0">
<code code="bseQdXJVGs">
<editdetail action="confirmed" attribution="Reuters BIP Coding Group" date="1996-10-04"></editdetail></code>
<code code="oxBhVRPDWj">
<editdetail action="confirmed" attribution="Reuters BIP Coding Group" date="1996-10-04"></editdetail></code>
<code code="fulYNoMaMH">
<editdetail action="confirmed" attribution="Reuters BIP Coding Group" date="1996-10-04"></editdetail></code></codes>
<dc element="dc.publisher" value="Reuters Holdings Plc"></dc>
<dc element="dc.datepublished" value="1996-10-04"></dc>
<dc element="dc.source" value="Reuters - Notícias em Português"></dc>
<dc element="dc.creator.location" value=""></dc>
<dc element="dc.creator.location.country.name" value=""></dc></metadata></newsitem>