<?xml version="1.0" encoding="UTF-8"?>

<newsitem date="1996-09-09" id="root" itemid="48753" xml:lang="pt">
<title></title>
<headline> ACÇÕES ABREM ILÍQUIDAS E MISTAS, SESSÃO CALMA. </headline>
<byline></byline>
<dateline></dateline>
<text>
<p> LISBOA, 9 Set (Reuter) - As acções do Contínuo abriram mistas e a liquidez a somar 400.000 contos com operadores a preverem uma sessão bastante calma, como é habitual à segunda-feira. </p>
<p> &quot;O mercado está muito calmo e deve permanecer assim até ao fecho. Os fundos não querem fazer nada&quot;, disse um operador. </p>
<p> &quot;Há interesses pontuais, como é o caso da PI, PT e Somague, esta última a atingir um novo máximo do ano, devido às boas perspectivas para sector&quot;, afirmou outro. </p>
<p> Negociaram-se 55.513 acções da Somague a subirem 30 escudos para 1.240. O preço atingiu o máximo do anos nos 1.266 escudos. </p>
<p> Operadores afirmaram recentemente que a subida da cotação da Somague reflecte as boas perspectivas para o sector da construção e que o próximo objectivo do preço são os 1.300 escudos, talvez já esta semana. </p>
<p> A Somague-SGPS prevê terminar o exercício com cerca de um milhão de contos (MC) de lucro líquido para vendas de 40 MC. </p>
<p> As acções da PI subiram ligeiramente após o anúncio do aumento em 30 ecu do preço da pasta para 450 ecu por tonelada, mas operadores afirmaram que a cotação não deve ultrapassar os 1.055 escudos. </p>
<p> A PI variou hoje entre 1.035 e 1.055 escudos. </p>
<p> - Paula Cordeiro, Lisboa Editorial, 351-1-3150035. (c) Reuters Limited 1996. </p></text>
<copyright>(c) Reuters Limited 1996</copyright>
<metadata>
<codes class="bip:countries:1.0">
<code code="npyHrTnIQo">
<editdetail action="confirmed" attribution="Reuters BIP Coding Group" date="1996-09-09"></editdetail></code>
<code code="gMCEkMAdua">
<editdetail action="confirmed" attribution="Reuters BIP Coding Group" date="1996-09-09"></editdetail></code>
<code code="GYYdPZRZex">
<editdetail action="confirmed" attribution="Reuters BIP Coding Group" date="1996-09-09"></editdetail></code></codes>
<codes class="bip:topics:1.0">
<code code="aIRrYASzEP">
<editdetail action="confirmed" attribution="Reuters BIP Coding Group" date="1996-09-09"></editdetail></code>
<code code="ZWtmFTUBkd">
<editdetail action="confirmed" attribution="Reuters BIP Coding Group" date="1996-09-09"></editdetail></code></codes>
<dc element="dc.publisher" value="Reuters Holdings Plc"></dc>
<dc element="dc.datepublished" value="1996-09-09"></dc>
<dc element="dc.source" value="Reuters - Notícias em Português"></dc>
<dc element="dc.creator.location" value=""></dc>
<dc element="dc.creator.location.country.name" value=""></dc></metadata></newsitem>