<?xml version="1.0" encoding="UTF-8"?>

<newsitem date="1996-08-29" id="root" itemid="48523" xml:lang="pt">
<title></title>
<headline> ACÇÕES SEGUEM COM LIQUIDEZ CONCENTRADA EM BFE E PT. </headline>
<byline></byline>
<dateline></dateline>
<text>
<p> LISBOA, 29 Ago (Reuter) - As acções do Contínuo seguiam ligeiramente mais negativas do que na abertura, afectadas pelo PIB americano superior ao previsto, e a liquidez a somar de 3,3 milhões de contos, esperando-se poucas alterações até ao fecho, a não ser umas pequenas puxadas com o aproximar do fim do mês. </p>
<p> &quot;O mercado foi ligeiramente afectado pelo sentimento negativo das outras praças internacionais&quot;, disse um market-maker do PSI20. </p>
<p> &quot;Já estamos no final de Agosto e já se sente um aumento da liquidez. Entraram alguns investidores de fora&quot;, adiantou para explicar o aumento dos negócios nos Futuros sobre o PSI20. </p>
<p> &quot;É final do mês e pode-se assistir a algumas puxadas em certos papéis, mas pontualmente, porque realmente o mais importante é o final de cada trimestre&quot;, disse uma operadora. </p>
<p> Operadores são unânimes em afirmar que a acalmia do mercado se deve, por um lado, à ausência de investidores importantes, devido às férias, e, por outro, à expectativa quanto aos resultados do primeiro semestre das empresas industriais. </p>
<p> &quot;O mercado espera com alguma ansiedade resultados do semestre&quot;, acrescentou aquela operadora. </p>
<p> Dealers disseram que as acções do BFE deverão mostrar bastante sustentação em redor dos 2.550 escudos. </p>
<p> Por outro lado, as acções da PT ajustaram aos níveis de Nova Iorque, depois de terem mostrado um desfasamento nas últimas sessões. A PT, em Nova Iorque, está a negociar nos 4.061 escudos e em Lisboa também. </p>
<p> Mudaram de mãos, na Bolsa de Lisboa, 211.422 acções da PT a descerem quatro escudos para 4.061, depois de terem subido hoje até aos 4.074 escudos. </p>
<p> A expectativa de melhores resultados do que os previstos no primeiro semestre é a principal razão apontada pelos dealers para justificarem a procura registada na PT. </p>
<p> O BPI-SGPS caiu hoje até aos 1.878 escudos. </p>
<p> Mudaram de mãos 65.456 acções do BPI-SGPS. </p>
<p> Da Portucel Industrial (PI) negociaram-se 86.460 acções a descerem um escudo para 1.035 e do BCP 73.155 a perderem um escudo para 1.813. </p>
<p> - Paula Cordeiro, Lisboa Editorial, 351-1-3150035. (c) Reuters Limited 1996. </p></text>
<copyright>(c) Reuters Limited 1996</copyright>
<metadata>
<codes class="bip:countries:1.0">
<code code="BdhqJiGumw">
<editdetail action="confirmed" attribution="Reuters BIP Coding Group" date="1996-08-29"></editdetail></code>
<code code="GHzsWbgvSz">
<editdetail action="confirmed" attribution="Reuters BIP Coding Group" date="1996-08-29"></editdetail></code>
<code code="MjDhSUVkgA">
<editdetail action="confirmed" attribution="Reuters BIP Coding Group" date="1996-08-29"></editdetail></code></codes>
<codes class="bip:topics:1.0">
<code code="VjDJtMYYZC">
<editdetail action="confirmed" attribution="Reuters BIP Coding Group" date="1996-08-29"></editdetail></code>
<code code="eyiWNPdOke">
<editdetail action="confirmed" attribution="Reuters BIP Coding Group" date="1996-08-29"></editdetail></code></codes>
<dc element="dc.publisher" value="Reuters Holdings Plc"></dc>
<dc element="dc.datepublished" value="1996-08-29"></dc>
<dc element="dc.source" value="Reuters - Notícias em Português"></dc>
<dc element="dc.creator.location" value=""></dc>
<dc element="dc.creator.location.country.name" value=""></dc></metadata></newsitem>