<?xml version="1.0" encoding="UTF-8"?>

<newsitem date="1996-08-23" id="root" itemid="48367" xml:lang="pt">
<title></title>
<headline> ACÇÕES ABREM CALMAS, SOMAGUE MANTÉM INTERESSES. </headline>
<byline></byline>
<dateline></dateline>
<text>
<p> LISBOA, 23 Ago (Reuter) - O mercado accionista abriu com mais de metade dos 814 mil contos negociados a centrar-se em Somague e Cimpor, tendo entretanto a Portucel Industrial registado também um volume razoável. </p>
<p> &quot;O mercado está centrado em dois ou três papéis e sente-se a falta sobretudo do BFE, que animava muito o mercado&quot;, disse um operador. </p>
<p> O BFE e o BPI estão suspensos pela CMVM, que não explicou a razão para esta atitude. O BPI será o vencedor do concurso público para a aquisição de um lote de 65 pct do capital do BFE. </p>
<p> Na Somague, &quot;ao que parece mantêm-se os interesses de institucionais. Do montante que já se fez hoje, só num lote fizeram-se 123.300 acções&quot;, disse uma dealer. </p>
<p> &quot;Na Cimpor, há bons interesses compradores nos 70 (3.370 escudos por acção)&quot;, acrescentou. </p>
<p> A Portucel está a descer nove escudos para 1.020 com 72.176 títulos. </p>
<p> As cotações da empresa tocaram ontem os 1.029 escudos, nível que tem sido uma resistência. Os anteriores máximos a 1.030 escudos foram no início de Julho e o precedente em meados de Abril. </p>
<p> Dealers contactados pela Reuters admitem que a cotação do Banco de Fomento, quando for retomada a negociação, possa situar-se entre os 2.300 e os 2.400 escudos, contra os 2.545 escudos que foram o último preço efectuado antes da suspensão ontem. </p>
<p> Hoje de manhã a CMVM levantou essa suspensão mas, cerca de meia hora mais tarde, voltou a anunciar a suspensão, acompanhada também da do BPI. Não deu razões para qualquer um dos procedimentos e, na CMVM, não estava ninguém disponível para prestar esclarecimentos. </p>
<p> - Fernanda Pargana, Lisboa Editorial, 351-1-3113126 *Os utilizadores de Reuter Terminal devem fazer duplo click em: - Acções Contínuo por sectores de actividade - Índices nacionais - Índices Internacionais - Mercado derivados nacional. </p>
<p> (c) Reuters Limited 1996. </p></text>
<copyright>(c) Reuters Limited 1996</copyright>
<metadata>
<codes class="bip:countries:1.0">
<code code="xPniHhSaIU">
<editdetail action="confirmed" attribution="Reuters BIP Coding Group" date="1996-08-23"></editdetail></code>
<code code="vPiAwNJkMN">
<editdetail action="confirmed" attribution="Reuters BIP Coding Group" date="1996-08-23"></editdetail></code>
<code code="uJsxUUjZKH">
<editdetail action="confirmed" attribution="Reuters BIP Coding Group" date="1996-08-23"></editdetail></code></codes>
<codes class="bip:topics:1.0">
<code code="amlTHJueCd">
<editdetail action="confirmed" attribution="Reuters BIP Coding Group" date="1996-08-23"></editdetail></code>
<code code="ocnYoJKxiW">
<editdetail action="confirmed" attribution="Reuters BIP Coding Group" date="1996-08-23"></editdetail></code></codes>
<dc element="dc.publisher" value="Reuters Holdings Plc"></dc>
<dc element="dc.datepublished" value="1996-08-23"></dc>
<dc element="dc.source" value="Reuters - Notícias em Português"></dc>
<dc element="dc.creator.location" value=""></dc>
<dc element="dc.creator.location.country.name" value=""></dc></metadata></newsitem>