<?xml version="1.0" encoding="UTF-8"?>

<newsitem date="1996-08-20" id="root" itemid="48270" xml:lang="pt">
<title></title>
<headline> ACÇÕES RECUPERAM FECHO APÓS ALVORADA TARDIA. </headline>
<byline></byline>
<dateline></dateline>
<text>
<p> 1540 TMG - As acções do Contínuo recuperaram no fecho, depois de uma sessão inteira em queda, sentimento que se deverá repetir amanhã, com o mercado apenas a &apos;acordar&apos; de tarde. </p>
<p> BFE, Somague, Sonae Investimentos e Cimpor fecharam a subir, enquanto a PT e a Portucel terminaram aos níveis de ontem, depois de estarem todas a perder ao longo de toda a sessão. A Engil, a mais transaacionada, fechou a cair. </p>
<p> O mercado de futuros terminou, igualmente, a cair e com poucos contratos realizados. *Índice PSI-20 sobe 0,04 pct para 4.633,14 pontos *Engil cai 7 escudos para 1.295, com 191.234 acções *BFE sobe 15 escudos para 2.505, com 186.758 acções *Futuro PSI-20 Set/96 cai 3 pontos para 4.650, 160 contratos *Contínuo movimenta 909.663 acções, num total de 1,8 MC. </p>
<p> - José Barata, Lisboa Editorial, 351-1-3150035. (c) Reuters Limited 1996. </p></text>
<copyright>(c) Reuters Limited 1996</copyright>
<metadata>
<codes class="bip:countries:1.0">
<code code="XJLvhWoTbt">
<editdetail action="confirmed" attribution="Reuters BIP Coding Group" date="1996-08-20"></editdetail></code>
<code code="XJTLqxZUYP">
<editdetail action="confirmed" attribution="Reuters BIP Coding Group" date="1996-08-20"></editdetail></code>
<code code="MplWnykPhY">
<editdetail action="confirmed" attribution="Reuters BIP Coding Group" date="1996-08-20"></editdetail></code></codes>
<codes class="bip:topics:1.0">
<code code="pbnsstzrnG">
<editdetail action="confirmed" attribution="Reuters BIP Coding Group" date="1996-08-20"></editdetail></code>
<code code="YzPIXmCxHv">
<editdetail action="confirmed" attribution="Reuters BIP Coding Group" date="1996-08-20"></editdetail></code></codes>
<dc element="dc.publisher" value="Reuters Holdings Plc"></dc>
<dc element="dc.datepublished" value="1996-08-20"></dc>
<dc element="dc.source" value="Reuters - Notícias em Português"></dc>
<dc element="dc.creator.location" value=""></dc>
<dc element="dc.creator.location.country.name" value=""></dc></metadata></newsitem>