<?xml version="1.0" encoding="UTF-8"?>

<newsitem date="1996-10-15" id="root" itemid="49774" xml:lang="pt">
<title></title>
<headline> DESPESA TOTAL CONSOLIDADA POR MINISTÉRIOS EM 97. </headline>
<byline></byline>
<dateline></dateline>
<text>
<p>         1997 1996   Variação Encargos gerais da Nação    91,3 92,9   -  1,7% Defesa Nacional       300,8     320,0   -  6,0% Negócios Estrangeiros  48,1 47,4   +  1,5% Finanças       1.897,3   1.843,9   +  2,9% Administração Interna      209,8     197,5   +  6,2% Equip.,Plan e Admi. Ter.   689,6     610,2   + 13,0% Justiça     140,9     133,9   +  5,2% Economia    189,5     215,0   - 11,9% </p>
<p> Agricul.,Des. Rural e Pescas    373,2     425,9   - 12,4% </p>
<p> Educação    979,1     907,5   +  7,9% Saúde       853,4     767,7   + 11,2% Qualificação e emprego     137,8     135,4   +  1,8% Solidariedade, Seg. Social 570,4     527,6   +  8,1% Ambiente     41,5 45,5   -  8,8% Cultura      34,9 33,6   +  3,9% Ciência e Tecnologia   30,4 26,2   + 16,0% </p>
<p> ---------------------------------------------------------------- </p>
<p> TOTAL     6.588,0   6.330,2   +  4,1% </p>
<p> (em milhões de contos). </p>
<p> (c) Reuters Limited 1996. </p></text>
<copyright>(c) Reuters Limited 1996</copyright>
<metadata>
<codes class="bip:countries:1.0">
<code code="IjLWQqggMT">
<editdetail action="confirmed" attribution="Reuters BIP Coding Group" date="1996-10-15"></editdetail></code>
<code code="aakoMVqhHn">
<editdetail action="confirmed" attribution="Reuters BIP Coding Group" date="1996-10-15"></editdetail></code>
<code code="eZhOunyExs">
<editdetail action="confirmed" attribution="Reuters BIP Coding Group" date="1996-10-15"></editdetail></code></codes>
<codes class="bip:topics:1.0">
<code code="MCgkBaeJXr">
<editdetail action="confirmed" attribution="Reuters BIP Coding Group" date="1996-10-15"></editdetail></code>
<code code="jWaOmMDdNj">
<editdetail action="confirmed" attribution="Reuters BIP Coding Group" date="1996-10-15"></editdetail></code>
<code code="xmvAIPKIlE">
<editdetail action="confirmed" attribution="Reuters BIP Coding Group" date="1996-10-15"></editdetail></code></codes>
<dc element="dc.publisher" value="Reuters Holdings Plc"></dc>
<dc element="dc.datepublished" value="1996-10-15"></dc>
<dc element="dc.source" value="Reuters - Notícias em Português"></dc>
<dc element="dc.creator.location" value=""></dc>
<dc element="dc.creator.location.country.name" value=""></dc></metadata></newsitem>