<?xml version="1.0" encoding="UTF-8"?>

<newsitem date="1996-10-21" id="root" itemid="49932" xml:lang="pt">
<title></title>
<headline> ÍNDICE PSI20 DESCE 4,78 PONTOS PARA 4.768,87. </headline>
<byline></byline>
<dateline></dateline>
<text>
<p> LISBOA, 21 Out (Reuter) - O índice PSI20 desceu 4,78 pontos para 4.768,87. </p>
<p> (c) Reuters Limited 1996. </p></text>
<copyright>(c) Reuters Limited 1996</copyright>
<metadata>
<codes class="bip:countries:1.0">
<code code="FQOYqqLUXk">
<editdetail action="confirmed" attribution="Reuters BIP Coding Group" date="1996-10-21"></editdetail></code>
<code code="vHHeagytHS">
<editdetail action="confirmed" attribution="Reuters BIP Coding Group" date="1996-10-21"></editdetail></code>
<code code="XEzqzDiYws">
<editdetail action="confirmed" attribution="Reuters BIP Coding Group" date="1996-10-21"></editdetail></code></codes>
<codes class="bip:topics:1.0">
<code code="dqjpxktcnf">
<editdetail action="confirmed" attribution="Reuters BIP Coding Group" date="1996-10-21"></editdetail></code>
<code code="JNUOYkoiTn">
<editdetail action="confirmed" attribution="Reuters BIP Coding Group" date="1996-10-21"></editdetail></code></codes>
<dc element="dc.publisher" value="Reuters Holdings Plc"></dc>
<dc element="dc.datepublished" value="1996-10-21"></dc>
<dc element="dc.source" value="Reuters - Notícias em Português"></dc>
<dc element="dc.creator.location" value=""></dc>
<dc element="dc.creator.location.country.name" value=""></dc></metadata></newsitem>