<?xml version="1.0" encoding="UTF-8"?>

<newsitem date="1996-09-10" id="root" itemid="48783" xml:lang="pt">
<title></title>
<headline> MONETÁRIO ABRE CALMO E LÍQUIDO, CURTO PRAZO ESTÁVEL. </headline>
<byline></byline>
<dateline></dateline>
<text>
<p> O mercado monetário do escudo abriu calmo com o curto prazo encostado aos níveis de absorção do Banco de Portugal (BP) e com a oferta nos prazos a deslizar, na presunção de que o banco central possa vir a fazer um ajuste na sua política monetária, embora sem muita convicção de que possa ser esta semana. Futuros sem liquidez. * o/n e tom/next em 6,8/6,95 pct, ao nível do fecho de ontem * Prazo 30 dias em 7,17/7,23 pct vs 7,17/7,21 pct fecho ontem * BP cede até 10 MC 2 dias, em leilão e absorve a 6,8 pct * Tesouro leiloa 20 MC OT/Mar/93/96 </p>
<p> (Segue informação de mercado). </p>
<p> - José Barata, Lisboa Editorial, 351-1-311.31.26 </p>
<p> (c) Reuters Limited 1996. </p></text>
<copyright>(c) Reuters Limited 1996</copyright>
<metadata>
<codes class="bip:countries:1.0">
<code code="ENKBPpSWUB">
<editdetail action="confirmed" attribution="Reuters BIP Coding Group" date="1996-09-10"></editdetail></code>
<code code="XWgREzXUPB">
<editdetail action="confirmed" attribution="Reuters BIP Coding Group" date="1996-09-10"></editdetail></code>
<code code="cbVQDdbMSX">
<editdetail action="confirmed" attribution="Reuters BIP Coding Group" date="1996-09-10"></editdetail></code></codes>
<codes class="bip:topics:1.0">
<code code="edjfGDuAzV">
<editdetail action="confirmed" attribution="Reuters BIP Coding Group" date="1996-09-10"></editdetail></code>
<code code="INMGgZjBmH">
<editdetail action="confirmed" attribution="Reuters BIP Coding Group" date="1996-09-10"></editdetail></code></codes>
<dc element="dc.publisher" value="Reuters Holdings Plc"></dc>
<dc element="dc.datepublished" value="1996-09-10"></dc>
<dc element="dc.source" value="Reuters - Notícias em Português"></dc>
<dc element="dc.creator.location" value=""></dc>
<dc element="dc.creator.location.country.name" value=""></dc></metadata></newsitem>