<?xml version="1.0" encoding="UTF-8"?>

<newsitem date="1996-10-28" id="root" itemid="50108" xml:lang="pt">
<title></title>
<headline> SOUSA FRANCO DIZ NÃO É BOM MOMENTO VENDA OURO BP. </headline>
<byline></byline>
<dateline></dateline>
<text>
<p> LISBOA, 28 Out (Reuter) - O momento actual não é o melhor para pensar na venda de parte das reservas de ouro do Banco de Portugal (BP), disse o ministro das Finanças. </p>
<p> &quot;No passado ele (ouro) foi urgente e não foi decidido (a venda), agora não é urgente e não é o bom momento, mas estamos atentos a que algumas decisões nos próximos anos terão que ser tomadas&quot;, disse o ministro António de Sousa Franco, em declarações à TSF. </p>
<p> &quot;(Não é o bom momento para a venda) porque as regras não estão definidas e ninguém vai lançar-se em aventuras com aquilo que é um valor importante da reserva de ouro do banco central, a isso eu opôr-me-ia claramente&quot;, acrescentou. </p>
<p> &quot;O momento para ter começado a pensar nisso foi quando esses antigos governadores exerciam funções, já há muitos anos que se devia ter pensado nisso, agora o assunto esta a ser acompanhado mas opôr-me-ia a qualquer decisão precipitada&quot;, disse ainda o ministro, inquirido sobre o facto de três ex-governadores do banco central, João Costa Pinto, Vitor Constâncio e José Tavares Moreira terem-se mostrado favoráveis à venda do ouro. </p>
<p> Em declarações à TSF no fim-de-semana, o ministro da Economia, Augusto Mateus, disse que Portugal poderá vender parte das suas reservas de ouro. </p>
<p> Fonte oficial do Banco de Portugal disse à Reuters que não é intenção do banco vender reservas em ouro nem houve qualquer sugestão do Governo nesse sentido. </p>
<p> No final de 1995, segundo o relatório do Banco de Portugal, as reservas de ouro, de cerca de 500 toneladas de ouro fino, estava avaliadas em cerca de 775 milhões de contos. </p>
<p> No final de Setembro deste ano, segundo a Síntese de Conjuntura do Banco de Portugal, as reservas oficiais líquidas, que incluem o ouro, eram de 3.338 milhões de contos, com o ouro avaliado a preços de mercado. </p>
<p> - Fernanda Pargana, Lisboa Editorial, 351-1-3113126. </p>
<p> (c) Reuters Limited 1996. </p></text>
<copyright>(c) Reuters Limited 1996</copyright>
<metadata>
<codes class="bip:countries:1.0">
<code code="MMWseGhafA">
<editdetail action="confirmed" attribution="Reuters BIP Coding Group" date="1996-10-28"></editdetail></code>
<code code="dkCRyjslRP">
<editdetail action="confirmed" attribution="Reuters BIP Coding Group" date="1996-10-28"></editdetail></code>
<code code="oIdrJzcvxA">
<editdetail action="confirmed" attribution="Reuters BIP Coding Group" date="1996-10-28"></editdetail></code></codes>
<codes class="bip:topics:1.0">
<code code="euwobxgBrV">
<editdetail action="confirmed" attribution="Reuters BIP Coding Group" date="1996-10-28"></editdetail></code>
<code code="ESYURpHNsd">
<editdetail action="confirmed" attribution="Reuters BIP Coding Group" date="1996-10-28"></editdetail></code>
<code code="CzMiNVknTX">
<editdetail action="confirmed" attribution="Reuters BIP Coding Group" date="1996-10-28"></editdetail></code>
<code code="qIyvMHVHMR">
<editdetail action="confirmed" attribution="Reuters BIP Coding Group" date="1996-10-28"></editdetail></code>
<code code="iZDfYDcJbn">
<editdetail action="confirmed" attribution="Reuters BIP Coding Group" date="1996-10-28"></editdetail></code></codes>
<dc element="dc.publisher" value="Reuters Holdings Plc"></dc>
<dc element="dc.datepublished" value="1996-10-28"></dc>
<dc element="dc.source" value="Reuters - Notícias em Português"></dc>
<dc element="dc.creator.location" value=""></dc>
<dc element="dc.creator.location.country.name" value=""></dc></metadata></newsitem>