<?xml version="1.0" encoding="UTF-8"?>

<newsitem date="1996-10-11" id="root" itemid="49703" xml:lang="pt">
<title></title>
<headline> NOVAS NORMAS FISCAIS 1RO SEM 1997 - S.FRANCO. </headline>
<byline></byline>
<dateline></dateline>
<text>
<p> LISBOA, 11 Out (Reuter) - Um conjunto de novas normas sobre a reforma de alguns impostos será apresentado no primeiro semestre do próximo ano, dando seguimento ao livro branco para a reforma fiscal, disse hoje o ministro das Finanças. </p>
<p> &quot;As normas sobre a reforma de alguns impostos e da estrutura do sistema serão apresentadas pelo Governo no primeiro semestre de 1997&quot;, disse António Sousa Franco em declarações aos jornalistas na Assembleia da República. </p>
<p> &quot;É uma prática péssima, que só contribui para a falta de cumprimento das leis fiscais e para a confusão das empresas e dos agentes económicos, a de em cada orçamento estar a mudar radicalmente o sistema fiscal&quot;, acrescentou, respondendo a alterações dessa natureza no próximo orçamento. </p>
<p> - Fernanda Pargana, Lisboa Editorial, 351-1-3113126. </p>
<p> (c) Reuters Limited 1996. </p></text>
<copyright>(c) Reuters Limited 1996</copyright>
<metadata>
<codes class="bip:countries:1.0">
<code code="yUxytXGMVN">
<editdetail action="confirmed" attribution="Reuters BIP Coding Group" date="1996-10-11"></editdetail></code>
<code code="nPyIJYRmeF">
<editdetail action="confirmed" attribution="Reuters BIP Coding Group" date="1996-10-11"></editdetail></code>
<code code="ZYhxdqtVBg">
<editdetail action="confirmed" attribution="Reuters BIP Coding Group" date="1996-10-11"></editdetail></code></codes>
<codes class="bip:topics:1.0">
<code code="mzCchsYZwr">
<editdetail action="confirmed" attribution="Reuters BIP Coding Group" date="1996-10-11"></editdetail></code>
<code code="KJnqQsdiap">
<editdetail action="confirmed" attribution="Reuters BIP Coding Group" date="1996-10-11"></editdetail></code>
<code code="MnLdqAVnGs">
<editdetail action="confirmed" attribution="Reuters BIP Coding Group" date="1996-10-11"></editdetail></code></codes>
<dc element="dc.publisher" value="Reuters Holdings Plc"></dc>
<dc element="dc.datepublished" value="1996-10-11"></dc>
<dc element="dc.source" value="Reuters - Notícias em Português"></dc>
<dc element="dc.creator.location" value=""></dc>
<dc element="dc.creator.location.country.name" value=""></dc></metadata></newsitem>