<?xml version="1.0" encoding="UTF-8"?>

<newsitem date="1996-10-15" id="root" itemid="49776" xml:lang="pt">
<title></title>
<headline> GOVERNO BAIXA IMPOSTO SELO OPERAÇÕES FINANCEIRAS. </headline>
<byline></byline>
<dateline></dateline>
<text>
<p> LISBOA, 15 Out (Reuter) - O Governo prevê uma redução do imposto de selo sobre as operações financeiras e sobre as remunerações do trabalho dependente, afirma a proposta de Orçamento de Estado para 1997 hoje entregue na Assembleia da República. </p>
<p> O documento não especifica no entanto a taxa a aplicar, afirmando apenas que &quot;prossegue-se a redução da taxa do imposto de selo incidente sobre as operações financeiras e as remunerações do trabalho dependente, no âmbito de um processo que levará à sua total extinção&quot;. </p>
<p> A actual taxa é de seis pct. </p>
<p> - Lisboa Editorial, 351-1-3113126. </p>
<p> (c) Reuters Limited 1996. </p></text>
<copyright>(c) Reuters Limited 1996</copyright>
<metadata>
<codes class="bip:countries:1.0">
<code code="UqTqMlUnfJ">
<editdetail action="confirmed" attribution="Reuters BIP Coding Group" date="1996-10-15"></editdetail></code>
<code code="wxKcnrZAMm">
<editdetail action="confirmed" attribution="Reuters BIP Coding Group" date="1996-10-15"></editdetail></code>
<code code="UgzjkQKLaj">
<editdetail action="confirmed" attribution="Reuters BIP Coding Group" date="1996-10-15"></editdetail></code></codes>
<codes class="bip:topics:1.0">
<code code="SayLbdhQlC">
<editdetail action="confirmed" attribution="Reuters BIP Coding Group" date="1996-10-15"></editdetail></code>
<code code="eDdKnpShuQ">
<editdetail action="confirmed" attribution="Reuters BIP Coding Group" date="1996-10-15"></editdetail></code>
<code code="yHZibsGgsc">
<editdetail action="confirmed" attribution="Reuters BIP Coding Group" date="1996-10-15"></editdetail></code></codes>
<dc element="dc.publisher" value="Reuters Holdings Plc"></dc>
<dc element="dc.datepublished" value="1996-10-15"></dc>
<dc element="dc.source" value="Reuters - Notícias em Português"></dc>
<dc element="dc.creator.location" value=""></dc>
<dc element="dc.creator.location.country.name" value=""></dc></metadata></newsitem>