<?xml version="1.0" encoding="UTF-8"?>

<newsitem date="1996-09-20" id="root" itemid="49132" xml:lang="pt">
<title></title>
<headline> RESUMO TRANSACÇÕES NO MERCADO CONTÍNUO. </headline>
<byline></byline>
<dateline></dateline>
<text>
<p>     LISBOA, 20 Set (Reuter) - Transacções no Contínuo (números </p>
<p> da sessão anterior entre parentesis): (MC=milhões de contos). </p>
<p>         Quantidade     Valor </p>
<p> Mercado Contínuo Acções 1.279.000(1.788.347) 2,592 MC( 4,669 MC) </p>
<p>        OT     1.196.000(  428.605)12,284 MC( 4,350 MC) Futuros OT-10     2.153( 729)21,361 MC( 7,178 MC) Futuros PSI20       635( 642) 0,304 MC( 0,309 MC) Índices  Oficial BVL      1.080,12 0,00 pct     BVL30      1.996,48    - 0,11 pct     PSI-20     4.766,57    - 0,11 pct     ORF(TRM 7,8746 vs 7,9526 pct)   106,86    + 0,22 pct     FPI (Fincor Privatisation)    1.128,25    - 0,05 pct     ----Lisboa Editorial, 351.1.31131211. </p>
<p> (c) Reuters Limited 1996. </p></text>
<copyright>(c) Reuters Limited 1996</copyright>
<metadata>
<codes class="bip:countries:1.0">
<code code="NOYEzNiLeU">
<editdetail action="confirmed" attribution="Reuters BIP Coding Group" date="1996-09-20"></editdetail></code>
<code code="ovxBCQdAwM">
<editdetail action="confirmed" attribution="Reuters BIP Coding Group" date="1996-09-20"></editdetail></code>
<code code="PGPuuFnnHo">
<editdetail action="confirmed" attribution="Reuters BIP Coding Group" date="1996-09-20"></editdetail></code></codes>
<codes class="bip:topics:1.0">
<code code="WMVmpoXlKG">
<editdetail action="confirmed" attribution="Reuters BIP Coding Group" date="1996-09-20"></editdetail></code>
<code code="naUiRsralF">
<editdetail action="confirmed" attribution="Reuters BIP Coding Group" date="1996-09-20"></editdetail></code></codes>
<dc element="dc.publisher" value="Reuters Holdings Plc"></dc>
<dc element="dc.datepublished" value="1996-09-20"></dc>
<dc element="dc.source" value="Reuters - Notícias em Português"></dc>
<dc element="dc.creator.location" value=""></dc>
<dc element="dc.creator.location.country.name" value=""></dc></metadata></newsitem>