<?xml version="1.0" encoding="UTF-8"?>

<newsitem date="1996-09-13" id="root" itemid="48906" xml:lang="pt">
<title></title>
<headline> MONETÁRIO FECHA LÍQUIDO E TAXAS DESLIZAR. </headline>
<byline></byline>
<dateline></dateline>
<text>
<p> LISBOA, 13 Set (Reuter) - O mercado monetário do escudo fechou com as taxas a darem sinais de descida, com o curto-prazo, progressivamente, a aproximar-se dos níveis de absorção do Banco de Portugal (BP). </p>
<p> &quot;O mercado está líquido e mesmo o montante cedido pelo BP, inferior proposto, terá, eventualmente, sido superior às necessidades, daí que a tendência do curto prazo é para um deslizar das taxas até final do período para níveis próximos da (taxa) absorção&quot;, disse um dealer. </p>
<p> &quot;A descida das taxas nos prazos foi pela entrada de bancos não-residentes nos bids&quot;, disse outro operador. </p>
<p> Dealers disseram que os números da inflação de Agosto nos Estados Unidos vieram atenuar as expectativas de subida de taxas americanas, enquanto na Europa se continua a admitir, ontem confirmado por um responsável do Buba, haver espaço para novos cortes de taxas. </p>
<p> Os três meses fecharam entre 7,10 e 7,15 pct, enquanto os seis e 12 meses terminaram entre 7,07 e 7,14 pct. </p>
<p> O contrato de Dezembro de 1996 sobre a Lisbor a três meses está a subir 0,05 pontos para 93,05, com 25 contratos. No total foram realizados um total de 155 contratos. </p>
<p> (c) Reuters Limited 1996. - Lisboa Editorial, 351-1-311.31.26 </p>
<p> (c) Reuters Limited 1996. </p></text>
<copyright>(c) Reuters Limited 1996</copyright>
<metadata>
<codes class="bip:countries:1.0">
<code code="lkqDEnciwS">
<editdetail action="confirmed" attribution="Reuters BIP Coding Group" date="1996-09-13"></editdetail></code>
<code code="czBTteYKNc">
<editdetail action="confirmed" attribution="Reuters BIP Coding Group" date="1996-09-13"></editdetail></code>
<code code="ZKVWLoaItT">
<editdetail action="confirmed" attribution="Reuters BIP Coding Group" date="1996-09-13"></editdetail></code></codes>
<codes class="bip:topics:1.0">
<code code="LqqKXbDKEL">
<editdetail action="confirmed" attribution="Reuters BIP Coding Group" date="1996-09-13"></editdetail></code>
<code code="DJWWuVQAtB">
<editdetail action="confirmed" attribution="Reuters BIP Coding Group" date="1996-09-13"></editdetail></code></codes>
<dc element="dc.publisher" value="Reuters Holdings Plc"></dc>
<dc element="dc.datepublished" value="1996-09-13"></dc>
<dc element="dc.source" value="Reuters - Notícias em Português"></dc>
<dc element="dc.creator.location" value=""></dc>
<dc element="dc.creator.location.country.name" value=""></dc></metadata></newsitem>