<?xml version="1.0" encoding="UTF-8"?>

<newsitem date="1996-08-23" id="root" itemid="48382" xml:lang="pt">
<title></title>
<headline> ACÇÕES SEGUEM MISTAS, SOMAGUE E CIMPOR EM DESTAQUE. </headline>
<byline></byline>
<dateline></dateline>
<text>
<p> 1410 TMG - As acções do Contínuo seguiam mistas, mas com os índices em alta, e com o mercado muito concentrado em Somague e Cimpor, por terem saído os resultados semestrais da cimenteira e pela sua ligação directa ao BFE. Dealers dizem que a Cimpor tem condições para subir, o mesmo devendo acontecer com a PT, a beneficiar de uma abertura em alta em Nova Iorque. *Índice PSI-20 sobe 0,09 pct para 4.660,80 pontos *Somague sobe 12 escudos para 1.115, com 199.600 *Cimpor cai 6 escudos para 3.372, com 159.850 acções *PT sobe 20 escudos para 3.940, com 83.394 acções *PT Nova Iorque sobe 0,5 dólares para 26, com 23.500 *Dólar 152,45 escudos vs 152,666 no fixing do BP. Fizeram-se 240.660 acções da Somague a subirem 17 escudos para 1.120, 179.394 papéis da PT a ganharem 30 escudos para 3.950 e 164.950 acções da Cimpor a descerem sete escudos para 3.371. </p>
<p> A Portucel está a cair nove escudos para 1.020, com 125.798. - José Barata, Lisboa Editorial, 351-1-3150035. (c) Reuters Limited 1996. </p></text>
<copyright>(c) Reuters Limited 1996</copyright>
<metadata>
<codes class="bip:countries:1.0">
<code code="wKzTZutNSp">
<editdetail action="confirmed" attribution="Reuters BIP Coding Group" date="1996-08-23"></editdetail></code>
<code code="koLGgdFTVB">
<editdetail action="confirmed" attribution="Reuters BIP Coding Group" date="1996-08-23"></editdetail></code>
<code code="oafSJZayQo">
<editdetail action="confirmed" attribution="Reuters BIP Coding Group" date="1996-08-23"></editdetail></code></codes>
<codes class="bip:topics:1.0">
<code code="PJALQPsZJb">
<editdetail action="confirmed" attribution="Reuters BIP Coding Group" date="1996-08-23"></editdetail></code>
<code code="llYEboOPBs">
<editdetail action="confirmed" attribution="Reuters BIP Coding Group" date="1996-08-23"></editdetail></code></codes>
<dc element="dc.publisher" value="Reuters Holdings Plc"></dc>
<dc element="dc.datepublished" value="1996-08-23"></dc>
<dc element="dc.source" value="Reuters - Notícias em Português"></dc>
<dc element="dc.creator.location" value=""></dc>
<dc element="dc.creator.location.country.name" value=""></dc></metadata></newsitem>