<?xml version="1.0" encoding="UTF-8"?>

<newsitem date="1996-10-25" id="root" itemid="50079" xml:lang="pt">
<title></title>
<headline> ESCUDO FECHA ESTÁVEL NOS 100,80 POR MARCO. </headline>
<byline></byline>
<dateline></dateline>
<text>
<p> O escudo fechou estabilizado nos 100,80 por marco, após uma sessão em que se verificou alguma volatilidade. Dealers dizem que o mercado parece encontrar nos 100,80 um nível de referência que poderá ser para manter. </p>
<p> *Escudo 100,81/86 por marco contra 100,87/90 na abertura </p>
<p> *Escudo oscilou entre 100,75 e 100,89 por marco </p>
<p> *Peseta 84,21/24 por marco contra 84,19/20 na abertura </p>
<p> *Dólar 1,5190/95 marcos vs 1,5225/30 na abertura Europa </p>
<p> *BP manteve taxa cedência a sete pct </p>
<p>     Dealers disseram que o escudo recuperou terreno ao marco, </p>
<p> logo no início da sessão, com ordens de não-residentes, e </p>
<p> intensificaria depois os ganhos com uma ligeira recuperação do </p>
<p> dólar. </p>
<p>     ----José Barata, Lisboa Editorial, 351.1.3113121. </p>
<p> (c) Reuters Limited 1996. </p></text>
<copyright>(c) Reuters Limited 1996</copyright>
<metadata>
<codes class="bip:countries:1.0">
<code code="uotPqDfEiO">
<editdetail action="confirmed" attribution="Reuters BIP Coding Group" date="1996-10-25"></editdetail></code>
<code code="LAuNXLMzAE">
<editdetail action="confirmed" attribution="Reuters BIP Coding Group" date="1996-10-25"></editdetail></code>
<code code="FKjiyyuJTI">
<editdetail action="confirmed" attribution="Reuters BIP Coding Group" date="1996-10-25"></editdetail></code></codes>
<codes class="bip:topics:1.0">
<code code="haoGPrwJDu">
<editdetail action="confirmed" attribution="Reuters BIP Coding Group" date="1996-10-25"></editdetail></code>
<code code="tUYnTwduLz">
<editdetail action="confirmed" attribution="Reuters BIP Coding Group" date="1996-10-25"></editdetail></code>
<code code="ImrKukuFiN">
<editdetail action="confirmed" attribution="Reuters BIP Coding Group" date="1996-10-25"></editdetail></code></codes>
<dc element="dc.publisher" value="Reuters Holdings Plc"></dc>
<dc element="dc.datepublished" value="1996-10-25"></dc>
<dc element="dc.source" value="Reuters - Notícias em Português"></dc>
<dc element="dc.creator.location" value=""></dc>
<dc element="dc.creator.location.country.name" value=""></dc></metadata></newsitem>