<?xml version="1.0" encoding="UTF-8"?>

<newsitem date="1996-08-21" id="root" itemid="48285" xml:lang="pt">
<title></title>
<headline> ACÇÕES ABREM ALTA, CONCENTRADO SOMAGUE POR FUNDO. </headline>
<byline></byline>
<dateline></dateline>
<text>
<p> LISBOA, 21 Ago (Reuter) - O Contínuo abriu em alta e com o mercado concentrado na transacção de quase meio milhão de acções da Somague, com um fundo muito activo na compra, e com a generalidade das blue-chips, à excepção da Portugal Telecom, a ganharem algum terreno em relação a ontem. </p>
<p> &quot;Tirando o negócio com a Somague não se pode falar em grande liquidez, embora se note um sentimento positivo para a generalidade dos papéis, designadamente das blue-chips&quot;, disse um dealer que não quis ser identificado. </p>
<p> &quot;A PT, embora a cair, não está a ajustar completamente ao fecho de ontem de Nova Iorque&quot;, acrescentou. </p>
<p> Fizeram-se 26.306 acções da PT a caírem 10 escudos para 3.915. Ontem, em Nova Iorque, a PT fechou a descer 0,125 dólares para 25,5 (3.886 escudos). </p>
<p> Da Somague fizeram-se 495.700 acções, estáveis nos 1.100 escudos. </p>
<p> O vice-presidente da Somague, Diogo Vaz Guedes, disse à Reuters que o comprador de mais de 4,5 pct do capital da empresa é um fundo, seguro das boas performances da empresa. </p>
<p> Dealers dizem que a Portucel está a ganhar terreno perante as boas perspectivas para o segundo semestre, enquanto o BFE tocou já no máximo de 2.519 escudos. </p>
<p> &quot;No BFE não há explicação para estes níveis de 2.519 escudos. Até pode ser que o negócio (privatização) se faça acima dos 2.500, mas estar a comprar acima deste nível é um risco muito grande&quot;, disse outro operador. </p>
<p> &quot;A não ser que quem esteja a comprar esteja conhecedor do processo (preços), mas isso é pouco provável&quot;, acrescentou. </p>
<p> Não há, ainda, a certeza de que o Conselho de Ministros de amanhã possa tomar uma decisão sobre os candidatos à aquisição do BFE que transitam para a fase seguinte. </p>
<p> Banco Português de Investimento, Banco Finantia e Banco Nacional de Crédito Imobiliário estão na corrida ao BFE. </p>
<p> Fizeram-se 25.906 acções do BFE a subirem cinco escudos para 2.510, depois de terem tocado no máximo da sessão de 2.519 escudos. </p>
<p> O negócio que envolveu a Mague-SGPS envolveu um lote de 30.000 acções, dizendo dealers que o interesse nesta empresa tem-se vindo progressivamente a intensificar nos últimos dois meses. </p>
<p> Fizeram-se 33.191 acções da Mague a subirem 11 escudos para 2.341. </p>
<p> - José Barata, Lisboa Editorial, 351-1-3150035. (c) Reuters Limited 1996. </p></text>
<copyright>(c) Reuters Limited 1996</copyright>
<metadata>
<codes class="bip:countries:1.0">
<code code="wlhwCSryGZ">
<editdetail action="confirmed" attribution="Reuters BIP Coding Group" date="1996-08-21"></editdetail></code>
<code code="mlcWDuDORO">
<editdetail action="confirmed" attribution="Reuters BIP Coding Group" date="1996-08-21"></editdetail></code>
<code code="lKfDvGSyTQ">
<editdetail action="confirmed" attribution="Reuters BIP Coding Group" date="1996-08-21"></editdetail></code></codes>
<codes class="bip:topics:1.0">
<code code="AkOhKAztzU">
<editdetail action="confirmed" attribution="Reuters BIP Coding Group" date="1996-08-21"></editdetail></code>
<code code="UKxlJgPppA">
<editdetail action="confirmed" attribution="Reuters BIP Coding Group" date="1996-08-21"></editdetail></code></codes>
<dc element="dc.publisher" value="Reuters Holdings Plc"></dc>
<dc element="dc.datepublished" value="1996-08-21"></dc>
<dc element="dc.source" value="Reuters - Notícias em Português"></dc>
<dc element="dc.creator.location" value=""></dc>
<dc element="dc.creator.location.country.name" value=""></dc></metadata></newsitem>