<?xml version="1.0" encoding="UTF-8"?>

<newsitem date="1996-08-20" id="root" itemid="48262" xml:lang="pt">
<title></title>
<headline> ESCUDO SEGUE CALMO VS MARCO, EXPECTATIVA FOMC,BUBA. </headline>
<byline></byline>
<dateline></dateline>
<text>
<p> 1040 TMG - O escudo seguia calmo e centrado nos 102,50 por marco ao longo da manhã, com o mercado na expectativa quanto aos números estatísticos dos Estados Unidos, a reunião de hoje do FOMC e quinta-feira do Buba. </p>
<p> *Escudo 102,53/56 por marco contra 102,51/54 na abertura </p>
<p> *Escudo oscilou entre 102,52 e 102,55 por marco </p>
<p> *Peseta 84,51/54 por marco contra 84,52/54 na abertura </p>
<p> *Dólar 1,4900/05 marcos vs 1,4892/95 abertura Europa </p>
<p> *Tesouro não coloca nada leilão OT/Mar/96/01 </p>
<p> *Divulgação da balança comercial Jun nos EUA, 1230 TMG. </p>
<p>     ----José Barata, Lisboa Editorial, 351.1.3113121. </p>
<p> (c) Reuters Limited 1996. </p></text>
<copyright>(c) Reuters Limited 1996</copyright>
<metadata>
<codes class="bip:countries:1.0">
<code code="eqiQKgCmHF">
<editdetail action="confirmed" attribution="Reuters BIP Coding Group" date="1996-08-20"></editdetail></code>
<code code="ZcKSJIMcEO">
<editdetail action="confirmed" attribution="Reuters BIP Coding Group" date="1996-08-20"></editdetail></code>
<code code="FaMahytuQV">
<editdetail action="confirmed" attribution="Reuters BIP Coding Group" date="1996-08-20"></editdetail></code></codes>
<codes class="bip:topics:1.0">
<code code="rmFnxTktvC">
<editdetail action="confirmed" attribution="Reuters BIP Coding Group" date="1996-08-20"></editdetail></code>
<code code="PNGLzbkwWf">
<editdetail action="confirmed" attribution="Reuters BIP Coding Group" date="1996-08-20"></editdetail></code>
<code code="ExxGczgdDz">
<editdetail action="confirmed" attribution="Reuters BIP Coding Group" date="1996-08-20"></editdetail></code></codes>
<dc element="dc.publisher" value="Reuters Holdings Plc"></dc>
<dc element="dc.datepublished" value="1996-08-20"></dc>
<dc element="dc.source" value="Reuters - Notícias em Português"></dc>
<dc element="dc.creator.location" value=""></dc>
<dc element="dc.creator.location.country.name" value=""></dc></metadata></newsitem>