<?xml version="1.0" encoding="UTF-8"?>

<newsitem date="1996-09-26" id="root" itemid="49286" xml:lang="pt">
<title></title>
<headline> IMPOSTOS NÃO SOBEM 97, PRIVATIZAÇÕES RENDEM 500 MC. </headline>
<byline></byline>
<dateline></dateline>
<text>
<p> LISBOA, 26 Set (Reuter) - O Orçamento de Estado (OE) para 1997 não prevê um aumento dos impostos, contando o Governo arrecadar 500 milhões de contos (MC) com as privatizações, disse o ministro das Finanças, António de Sousa Franco, durante o debate parlamentar sobre a moeda única. </p>
<p> &quot;O OE para 1997, com esta base que é já sólida e que corresponde à situação em que, decorrida que está a grande maioria de 1996, não aumentará impostos, tal como aconteceu em 1996&quot;, disse Sousa Franco, esta tarde, durante o debate parlamentar. </p>
<p> (c) Reuters Limited 1996. O ministro das Finanças, que prometeu para 1997 um orçamento de rigor, mas, à semelhança de 1996, com preocupações sociais, anunciou que o Governo prevê arrecadar 500 MC com as privatizações, verba que vai, simultâneamente, permitir uma redução do rácio da dívida pública e também do défice orçamental, aproximando-os dos critérios de Maastricht. </p>
<p> O Governo anunciou, recentemente, que prevê para 1997 que o défice orçamental em função do PIB seja de 2,9 pct e um rácio da dívida pública sobre o PIB à volta dos 68 pct. </p>
<p> Sousa Franco mostrou-se também agradado pelo facto do desemprego mostrar sinais de estagnação. </p>
<p> &quot;O desemprego não está a aumentar, aumentou até ao primeiro trimestre deste ano, no seguimento da política anterior e nos últimos meses tem estado a reduzir-se&quot;, disse Sousa Franco. </p>
<p> &quot;Sabemos que isto significa um estacionamento, mas sabemos também que isto significa a vitória sobre a tendência anterior&quot;, revelou o ministro das Finanças, naquilo que foi considerado, por vários analistas, como uma pré-apresentação do OE para 1997. </p>
<p> &quot;O desemprego está contido e pensamos que pode melhorar&quot;, concluiu Sousa Franco. </p>
<p> Segundo o Instituto Nacional de Estatística (INE), a taxa de desemprego, no terceiro trimestre, era de 7,1 pct contra 7,2 pct no trimestre anterior e 6,9 pct no período homólogo de 1995. </p>
<p> - Lisboa Editorial, 351.1.3113121. </p>
<p> (c) Reuters Limited 1996. </p></text>
<copyright>(c) Reuters Limited 1996</copyright>
<metadata>
<codes class="bip:countries:1.0">
<code code="NFcopKWKZr">
<editdetail action="confirmed" attribution="Reuters BIP Coding Group" date="1996-09-26"></editdetail></code>
<code code="IPfpfSUozD">
<editdetail action="confirmed" attribution="Reuters BIP Coding Group" date="1996-09-26"></editdetail></code>
<code code="iGzDXOwKtA">
<editdetail action="confirmed" attribution="Reuters BIP Coding Group" date="1996-09-26"></editdetail></code></codes>
<codes class="bip:topics:1.0">
<code code="yklGQGqFKo">
<editdetail action="confirmed" attribution="Reuters BIP Coding Group" date="1996-09-26"></editdetail></code>
<code code="ysasyxqqZn">
<editdetail action="confirmed" attribution="Reuters BIP Coding Group" date="1996-09-26"></editdetail></code>
<code code="ZYmyGhdOjp">
<editdetail action="confirmed" attribution="Reuters BIP Coding Group" date="1996-09-26"></editdetail></code></codes>
<dc element="dc.publisher" value="Reuters Holdings Plc"></dc>
<dc element="dc.datepublished" value="1996-09-26"></dc>
<dc element="dc.source" value="Reuters - Notícias em Português"></dc>
<dc element="dc.creator.location" value=""></dc>
<dc element="dc.creator.location.country.name" value=""></dc></metadata></newsitem>