<?xml version="1.0" encoding="UTF-8"?>

<newsitem date="1996-08-30" id="root" itemid="48537" xml:lang="pt">
<title></title>
<headline> ESCUDO ABRE CALMO VS MARCO E VAI MANTER-SE APÁTICO. </headline>
<byline></byline>
<dateline></dateline>
<text>
<p> LISBOA, 30 Ago (Reuter) - O escudo abriu calmo e estável contra o marco e assim se deverá manter ao longo da sessão pela falta de definição do dólar, por ser sexta-feira e final do mês e porque segunda-feira é feriado. </p>
<p> O escudo abriu 102,55/58 por marco ao nível do fecho de ontem. Às 0822 TMG, o escudo cotava 102,56/58 por marco. </p>
<p> &quot;É sexta-feira e final do mês e na segunda é feriado nos Estados Unidos, tudo condicionantes à actividade do mercado, ainda por cima com o dólar outra vez encolhido e sem definir uma tendência&quot;, disse um dealer que não qui ser identificado. </p>
<p> O escudo vai oscilar entre 102,50 e 102,60 por marco. </p></text>
<copyright>(c) Reuters Limited 1996</copyright>
<metadata>
<codes class="bip:countries:1.0">
<code code="ILTrXvyUpc">
<editdetail action="confirmed" attribution="Reuters BIP Coding Group" date="1996-08-30"></editdetail></code>
<code code="tUrUbAgjrx">
<editdetail action="confirmed" attribution="Reuters BIP Coding Group" date="1996-08-30"></editdetail></code>
<code code="jRjlKGgQEg">
<editdetail action="confirmed" attribution="Reuters BIP Coding Group" date="1996-08-30"></editdetail></code></codes>
<codes class="bip:topics:1.0">
<code code="OZjrUiWHXA">
<editdetail action="confirmed" attribution="Reuters BIP Coding Group" date="1996-08-30"></editdetail></code>
<code code="rYeuKEdleY">
<editdetail action="confirmed" attribution="Reuters BIP Coding Group" date="1996-08-30"></editdetail></code>
<code code="NNtDamfJqk">
<editdetail action="confirmed" attribution="Reuters BIP Coding Group" date="1996-08-30"></editdetail></code></codes>
<dc element="dc.publisher" value="Reuters Holdings Plc"></dc>
<dc element="dc.datepublished" value="1996-08-30"></dc>
<dc element="dc.source" value="Reuters - Notícias em Português"></dc>
<dc element="dc.creator.location" value=""></dc>
<dc element="dc.creator.location.country.name" value=""></dc></metadata></newsitem>