<?xml version="1.0" encoding="UTF-8"?>

<newsitem date="1996-09-12" id="root" itemid="48853" xml:lang="pt">
<title></title>
<headline> GUTERRES DIZ INFLAÇÃO MÉDIA AGO EM 3,3%-D.ECONÓMICO. </headline>
<byline></byline>
<dateline></dateline>
<text>
<p> LISBOA 12 Set (Reuter) - O primeiro-ministro, António Guterres, disse que a inflação média anual, em Agosto, deve cair para 3,3 pct, permitindo alcançar os três pct no final de 1997, refere o Diário Económico. </p>
<p> O objectivo para 1997 é de 2,5 pct, adiantou António Guterres num encontro, em Nova Iorque, com banqueiros americanos. </p>
<p> Uma poll de analistas contactados pela Reuters, apontava para que a variação mensal do índice de preços no consumidor (IPC) em Agosto saisse entre 0,1 pct e 0,3 pct contra 0,2 pct em Julho. </p>
<p> A verificar-se uma inflação mensal de 0,1, 0,2 ou 0,3 a homóloga cairá, respectivamente, para 3,4 pct, 3,5 pct ou 3,6 pct e a média para 3,3 pct. </p>
<p> Guterres confirmou que o défice orçamental deverá ficar em quatro pct este ano, contra uma previsão inicial de 4,2 pct, apontando para 2,9 pct no final de 1997. </p>
<p> Quanto às receitas das privatizações em 1996, o primeiro-ministro admitiu que deverão ascender a 450 milhões de contos (MC) contra 380 MC previstos no Orçamento de Estado. </p>
<p> - Lisboa Editorial, 351-1-3150035. </p>
<p> (c) Reuters Limited 1996. </p></text>
<copyright>(c) Reuters Limited 1996</copyright>
<metadata>
<codes class="bip:countries:1.0">
<code code="AzJmWOqZvZ">
<editdetail action="confirmed" attribution="Reuters BIP Coding Group" date="1996-09-12"></editdetail></code>
<code code="fSYPRjgrQW">
<editdetail action="confirmed" attribution="Reuters BIP Coding Group" date="1996-09-12"></editdetail></code>
<code code="kWiVkqunjt">
<editdetail action="confirmed" attribution="Reuters BIP Coding Group" date="1996-09-12"></editdetail></code></codes>
<codes class="bip:topics:1.0">
<code code="qBdskwAMMV">
<editdetail action="confirmed" attribution="Reuters BIP Coding Group" date="1996-09-12"></editdetail></code>
<code code="TUWbmOWxjC">
<editdetail action="confirmed" attribution="Reuters BIP Coding Group" date="1996-09-12"></editdetail></code>
<code code="FVhapFYsAM">
<editdetail action="confirmed" attribution="Reuters BIP Coding Group" date="1996-09-12"></editdetail></code></codes>
<dc element="dc.publisher" value="Reuters Holdings Plc"></dc>
<dc element="dc.datepublished" value="1996-09-12"></dc>
<dc element="dc.source" value="Reuters - Notícias em Português"></dc>
<dc element="dc.creator.location" value=""></dc>
<dc element="dc.creator.location.country.name" value=""></dc></metadata></newsitem>