<?xml version="1.0" encoding="UTF-8"?>

<newsitem date="1996-10-04" id="root" itemid="49511" xml:lang="pt">
<title></title>
<headline> MONETÁRIO FECHA CALMO, PRAZOS EM BAIXA MARGINAL. </headline>
<byline></byline>
<dateline></dateline>
<text>
<p> LISBOA, 4 Out (Reuter) - O mercado monetário do escudo fechou calmo, após uma sessão sem muito movimento e cujo principal destaque foi uma pequena descida nas maturidades mais longas. Mercado de futuros segue com 8,5 milhões de contos de liquidez. </p>
<p> &quot;O mercado hoje esteve calmo, embora eu considere que tinha sido um bom sinal para o mercado uma descida da taxa de absorção. Essa descida não pressionava nada porque o mercado não tem excesso de liquidez, mas era um sinal e permitia um ajustamento do mercado em baixa, que facilitaria um futuro corte da taxa de cedência&quot;, disse um operador. </p>
<p> A três meses, as taxas estavam esta tarde em 6,90/6,95 pct, contra 6,90/7,00 pct na abertura. </p>
<p> Os seis e 12 meses estão em 6,80/6,88 pct, contra 6,80/6,90 pct de manhã. </p>
<p> - Fernanda Pargana, Lisboa Editorial, 351-1-311.31.26 </p>
<p> (c) Reuters Limited 1996. </p></text>
<copyright>(c) Reuters Limited 1996</copyright>
<metadata>
<codes class="bip:countries:1.0">
<code code="HdUNJsgCqM">
<editdetail action="confirmed" attribution="Reuters BIP Coding Group" date="1996-10-04"></editdetail></code>
<code code="ffsMHkJYyB">
<editdetail action="confirmed" attribution="Reuters BIP Coding Group" date="1996-10-04"></editdetail></code>
<code code="eYkIVwffqN">
<editdetail action="confirmed" attribution="Reuters BIP Coding Group" date="1996-10-04"></editdetail></code></codes>
<codes class="bip:topics:1.0">
<code code="JYgHlvKBYx">
<editdetail action="confirmed" attribution="Reuters BIP Coding Group" date="1996-10-04"></editdetail></code>
<code code="PNQwdtcSKg">
<editdetail action="confirmed" attribution="Reuters BIP Coding Group" date="1996-10-04"></editdetail></code></codes>
<dc element="dc.publisher" value="Reuters Holdings Plc"></dc>
<dc element="dc.datepublished" value="1996-10-04"></dc>
<dc element="dc.source" value="Reuters - Notícias em Português"></dc>
<dc element="dc.creator.location" value=""></dc>
<dc element="dc.creator.location.country.name" value=""></dc></metadata></newsitem>