<?xml version="1.0" encoding="UTF-8"?>

<newsitem date="1996-10-02" id="root" itemid="49424" xml:lang="pt">
<title></title>
<headline> ESCUDO FORTE E COM VONTADE ATACAR 101,00 POR MARCO. </headline>
<byline></byline>
<dateline></dateline>
<text>
<p> O escudo continua a mostrar-se forte não só contra o marco, mas também contra o franco e a peseta, entre outras, e deverá agora iniciar a sua caminhada em direcção aos 101,00 por marco, embora esse ataque seja feito por etapas. </p>
<p> &quot;Têm vindo a ser quebrados suportes sucessivos no marco-escudo, o último foi no nível psicológico dos 101,50, já estamos nos 101,40 e a partir daqui só vamos parar na figura (101,00)&quot;, disse um dealer que não quis ser identificado. </p>
<p> Dealers associam esta apreciação do escudo, de uma forma isolada, pelas últimas notícias favoráveis à economia portuguesa colocando Portugal no pelotão da frente da moeda única. </p>
<p> *Escudo 101,39/42 por marco contra 101,58/63 na abertura </p>
<p> *Escudo oscilou entre 101,40 e 101,58 por marco </p>
<p> *Peseta 84,14/15 por marco contra 84,11/14 na abertura </p>
<p> *Dólar 1,5253/56 marcos vs 1,5262/67 na abertura Europa </p>
<p> - José Barata, Lisboa Editorial, 351.1.3113121. </p>
<p> (c) Reuters Limited 1996. </p></text>
<copyright>(c) Reuters Limited 1996</copyright>
<metadata>
<codes class="bip:countries:1.0">
<code code="PwVNOKSRGr">
<editdetail action="confirmed" attribution="Reuters BIP Coding Group" date="1996-10-02"></editdetail></code>
<code code="RiZYAMjykP">
<editdetail action="confirmed" attribution="Reuters BIP Coding Group" date="1996-10-02"></editdetail></code>
<code code="RQcjSHbekX">
<editdetail action="confirmed" attribution="Reuters BIP Coding Group" date="1996-10-02"></editdetail></code></codes>
<codes class="bip:topics:1.0">
<code code="LIeySzLtJW">
<editdetail action="confirmed" attribution="Reuters BIP Coding Group" date="1996-10-02"></editdetail></code>
<code code="FSnpyytdqZ">
<editdetail action="confirmed" attribution="Reuters BIP Coding Group" date="1996-10-02"></editdetail></code>
<code code="QGMPLzaOyv">
<editdetail action="confirmed" attribution="Reuters BIP Coding Group" date="1996-10-02"></editdetail></code></codes>
<dc element="dc.publisher" value="Reuters Holdings Plc"></dc>
<dc element="dc.datepublished" value="1996-10-02"></dc>
<dc element="dc.source" value="Reuters - Notícias em Português"></dc>
<dc element="dc.creator.location" value=""></dc>
<dc element="dc.creator.location.country.name" value=""></dc></metadata></newsitem>