<?xml version="1.0" encoding="UTF-8"?>

<newsitem date="1996-09-06" id="root" itemid="48711" xml:lang="pt">
<title></title>
<headline> UM MORTO EXPLOSÃO ESCOLA FUNDÃO, 2 FERIDOS GRAVES. </headline>
<byline></byline>
<dateline></dateline>
<text>
<p> LISBOA, 6 Set (Reuter) - Uma das funcionárias feridas na explosão da Escola Básica do Fundão acabou por sucumbir aos ferimentos, disse fonte do hospital do Fundão, para onde foi transportada. </p>
<p> A vítima é Ana Maria Nunes, de 32 anos, residente em Donas e funcionária da escola. </p>
<p> Duas outras funcionárias da escola do Fundão, cuja identidade não foi revelada, foram transferidas para o Hospital de Coimbra, em estado grave, uma outra foi transportada para o hospital da Covilhã e outras duas já tiveram alta, anunciou a mesma fonte. </p>
<p> Uma forte explosão ocorreu, esta manhã, na escola básica do Fundão, ferindo seis pessoas e provocando a destruição do rés-do-chão do edifício e de oito viaturas. </p>
<p> Os bombeiros locais admitiram que a explosão tivesse sido provocada por um engenho explosivo, mas a GNR do Fundão não confirmou esta eventualidade. </p>
<p> Fonte da GNR do Fundão disse à Reuters não poder confirmar a versão do engenho explosivo, aguardando, ainda, pelo relatório da brigada de minas e armadilhas e, sobre os telefonemas anónimos, esclareceu que foram apenas duas chamadas em que ninguém falou. </p>
<p> - Lisboa Editorial, 351.1.3113121. </p>
<p> (c) Reuters Limited 1996. </p></text>
<copyright>(c) Reuters Limited 1996</copyright>
<metadata>
<codes class="bip:countries:1.0">
<code code="eDFAuUfdWj">
<editdetail action="confirmed" attribution="Reuters BIP Coding Group" date="1996-09-06"></editdetail></code>
<code code="UVkwAcumVT">
<editdetail action="confirmed" attribution="Reuters BIP Coding Group" date="1996-09-06"></editdetail></code>
<code code="SlbGkbJEyI">
<editdetail action="confirmed" attribution="Reuters BIP Coding Group" date="1996-09-06"></editdetail></code></codes>
<codes class="bip:topics:1.0">
<code code="JIGeoOJOcB">
<editdetail action="confirmed" attribution="Reuters BIP Coding Group" date="1996-09-06"></editdetail></code>
<code code="ORrfHEMUWU">
<editdetail action="confirmed" attribution="Reuters BIP Coding Group" date="1996-09-06"></editdetail></code>
<code code="zRlvSFSlNQ">
<editdetail action="confirmed" attribution="Reuters BIP Coding Group" date="1996-09-06"></editdetail></code></codes>
<dc element="dc.publisher" value="Reuters Holdings Plc"></dc>
<dc element="dc.datepublished" value="1996-09-06"></dc>
<dc element="dc.source" value="Reuters - Notícias em Português"></dc>
<dc element="dc.creator.location" value=""></dc>
<dc element="dc.creator.location.country.name" value=""></dc></metadata></newsitem>