<?xml version="1.0" encoding="UTF-8"?>

<newsitem date="1996-10-25" id="root" itemid="50077" xml:lang="pt">
<title></title>
<headline> ACÇÕES FECHAM MISTAS, MERCADO BASTANTE DOMÉSTICO. </headline>
<byline></byline>
<dateline></dateline>
<text>
<p> As acções do Contínuo fecharam mistas e a liquidez no cash a somar 15,6 milhões de contos, destacando-se a Mundial Confiança, BES e Portucel Industrial (PI). Futuros ilíquidos.Segunda-feira prevê-se uma sessão sem forte oscilações como vem sendo hobitual e o interesse dos investidores concentrado nas &apos;blue-chips&apos;. Mercado bastante doméstico. *Índice PSI-20 (.PSI20)cai 0,02 pct para 4.764,08 pontos *Futuro PSI20 Nov96 (PSI20X6)cai p/ 4.794 vs 4.800 pontos *M.Confiança sobe 15 esc p/1.290.Negociadas 9.705.720 *BES sobe 11 escudos para 2.688. Negociadas 223.989 *PI cai 4 escudos para 971. Negociadas 190.040. </p>
<p> - Paula Cordeiro, Lisboa Editorial, 351-1-3150035. (c) Reuters Limited 1996. </p></text>
<copyright>(c) Reuters Limited 1996</copyright>
<metadata>
<codes class="bip:countries:1.0">
<code code="bMJpQpZobn">
<editdetail action="confirmed" attribution="Reuters BIP Coding Group" date="1996-10-25"></editdetail></code>
<code code="UDLTGmLTmL">
<editdetail action="confirmed" attribution="Reuters BIP Coding Group" date="1996-10-25"></editdetail></code>
<code code="ZbiZylAsyp">
<editdetail action="confirmed" attribution="Reuters BIP Coding Group" date="1996-10-25"></editdetail></code></codes>
<codes class="bip:topics:1.0">
<code code="DDCMRThbOR">
<editdetail action="confirmed" attribution="Reuters BIP Coding Group" date="1996-10-25"></editdetail></code>
<code code="yxXiLgSTfS">
<editdetail action="confirmed" attribution="Reuters BIP Coding Group" date="1996-10-25"></editdetail></code></codes>
<dc element="dc.publisher" value="Reuters Holdings Plc"></dc>
<dc element="dc.datepublished" value="1996-10-25"></dc>
<dc element="dc.source" value="Reuters - Notícias em Português"></dc>
<dc element="dc.creator.location" value=""></dc>
<dc element="dc.creator.location.country.name" value=""></dc></metadata></newsitem>