<?xml version="1.0" encoding="UTF-8"?>

<newsitem date="1996-08-22" id="root" itemid="48322" xml:lang="pt">
<title></title>
<headline> GOVERNO ISENTA IMPOSTO ESTACIONAMENTO SUBTERRÂNEO. </headline>
<byline></byline>
<dateline></dateline>
<text>
<p> LISBOA, 22 Ago (Reuter) - O Conselho de Ministros aprovou um decreto lei que isenta de contribuição autárquica, temporária e condicionadamente, os parques de estacionamento subterrâneos em regime de direito de superfícies, foi anunciado no final da reunião do Governo. </p>
<p> &quot;Esta medida destina-se a impulsionar o aparecimento deste tipo de equipamentos, nomeadamente nos locais mais carenciados, permitindo que se reduza o défice de espaço de estacionamento automóvel e contribuindo simultaneamente para o seu ordenamento&quot;, refere o comunicado do Conselho de Ministros. </p>
<p> - Lisboa Editorial, 351.1.3113121. </p>
<p> (c) Reuters Limited 1996. </p></text>
<copyright>(c) Reuters Limited 1996</copyright>
<metadata>
<codes class="bip:countries:1.0">
<code code="McVjOBzFLk">
<editdetail action="confirmed" attribution="Reuters BIP Coding Group" date="1996-08-22"></editdetail></code>
<code code="NiwESJeXgG">
<editdetail action="confirmed" attribution="Reuters BIP Coding Group" date="1996-08-22"></editdetail></code>
<code code="KcGoqBkrfg">
<editdetail action="confirmed" attribution="Reuters BIP Coding Group" date="1996-08-22"></editdetail></code></codes>
<codes class="bip:topics:1.0">
<code code="oCctgsukdq">
<editdetail action="confirmed" attribution="Reuters BIP Coding Group" date="1996-08-22"></editdetail></code>
<code code="avsOElNJFu">
<editdetail action="confirmed" attribution="Reuters BIP Coding Group" date="1996-08-22"></editdetail></code>
<code code="sUhskxpZDZ">
<editdetail action="confirmed" attribution="Reuters BIP Coding Group" date="1996-08-22"></editdetail></code></codes>
<dc element="dc.publisher" value="Reuters Holdings Plc"></dc>
<dc element="dc.datepublished" value="1996-08-22"></dc>
<dc element="dc.source" value="Reuters - Notícias em Português"></dc>
<dc element="dc.creator.location" value=""></dc>
<dc element="dc.creator.location.country.name" value=""></dc></metadata></newsitem>