<?xml version="1.0" encoding="UTF-8"?>

<newsitem date="1996-10-17" id="root" itemid="49864" xml:lang="pt">
<title></title>
<headline> ACÇÕES,FUTUROS PSI20 FECHAM QUEDA, APATIA P/ FICAR. </headline>
<byline></byline>
<dateline></dateline>
<text>
<p> As acções do Contínuo e os Futuros sobre o PSI20 fecharam pouco voláteis e a liquidez no cash a somar 2,2 milhões de contos, numa sessão em que as atenções estiveram no mercado obrigacionista, devido à forte volatilidade. Cimpor sustentada em redor dos 3.250 escudos. Portucel cai com relatório menos favorável sobre a evolução dos stocks da pasta. Apatia deve manter-se amanhã, com o mercado em ligeira queda. Investidores não tomam muitas posições à sexta-feira, afirmaram dealers. *Índice PSI-20 (.PSI20)cai 0,16 pct para 4.771,44 pontos *Cimpor cai 4 escudos para 3.242, com 171.428 acções *Portucel cai 6 escudos para 990. Negociadas 124.372 *Futuro PSI-20 Out/96 (PSI20V6)cai 1 ponto para 4.775. </p>
<p> - Paula Cordeiro, Lisboa Editorial, 351-1-3150035. (c) Reuters Limited 1996. </p></text>
<copyright>(c) Reuters Limited 1996</copyright>
<metadata>
<codes class="bip:countries:1.0">
<code code="mptJXLQIgN">
<editdetail action="confirmed" attribution="Reuters BIP Coding Group" date="1996-10-17"></editdetail></code>
<code code="JqNTnfLyvi">
<editdetail action="confirmed" attribution="Reuters BIP Coding Group" date="1996-10-17"></editdetail></code>
<code code="QbEaXcpZKd">
<editdetail action="confirmed" attribution="Reuters BIP Coding Group" date="1996-10-17"></editdetail></code></codes>
<codes class="bip:topics:1.0">
<code code="HSwqZmDZYz">
<editdetail action="confirmed" attribution="Reuters BIP Coding Group" date="1996-10-17"></editdetail></code>
<code code="csZEwHpVPY">
<editdetail action="confirmed" attribution="Reuters BIP Coding Group" date="1996-10-17"></editdetail></code></codes>
<dc element="dc.publisher" value="Reuters Holdings Plc"></dc>
<dc element="dc.datepublished" value="1996-10-17"></dc>
<dc element="dc.source" value="Reuters - Notícias em Português"></dc>
<dc element="dc.creator.location" value=""></dc>
<dc element="dc.creator.location.country.name" value=""></dc></metadata></newsitem>