<?xml version="1.0" encoding="UTF-8"?>

<newsitem date="1996-10-07" id="root" itemid="49526" xml:lang="pt">
<title></title>
<headline> ACÇÕES PREVÊEM-SE CALMAS MAS SUPORTADAS EM ALTA. </headline>
<byline></byline>
<dateline></dateline>
<text>
<p> As acções do Contínuo deverão hoje manter-se calmas, mas com o sentimento positivo de final da semana passada a ser reforçado pelo fecho, sexta-feira, em alta de Nova Iorque e a subida das praças europeias esta manhã, disseram dealers. </p>
<p> &quot;O fecho de Nova Iorque em alta e a abertura mais forte das praças europeias vai reforçar o sentimento positivo do Contínuo. Os preços vão ficar suportados em leve alta&quot;, disse um operador. </p>
<p> &quot;O interesse deve ser selectivo, nomeadamente PT. A Tertir também deve registar procura depois de Rodrigo Leite dizer que a cotação está aquém da realidade e por Soporcel pois o presidente referiu que o Governo vai conceder incentivos à instalação da segunda máquina&quot;, disse outro. </p>
<p> *PT fecha Nova Iorque subir 0,125 dólares para 26,25 </p>
<p> *Dólar 154,85 escudos vs 154,980 fixing BP de sexta-feira </p>
<p> *Tertir está com cotação aquém da realidade-R.Leite </p>
<p> *Governo concede incentivos fiscais à Soporcel-Álvaro Barreto </p>
<p> *Soporcel investe 63 MC nova máquina de papel-Álvaro Barreto </p>
<p> *DJ Industrial fecha a subir 1,01 pct para 5.992,86 pontos </p>
<p> *Taxa máxima BT 182 dias cai 0,13 para 6,78 pct </p>
<p> - Sérgio Gonçalves, Lisboa Editorial, 351-1-3150035. (c) Reuters Limited 1996. </p></text>
<copyright>(c) Reuters Limited 1996</copyright>
<metadata>
<codes class="bip:countries:1.0">
<code code="obsuotBkgt">
<editdetail action="confirmed" attribution="Reuters BIP Coding Group" date="1996-10-07"></editdetail></code>
<code code="pGltwZPKpA">
<editdetail action="confirmed" attribution="Reuters BIP Coding Group" date="1996-10-07"></editdetail></code>
<code code="Itblqyvouc">
<editdetail action="confirmed" attribution="Reuters BIP Coding Group" date="1996-10-07"></editdetail></code></codes>
<codes class="bip:topics:1.0">
<code code="mzWLcPYXjf">
<editdetail action="confirmed" attribution="Reuters BIP Coding Group" date="1996-10-07"></editdetail></code>
<code code="WiVjxIwmtz">
<editdetail action="confirmed" attribution="Reuters BIP Coding Group" date="1996-10-07"></editdetail></code></codes>
<dc element="dc.publisher" value="Reuters Holdings Plc"></dc>
<dc element="dc.datepublished" value="1996-10-07"></dc>
<dc element="dc.source" value="Reuters - Notícias em Português"></dc>
<dc element="dc.creator.location" value=""></dc>
<dc element="dc.creator.location.country.name" value=""></dc></metadata></newsitem>