<?xml version="1.0" encoding="UTF-8"?>

<newsitem date="1996-10-10" id="root" itemid="49657" xml:lang="pt">
<title></title>
<headline> MONETÁRIO FECHA COM REACÇÃO TÉNUE A IPC SETEMBRO. </headline>
<byline></byline>
<dateline></dateline>
<text>
<p> LISBOA, 10 Out (Reuter) - O mercado monetário do escudo fechou sem registar muita reacção aos números da inflação, com excepção dos FRA, segundo operadores. </p>
<p> &quot;O mercado nem por isso reagiu, pelo facto de hoje se estar a recuperar da grande descida de ontem, é uma atenuante, mas acho que o número (da inflação) foi bom&quot;, disse um operador. </p>
<p> &quot;Os FRA cairam ligeiramente (depois da inflação), mas foram mais os preços do que propriamente muito volume. Considero que foi um bom número&quot;, disse outro dealer. </p>
<p> A poll de analistas usualmente contactada pela Reuters apontava para uma inflação mensal entre zero e 0,3 pct. </p>
<p> (c) Reuters Limited 1996. </p></text>
<copyright>(c) Reuters Limited 1996</copyright>
<metadata>
<codes class="bip:countries:1.0">
<code code="YwhGWQuNsr">
<editdetail action="confirmed" attribution="Reuters BIP Coding Group" date="1996-10-10"></editdetail></code>
<code code="XAOTCzKtap">
<editdetail action="confirmed" attribution="Reuters BIP Coding Group" date="1996-10-10"></editdetail></code>
<code code="nKPqyImoyn">
<editdetail action="confirmed" attribution="Reuters BIP Coding Group" date="1996-10-10"></editdetail></code></codes>
<codes class="bip:topics:1.0">
<code code="hdVHqPpQOs">
<editdetail action="confirmed" attribution="Reuters BIP Coding Group" date="1996-10-10"></editdetail></code>
<code code="wbKjdrBtho">
<editdetail action="confirmed" attribution="Reuters BIP Coding Group" date="1996-10-10"></editdetail></code></codes>
<dc element="dc.publisher" value="Reuters Holdings Plc"></dc>
<dc element="dc.datepublished" value="1996-10-10"></dc>
<dc element="dc.source" value="Reuters - Notícias em Português"></dc>
<dc element="dc.creator.location" value=""></dc>
<dc element="dc.creator.location.country.name" value=""></dc></metadata></newsitem>