<?xml version="1.0" encoding="UTF-8"?>

<newsitem date="1996-09-09" id="root" itemid="48747" xml:lang="pt">
<title></title>
<headline> MONETÁRIO ABRE CALMO E COM TAXAS ESTABILIZADAS. </headline>
<byline></byline>
<dateline></dateline>
<text>
<p> LISBOA, 9 Set (Reuter) - O mercado monetário do escudo abriu calmo, com as taxas estabilizadas e a revelar liquidez no curto prazo. </p>
<p> &quot;O curto prazo está estabilizado e com a liquidez normalizada para o período, enquanto os preços se mantêm aos níveis do fecho de sexta-feira&quot;, disse um operador. </p>
<p> &quot;Os futuros devem revelar-se ilíquidos, com o contrato de Dezembro entre os 92,95 e 92,98&quot;, disse outro dealer. </p>
<p> Os três meses estão entre 7,16 e 7,22 pct contra 7,17/7,20 no fecho de sexta, enquanto os seis e os 12 meses estão entre 7,13 e 7,19 pct contra 7,13/7,16 pct fecho sexta. </p>
<p> (c) Reuters Limited 1996. - Lisboa Editorial, 351-1-311.31.26 </p>
<p> (c) Reuters Limited 1996. </p></text>
<copyright>(c) Reuters Limited 1996</copyright>
<metadata>
<codes class="bip:countries:1.0">
<code code="EVjftVLhyA">
<editdetail action="confirmed" attribution="Reuters BIP Coding Group" date="1996-09-09"></editdetail></code>
<code code="eCwJKFsuwy">
<editdetail action="confirmed" attribution="Reuters BIP Coding Group" date="1996-09-09"></editdetail></code>
<code code="BiuNOqlPoR">
<editdetail action="confirmed" attribution="Reuters BIP Coding Group" date="1996-09-09"></editdetail></code></codes>
<codes class="bip:topics:1.0">
<code code="FwkvWqAKEg">
<editdetail action="confirmed" attribution="Reuters BIP Coding Group" date="1996-09-09"></editdetail></code>
<code code="jirmsqSDBu">
<editdetail action="confirmed" attribution="Reuters BIP Coding Group" date="1996-09-09"></editdetail></code></codes>
<dc element="dc.publisher" value="Reuters Holdings Plc"></dc>
<dc element="dc.datepublished" value="1996-09-09"></dc>
<dc element="dc.source" value="Reuters - Notícias em Português"></dc>
<dc element="dc.creator.location" value=""></dc>
<dc element="dc.creator.location.country.name" value=""></dc></metadata></newsitem>