<?xml version="1.0" encoding="UTF-8"?>

<newsitem date="1996-10-17" id="root" itemid="49861" xml:lang="pt">
<title></title>
<headline> ACÇÕES SEGUEM POUCO VOLÁTEIS, APATIA DEVE MANTER-SE. </headline>
<byline></byline>
<dateline></dateline>
<text>
<p> LISBOA, 17 Out (Reuter) - As acções do Contínuo e os Futuros sobre o PSI20 seguiam sem registarem fortes oscilações e a liquidez no cash a somar 1,5 milhões de contos, dos quais 23 pct referentes ao negócio com mais de 100.000 acções da Cimpor. </p>
<p> &quot;A euforia na Cimpor já passou, mas esta continua a liderar em termos de quantidade negociada com pouco mais de 100.000 acções, permitindo concluir que o resto do mercado está muito pouco líquido&quot;, afirmou um operador. </p>
<p> Dealers consideraram que a apatia do mercado accionista poderá estar relacionada com os movimentos sentidos no vector obrigacionista, que dispersou os investidores das acções. </p>
<p> &quot;Geralmente quando um dos mercados está muito volátil, como é caso hoje das obrigações, os fundos de investimentos abandonam o outro (mercado) e talvez seja isso que está a acontecer na sessão de hoje. Não tenho outra explicação para esta monotonia&quot;, disse um dealer. </p>
<p> &quot;As acções foram abandonadas&quot;, adiantou. </p>
<p> A quantidade negociada com acções da Cimpor deverá elevar-se até às 200.000 e o volume de negócios pode subir até aos dois milhões de contos, afirmaram operadores. </p>
<p> &quot;A Cimpor continua sustentada aos actuais níveis e deve manter-se assim, apesar de a liquidez ser mais reduzida&quot;. </p>
<p> As acções da Portucel Industrial (PI) continuam a registar alguma procura, sempre sustentadas ligeiramente acima ou abaixo dos 1.000 escudos, devido às perspectivas de crescimento do sector no início de 1997, entre 4,5 e cinco pct. </p>
<p> A liquidez registada nas acções do Banco Mello Comercial (BMC) deverá estar relacionada com o aumento de capital social da instituição, cuja subscrição teve início hoje e termina a 8 de Novembro. </p>
<p> Mudaram de mãos 65.920 acções do BMC a descerem três escudos para 1.345. A Lisnave e a Portugal Telecom (PT) estão hoje mais fracas. </p>
<p> &quot;Como a Lisnave subiu muito nos últimos tempos, devido à sua reestruturação financeira, depois surge sempre a realização de algumas mais-valias&quot;, disse um dealer. </p>
<p> Negociaram-se 51.100 acções da Lisnave a cairem nove escudos para 392. </p>
<p> As acções da PT estão a cair 20 escudos para 4.055, ajustando para perto dos valores de Nova Iorque. </p>
<p> Em Nova Iorque, a PT está a cair para 26,1/8 dólares contra 26,1/4 dólares. </p>
<p> - Paula Cordeiro, Lisboa Editorial, 351-1-3150035. </p>
<p> (c) Reuters Limited 1996. </p></text>
<copyright>(c) Reuters Limited 1996</copyright>
<metadata>
<codes class="bip:countries:1.0">
<code code="RgZMTMJkAP">
<editdetail action="confirmed" attribution="Reuters BIP Coding Group" date="1996-10-17"></editdetail></code>
<code code="PFABswtKoV">
<editdetail action="confirmed" attribution="Reuters BIP Coding Group" date="1996-10-17"></editdetail></code>
<code code="LLFksTCwFT">
<editdetail action="confirmed" attribution="Reuters BIP Coding Group" date="1996-10-17"></editdetail></code></codes>
<codes class="bip:topics:1.0">
<code code="wKZsFHRJWK">
<editdetail action="confirmed" attribution="Reuters BIP Coding Group" date="1996-10-17"></editdetail></code>
<code code="tFyxbSFsME">
<editdetail action="confirmed" attribution="Reuters BIP Coding Group" date="1996-10-17"></editdetail></code></codes>
<dc element="dc.publisher" value="Reuters Holdings Plc"></dc>
<dc element="dc.datepublished" value="1996-10-17"></dc>
<dc element="dc.source" value="Reuters - Notícias em Português"></dc>
<dc element="dc.creator.location" value=""></dc>
<dc element="dc.creator.location.country.name" value=""></dc></metadata></newsitem>