<?xml version="1.0" encoding="UTF-8"?>

<newsitem date="1996-10-31" id="root" itemid="50230" xml:lang="pt">
<title></title>
<headline> MMI TRANSACCIONA 198,196 MC, FUTUROS FAZEM 1,6 MC. </headline>
<byline></byline>
<dateline></dateline>
<text>
<p> LISBOA, 31 Out (Reuter) - O Mercado Monetário Interbancário (MMI) movimentou hoje 198,196 milhões de contos (MC) com 107 negócios nas operações com data-valor do próprio dia, a um e a dois dias, informou o Banco de Portugal. </p>
<p> O overnight (o/n) movimentou 84,805 MC com operações com data-valor do dia a uma taxa média ponderada (TMP) de 6,9379 pct contra 7,0124 pct na sessão anterior. </p>
<p> No mercado de futuros sobre a Lisbor a três meses fizeram-se 16 contratos no montante de 1,6 MC, contra 9,5 MC na sessão anterior. </p>
<p> - Lisboa Editorial, 351-1-315.00.35. </p>
<p> (c) Reuters Limited 1996. </p></text>
<copyright>(c) Reuters Limited 1996</copyright>
<metadata>
<codes class="bip:countries:1.0">
<code code="BWFBIZoHGV">
<editdetail action="confirmed" attribution="Reuters BIP Coding Group" date="1996-10-31"></editdetail></code>
<code code="dwLXEFmHsO">
<editdetail action="confirmed" attribution="Reuters BIP Coding Group" date="1996-10-31"></editdetail></code>
<code code="zJUXzdMHhL">
<editdetail action="confirmed" attribution="Reuters BIP Coding Group" date="1996-10-31"></editdetail></code></codes>
<codes class="bip:topics:1.0">
<code code="PROKzAwAPN">
<editdetail action="confirmed" attribution="Reuters BIP Coding Group" date="1996-10-31"></editdetail></code>
<code code="YOhNTKksvd">
<editdetail action="confirmed" attribution="Reuters BIP Coding Group" date="1996-10-31"></editdetail></code>
<code code="ONfFHANDxb">
<editdetail action="confirmed" attribution="Reuters BIP Coding Group" date="1996-10-31"></editdetail></code></codes>
<dc element="dc.publisher" value="Reuters Holdings Plc"></dc>
<dc element="dc.datepublished" value="1996-10-31"></dc>
<dc element="dc.source" value="Reuters - Notícias em Português"></dc>
<dc element="dc.creator.location" value=""></dc>
<dc element="dc.creator.location.country.name" value=""></dc></metadata></newsitem>