<?xml version="1.0" encoding="UTF-8"?>

<newsitem date="1996-09-04" id="root" itemid="48647" xml:lang="pt">
<title></title>
<headline> BANCO PORTUGAL DIZ TRM 6,8 PCT SEM PROCURA. </headline>
<byline></byline>
<dateline></dateline>
<text>
<p> LISBOA, 4 Set (Reuter) - O Banco de Portugal (BP) disse que não houve procura para a absorção de fundos contra a venda de Títulos de Regularização Monetária (TRM) a oito dias à taxa fixa de 6,8 pct propostos esta manhã. </p>
<p> Lisboa Editorial, 351.1.3113126. </p>
<p> (c) Reuters Limited 1996. </p></text>
<copyright>(c) Reuters Limited 1996</copyright>
<metadata>
<codes class="bip:countries:1.0">
<code code="SLrnWqcSMY">
<editdetail action="confirmed" attribution="Reuters BIP Coding Group" date="1996-09-04"></editdetail></code>
<code code="zQJmJSSXyx">
<editdetail action="confirmed" attribution="Reuters BIP Coding Group" date="1996-09-04"></editdetail></code>
<code code="NeyHvMhQnA">
<editdetail action="confirmed" attribution="Reuters BIP Coding Group" date="1996-09-04"></editdetail></code></codes>
<codes class="bip:topics:1.0">
<code code="bKADKmXxnn">
<editdetail action="confirmed" attribution="Reuters BIP Coding Group" date="1996-09-04"></editdetail></code>
<code code="AIwCkjYrax">
<editdetail action="confirmed" attribution="Reuters BIP Coding Group" date="1996-09-04"></editdetail></code></codes>
<dc element="dc.publisher" value="Reuters Holdings Plc"></dc>
<dc element="dc.datepublished" value="1996-09-04"></dc>
<dc element="dc.source" value="Reuters - Notícias em Português"></dc>
<dc element="dc.creator.location" value=""></dc>
<dc element="dc.creator.location.country.name" value=""></dc></metadata></newsitem>