<?xml version="1.0" encoding="UTF-8"?>

<newsitem date="1996-08-28" id="root" itemid="48474" xml:lang="pt">
<title></title>
<headline> ESCUDO ABRE ESTÁVEL VS MARCO DEPENDE PESETA, DÓLAR. </headline>
<byline></byline>
<dateline></dateline>
<text>
<p> 0920 TMG - O escudo abriu estável contra o marco, continuando a depender do sentido que o dólar tomar e consequentemente a peseta. Dealers dizem que se nota algum interesse comprador de marcos contra escudos, adiantando que o escudo se deverá manter estabilizado entre 102,50 e 102,60 por marco. </p>
<p> *Escudo 102,57/60 por marco contra 102,53/56 no fecho ontem </p>
<p> *Peseta 84,54/56 por marco contra 84,50/53 no fecho de ontem </p>
<p> *Dólar 1,4791/96 marcos vs 1,4788/93 fecho Europa de ontem </p>
<p> *BP diz cedência 20 MC, 7 dias, sem procura, absorve a 6,8%. </p></text>
<copyright>(c) Reuters Limited 1996</copyright>
<metadata>
<codes class="bip:countries:1.0">
<code code="pVTMxhSTpH">
<editdetail action="confirmed" attribution="Reuters BIP Coding Group" date="1996-08-28"></editdetail></code>
<code code="xSQdEniByU">
<editdetail action="confirmed" attribution="Reuters BIP Coding Group" date="1996-08-28"></editdetail></code>
<code code="uUqzLfSyvC">
<editdetail action="confirmed" attribution="Reuters BIP Coding Group" date="1996-08-28"></editdetail></code></codes>
<codes class="bip:topics:1.0">
<code code="iptTATZxYa">
<editdetail action="confirmed" attribution="Reuters BIP Coding Group" date="1996-08-28"></editdetail></code>
<code code="NPBHQWurVS">
<editdetail action="confirmed" attribution="Reuters BIP Coding Group" date="1996-08-28"></editdetail></code>
<code code="LpFJLoPzTT">
<editdetail action="confirmed" attribution="Reuters BIP Coding Group" date="1996-08-28"></editdetail></code></codes>
<dc element="dc.publisher" value="Reuters Holdings Plc"></dc>
<dc element="dc.datepublished" value="1996-08-28"></dc>
<dc element="dc.source" value="Reuters - Notícias em Português"></dc>
<dc element="dc.creator.location" value=""></dc>
<dc element="dc.creator.location.country.name" value=""></dc></metadata></newsitem>