<?xml version="1.0" encoding="UTF-8"?>

<newsitem date="1996-08-23" id="root" itemid="48365" xml:lang="pt">
<title></title>
<headline> INFORFI LANÇA NOVA EDIÇÃO &apos;GUIA DO FISCO 96&apos;. </headline>
<byline></byline>
<dateline></dateline>
<text>
<p> LISBOA, 23 Ago (Reuter) - A Inforfi-Informação Financeira lançou uma edição actualizada do &apos;Guia do Fisco 96&apos;, anunciou a empresa. </p>
<p> &quot;Esta publicação técnica contém uma abordagem sintética e global dos principais impostos do sistema fiscal português - IRS, IRC, IVA/RITI, Contribuição Autárquica, Sisa, Imposto Sucessório, Avaliações fiscais, Imposto de Selo, Benefícios Fiscais, Processo tributário e Infracções fiscais&quot;, refere uma nota da Inforfi. </p>
<p> - Lisboa Editorial, 351.1.3113121. </p>
<p> (c) Reuters Limited 1996. </p></text>
<copyright>(c) Reuters Limited 1996</copyright>
<metadata>
<codes class="bip:countries:1.0">
<code code="xbQlZNMxyC">
<editdetail action="confirmed" attribution="Reuters BIP Coding Group" date="1996-08-23"></editdetail></code>
<code code="lyInKVRtZi">
<editdetail action="confirmed" attribution="Reuters BIP Coding Group" date="1996-08-23"></editdetail></code>
<code code="TiWNZHHyJj">
<editdetail action="confirmed" attribution="Reuters BIP Coding Group" date="1996-08-23"></editdetail></code></codes>
<codes class="bip:topics:1.0">
<code code="gQpmpeFzSM">
<editdetail action="confirmed" attribution="Reuters BIP Coding Group" date="1996-08-23"></editdetail></code>
<code code="cmlozdKqSF">
<editdetail action="confirmed" attribution="Reuters BIP Coding Group" date="1996-08-23"></editdetail></code>
<code code="SxGQezIhao">
<editdetail action="confirmed" attribution="Reuters BIP Coding Group" date="1996-08-23"></editdetail></code></codes>
<dc element="dc.publisher" value="Reuters Holdings Plc"></dc>
<dc element="dc.datepublished" value="1996-08-23"></dc>
<dc element="dc.source" value="Reuters - Notícias em Português"></dc>
<dc element="dc.creator.location" value=""></dc>
<dc element="dc.creator.location.country.name" value=""></dc></metadata></newsitem>