<?xml version="1.0" encoding="UTF-8"?>

<newsitem date="1996-09-09" id="root" itemid="48770" xml:lang="pt">
<title></title>
<headline> ESCUDO FECHA FORTE VS MARCO, DIFÍCIL MAIS GANHOS. </headline>
<byline></byline>
<dateline></dateline>
<text>
<p> LISBOA, 9 Set (Reuter) - O escudo fechou forte contra o marco, a acompanhar os movimentos das moedas do sul da Europa a que está mais ligado, mas dificilmente conseguirá quebrar um suporte forte nos 102,30. </p>
<p> Às 1616 TMG, o escudo cotava 102,33/36 por marco contra 102,408 na cotação indicativa do Banco de Portugal (BP) e 102,36/41 na abertura. </p>
<p> &quot;O dólar ganhou algum terreno ao marco e com isso arrastou a peseta, o Paris, a lira e também o escudo&quot;, disse um dealer. </p>
<p> &quot;Quebrar o suporte a 102,30 (escudos por marco) vai ser difícil, nem com o dólar em alta&quot;, disse outro operador. </p>
<p>     &quot;O marco-escudo não tem espaço para cair muito mais, para já </p>
<p> a queda parece estar limitado aos 102,30&quot;, disse um outro </p>
<p> operador que também não quis ser identificado. </p>
<p>     ----José Barata, Lisboa Editorial, 351.1.3113121. </p>
<p> (c) Reuters Limited 1996. </p></text>
<copyright>(c) Reuters Limited 1996</copyright>
<metadata>
<codes class="bip:countries:1.0">
<code code="TWzMCRvRIc">
<editdetail action="confirmed" attribution="Reuters BIP Coding Group" date="1996-09-09"></editdetail></code>
<code code="hLdlaGzrNH">
<editdetail action="confirmed" attribution="Reuters BIP Coding Group" date="1996-09-09"></editdetail></code>
<code code="UoAhvuQHNA">
<editdetail action="confirmed" attribution="Reuters BIP Coding Group" date="1996-09-09"></editdetail></code></codes>
<codes class="bip:topics:1.0">
<code code="pgCPuqDAGy">
<editdetail action="confirmed" attribution="Reuters BIP Coding Group" date="1996-09-09"></editdetail></code>
<code code="osuUQBizjD">
<editdetail action="confirmed" attribution="Reuters BIP Coding Group" date="1996-09-09"></editdetail></code>
<code code="WUjoxAViBy">
<editdetail action="confirmed" attribution="Reuters BIP Coding Group" date="1996-09-09"></editdetail></code></codes>
<dc element="dc.publisher" value="Reuters Holdings Plc"></dc>
<dc element="dc.datepublished" value="1996-09-09"></dc>
<dc element="dc.source" value="Reuters - Notícias em Português"></dc>
<dc element="dc.creator.location" value=""></dc>
<dc element="dc.creator.location.country.name" value=""></dc></metadata></newsitem>