<?xml version="1.0" encoding="UTF-8"?>

<newsitem date="1996-10-02" id="root" itemid="49411" xml:lang="pt">
<title></title>
<headline> ESCUDO ABRE FORTE, CONTINUA FORTE PROCURA EXTERIOR. </headline>
<byline></byline>
<dateline></dateline>
<text>
<p> O escudo abriu forte e com tendência para continuar a ganhar terreno ao marco, que continua muito oferecido no exterior. Dealers dizem que vai ser difícil o escudo quebrar os 101,50 por marco mas, se acontecer, o próximo nível a testar serão os 101,40. </p>
<p> *Escudo 101,49/52 por marco contra 101,54/59 fecho ontem </p>
<p> *Peseta 84,13/14 por marco contra 84,15/17 fecho ontem </p>
<p> *Dólar 1,5250/55 marcos, ao nível fecho Europa ontem </p>
<p> *Tesouro coloca 20 MC BT 91 dias, TMP 6,9450% (6,9973%) </p>
<p> *BP cede até 230 MC, 2 dias, em leilão e absorve a 6,8 pct </p></text>
<copyright>(c) Reuters Limited 1996</copyright>
<metadata>
<codes class="bip:countries:1.0">
<code code="fjGAeGdaLL">
<editdetail action="confirmed" attribution="Reuters BIP Coding Group" date="1996-10-02"></editdetail></code>
<code code="YERfoxvcuv">
<editdetail action="confirmed" attribution="Reuters BIP Coding Group" date="1996-10-02"></editdetail></code>
<code code="zrbuUWtLQG">
<editdetail action="confirmed" attribution="Reuters BIP Coding Group" date="1996-10-02"></editdetail></code></codes>
<codes class="bip:topics:1.0">
<code code="cXCfvBZmre">
<editdetail action="confirmed" attribution="Reuters BIP Coding Group" date="1996-10-02"></editdetail></code>
<code code="PbppggezQm">
<editdetail action="confirmed" attribution="Reuters BIP Coding Group" date="1996-10-02"></editdetail></code>
<code code="tsJWtaPplH">
<editdetail action="confirmed" attribution="Reuters BIP Coding Group" date="1996-10-02"></editdetail></code></codes>
<dc element="dc.publisher" value="Reuters Holdings Plc"></dc>
<dc element="dc.datepublished" value="1996-10-02"></dc>
<dc element="dc.source" value="Reuters - Notícias em Português"></dc>
<dc element="dc.creator.location" value=""></dc>
<dc element="dc.creator.location.country.name" value=""></dc></metadata></newsitem>