<?xml version="1.0" encoding="UTF-8"?>

<newsitem date="1996-09-11" id="root" itemid="48826" xml:lang="pt">
<title></title>
<headline> MONETÁRIO ABRE LÍQUIDO, SEM PERSPECTIVA CORTE TAXAS. </headline>
<byline></byline>
<dateline></dateline>
<text>
<p> LISBOA, 11 Set (Reuter) - O mercado monetário do escudo abriu com liquidez no curto prazo e sem necessidade de recorrer ao BP, e com os prazos a deslizarem na perspectiva de um corte de taxas mais cedo ou mais tarde. </p>
<p> &quot;O mercado está a começar a descontar um corte de taxas directoras, mais cedo ou mais tarde, mas penso que hoje o BP não vai mexer na sua cedência&quot;, disse um dealer. </p>
<p> Dealers dizem que o facto de o mercado estar particularmente líquido está, em parte relacionado, com a aquisição pelo Banco Português de Investimento (BPI) de 65 pct do Banco de Fomento e Exterior (BFE). </p>
<p> O BP propôs ceder até 20 milhões de contos (MC), a um dia, mas não houve procura. </p>
<p> O banco central vai anunciar, às 1415 horas locais, as condições de cedência para o próximo período que se inicia amanhã. </p>
<p> Os três meses encontra-se entre 7,13 e 7,15 pct contra 7,16/7,19 pct no fecho de ontem, os seis meses entre entre 7,12 e 7,18 pct versus 7,17/7,18 pct e o ano entre 7,12 e 7,16 pct contra 7,13/7,18 pct. </p>
<p> Foram feitos 10 contratos sobre o contrato de Dezembro a subir 0,10 pontos para 92,98. </p>
<p> (c) Reuters Limited 1996. </p></text>
<copyright>(c) Reuters Limited 1996</copyright>
<metadata>
<codes class="bip:countries:1.0">
<code code="zctAtUFpRT">
<editdetail action="confirmed" attribution="Reuters BIP Coding Group" date="1996-09-11"></editdetail></code>
<code code="uLwujfvIZg">
<editdetail action="confirmed" attribution="Reuters BIP Coding Group" date="1996-09-11"></editdetail></code>
<code code="trrpXAooPj">
<editdetail action="confirmed" attribution="Reuters BIP Coding Group" date="1996-09-11"></editdetail></code></codes>
<codes class="bip:topics:1.0">
<code code="PQQWfNUPfh">
<editdetail action="confirmed" attribution="Reuters BIP Coding Group" date="1996-09-11"></editdetail></code>
<code code="reePyDgnhQ">
<editdetail action="confirmed" attribution="Reuters BIP Coding Group" date="1996-09-11"></editdetail></code></codes>
<dc element="dc.publisher" value="Reuters Holdings Plc"></dc>
<dc element="dc.datepublished" value="1996-09-11"></dc>
<dc element="dc.source" value="Reuters - Notícias em Português"></dc>
<dc element="dc.creator.location" value=""></dc>
<dc element="dc.creator.location.country.name" value=""></dc></metadata></newsitem>