<?xml version="1.0" encoding="UTF-8"?>

<newsitem date="1996-09-26" id="root" itemid="49262" xml:lang="pt">
<title></title>
<headline> MMI ABRE COM TAXAS A ALIVIAR AJUDADAS POR ESPANHA. </headline>
<byline></byline>
<dateline></dateline>
<text>
<p> LISBOA, 26 Set (Reuter) - O monetário abriu a aliviar em sintonia com o deslize de Espanha, afirmando os dealers que, apesar da consolidação desta descida, o mercado não prevê que esteja iminente um corte de taxas do Banco de Portugal (BP). </p>
<p> &quot;Espanha, depois de conhecido o acordo entre os Catalães e o Governo, aliviou as suas taxas e isso está a reflectir-se nas nossas que devem consolidar esse alívio&quot;, disse um operador. </p>
<p> &quot;Há um pequeno ajuste em baixo das taxas e os FRA já caíram entre cinco e 10 bp. Mas, ninguém acredita que o corte de taxas do BP esteja iminente e o &apos;túnel&apos; de taxas do BP permite que as taxas do mercado ainda caiam&quot;, disse outro. </p>
<p> &quot;Há ainda condições para as taxas, no mercado, caírem mais e, para isso, não é necessário um corte de taxas do BP. Basta que haja uma consolidação da descida, por exemplo, do curto-prazo mais para os níveis da absorção&quot;, afirmou um dealer. </p>
<p> &quot;Hoje o que vai passar é que as taxas se vão aproximar, ao longo de toda a curva, para junto dos bids&quot;, concluiu. </p>
<p> Os três meses fecharam estão entre 7,04 e 7,08 pct contra de 7,04 a 7,10 pct no fecho, e os seis e 12 meses entre 6,98 e 7,04 pct, os níveis de ontem, mas com tendência ainda para um muito pequeno alívio. </p>
<p> - Sérgio Gonçalves, Lisboa Editorial, 351-1-311.31.26. </p>
<p> (c) Reuters Limited 1996. </p></text>
<copyright>(c) Reuters Limited 1996</copyright>
<metadata>
<codes class="bip:countries:1.0">
<code code="wmQMPyiRVC">
<editdetail action="confirmed" attribution="Reuters BIP Coding Group" date="1996-09-26"></editdetail></code>
<code code="KdwDBWddus">
<editdetail action="confirmed" attribution="Reuters BIP Coding Group" date="1996-09-26"></editdetail></code>
<code code="MSeGjcRylO">
<editdetail action="confirmed" attribution="Reuters BIP Coding Group" date="1996-09-26"></editdetail></code></codes>
<codes class="bip:topics:1.0">
<code code="BrCVBssIyo">
<editdetail action="confirmed" attribution="Reuters BIP Coding Group" date="1996-09-26"></editdetail></code>
<code code="FKdeUrfvsc">
<editdetail action="confirmed" attribution="Reuters BIP Coding Group" date="1996-09-26"></editdetail></code></codes>
<dc element="dc.publisher" value="Reuters Holdings Plc"></dc>
<dc element="dc.datepublished" value="1996-09-26"></dc>
<dc element="dc.source" value="Reuters - Notícias em Português"></dc>
<dc element="dc.creator.location" value=""></dc>
<dc element="dc.creator.location.country.name" value=""></dc></metadata></newsitem>