<?xml version="1.0" encoding="UTF-8"?>

<newsitem date="1996-10-28" id="root" itemid="50097" xml:lang="pt">
<title></title>
<headline> AUGUSTO MATEUS DIZ PORTUGAL PODE VENDER PARTE OURO. </headline>
<byline></byline>
<dateline></dateline>
<text>
<p> LISBOA, 28 Out (Reuter) - Portugal pode vender parte das suas reservas de ouro, disse o ministro da Economia, Augusto Mateus, em declarações no fim-de-semana à TSF. </p>
<p> &quot;Portugal, que tem uma estrutura das suas reservas que são uma grande proporção de ouro, obviamente que há vários anos tinha e tem na actualidade a possibilidade de uma estratégia de eventual venda de uma parte das suas reservas de ouro&quot;, disse Augusto Mateus. </p>
<p> No final de 1995, segundo o relatório do Banco de Portugal, as reservas de ouro, de cerca de 500 quilos de ouro fino, estava avaliadas em cerca de 775 milhões de contos. </p>
<p> No final de Setembro deste ano, segundo a Síntese de Conjuntura do Banco de Portugal, as reservas oficiais líquidas, que incluem o ouro, estavam avaliadas em 3.338 milhões de contos, com o ouro avaliado a preços de mercado. </p>
<p> - Lisboa Editorial, 351-1-3113126. </p>
<p> (c) Reuters Limited 1996. </p></text>
<copyright>(c) Reuters Limited 1996</copyright>
<metadata>
<codes class="bip:countries:1.0">
<code code="crzpRfVRMl">
<editdetail action="confirmed" attribution="Reuters BIP Coding Group" date="1996-10-28"></editdetail></code>
<code code="RSOrdRUxHE">
<editdetail action="confirmed" attribution="Reuters BIP Coding Group" date="1996-10-28"></editdetail></code>
<code code="BFbUcuvWvF">
<editdetail action="confirmed" attribution="Reuters BIP Coding Group" date="1996-10-28"></editdetail></code></codes>
<codes class="bip:topics:1.0">
<code code="rdjBnyaBFg">
<editdetail action="confirmed" attribution="Reuters BIP Coding Group" date="1996-10-28"></editdetail></code>
<code code="riHnknQiJg">
<editdetail action="confirmed" attribution="Reuters BIP Coding Group" date="1996-10-28"></editdetail></code>
<code code="lftgCLuqOD">
<editdetail action="confirmed" attribution="Reuters BIP Coding Group" date="1996-10-28"></editdetail></code>
<code code="EGpTBvGnTF">
<editdetail action="confirmed" attribution="Reuters BIP Coding Group" date="1996-10-28"></editdetail></code></codes>
<dc element="dc.publisher" value="Reuters Holdings Plc"></dc>
<dc element="dc.datepublished" value="1996-10-28"></dc>
<dc element="dc.source" value="Reuters - Notícias em Português"></dc>
<dc element="dc.creator.location" value=""></dc>
<dc element="dc.creator.location.country.name" value=""></dc></metadata></newsitem>