<?xml version="1.0" encoding="UTF-8"?>

<newsitem date="1996-10-04" id="root" itemid="49498" xml:lang="pt">
<title></title>
<headline> ACÇÕES CRESCEM MAIS 4 A 5 PCT ATÉ FINAL 96. </headline>
<byline></byline>
<dateline></dateline>
<text>
<p> Por Paula Cordeiro LISBOA, 4 Out (Reuter) - O mercado accionista deverá crescer quatro a cinco pct no último trimestre do ano, com a aprovação do Orçamento de Estado (OE), a expectativa de taxas mais baixas e um maior crescimento da Europa em 1997, disseram analistas. </p>
<p> &quot;Em Novembro e Dezembro, o mercado tem espaço para subir quatro a cinco pct&quot;, disse José Freire, da corretora Eser. </p>
<p> &quot;Pensamos que há condições para que o índice (PSI20) feche o ano acima dos 5.000 pontos, o que implicaria uma subida adicional de pelo menos 5,2 pct até ao final do ano&quot;, disse João Vermelho, da Central de Investimentos (CI). </p>
<p> Desde o início do ano, o índice PSI20 subiu 23 pct. </p>
<p> &quot;Toda a gente vai apostar num maior crescimento da Europa e isso é bom para todas as nossas empresas que exportam e indirectamente para as empresas que estão dependentes de Portugal&quot;, disse, ainda, Freire da Eser. </p>
<p> &quot;De acordo com as nossas expectativas, com o índice a este nível (5.000) o price earning estimado para 1997 seria de 13,8, o price cash-flow de 4,9 e o dividend yield de 3,3 pct, valor ainda bastante razoáveis quando comparados com outros mercados europeus, e que deixam antever um bom comportamento do mercado em 1997&quot;, afirmou João Vermelho da CI. </p>
<p> &quot;Se os outros mercados estrangeiros continuarem a subir o que subiram em Setembro quer dizer que nós, que estavamos bem melhor que eles,passamos a estar praticamente em linha com eles, e a subida será consumada a partir de Novembro&quot;, disse Freire. </p>
<p> Explica, ainda, que, a partir de Novembro, os investidores começam a olhar para 1997, o Orçamento de Estado está aprovado, as taxas de juros deverão baixar e a inflação deverá começar a descer, tudo factores positivos para a evolução das accões. </p>
<p> &quot;A descida das taxas de juro é muito favorável para o mercado de acções. Assim, os investidores começam a olhar para instrumentos alternativos&quot;, disse Carlos Peixoto, da Ascor. </p>
<p> Carlos Peixoto também acredita no regresso dos pequenos investidores, que têm estado bastante afastados. </p>
<p> &quot;O mercado apresenta uma melhor performance e isso atrai os pequenos investidores à Bolsa&quot;, adiantou. </p>
<p> Os analistas contactados lembraram, ainda, o facto de todos os países quererem atingir uma redução do défice, como está previsto no Tratado de Maastricht. </p>
<p> &quot;Provavelmente, o Banco de Portugal (BP) é capaz de cortar as taxas depois do OE aprovado&quot;, adiantou Freire. </p>
<p> A taxa de cedência do BP está em 7,10 pct, depois do corte de 15 basis points de ontem, e a de absorção nos 6,8 pct. </p>
<p> &quot;O actual clima de desinflação e a crescente credibilidade das autoridades no que diz respeito à capacidade e ou vontade política para reduzir o défice orçamental para 1997 para um valor inferior a três pct deverão permitir que continue a diminuir o spread das taxas de juro com os restantes países europeus&quot;, disse João Vermelho. </p>
<p> &quot;Por outro lado, a perspectiva de uma aceleração do crescimento da economia nacional, deverá igulamente ser benéfica para o mercado accionista&quot;, acrescentou. </p>
<p> José Freire disse que, no final de Outubro, serão divulgados os resultados do terceiro trimestre dos bancos e como se esperam números bastante bons, nem que seja à custa da área de trading, as cotações deste sector deverão subir. </p>
<p> Em relação à Portugal Telecom (PT) acredita que o seu preço não vai registar fortes oscilações, devido à Deutsche Telecom (DT), pois as atenções dos investidores neste sector estão concentradas na empresa alemã. </p>
<p> &quot;A PT não deverá mexer ou vai mexer muito pouco, enquanto existir a DT. Todas as atenções estão focadas na DT e por isso não há muito espaço para a PT oscilar&quot;, disse. </p>
<p> &quot;Também a Cimpor até dia 15 ou 16 de Outubro não deve mexer muito em termos de preços, pode é fazer mais volume&quot;, acrescentou José Freire, da Eser. </p>
<p> Para Carlos Peixoto, depois de consumada a segunda fase de privatização da Cimpor, cuja sessão em Bolsa decorre a 15 de Outubro, o preço deverá registar tendência de subida. </p>
<p> - Lisboa Editorial, 351.1.3113121. </p>
<p> (c) Reuters Limited 1996. </p></text>
<copyright>(c) Reuters Limited 1996</copyright>
<metadata>
<codes class="bip:countries:1.0">
<code code="yjdAIjMzxI">
<editdetail action="confirmed" attribution="Reuters BIP Coding Group" date="1996-10-04"></editdetail></code>
<code code="jSmDLNJywH">
<editdetail action="confirmed" attribution="Reuters BIP Coding Group" date="1996-10-04"></editdetail></code>
<code code="lCsrnFLJSA">
<editdetail action="confirmed" attribution="Reuters BIP Coding Group" date="1996-10-04"></editdetail></code></codes>
<codes class="bip:topics:1.0">
<code code="cDHnGLVhOj">
<editdetail action="confirmed" attribution="Reuters BIP Coding Group" date="1996-10-04"></editdetail></code>
<code code="MGIQoScJzm">
<editdetail action="confirmed" attribution="Reuters BIP Coding Group" date="1996-10-04"></editdetail></code></codes>
<dc element="dc.publisher" value="Reuters Holdings Plc"></dc>
<dc element="dc.datepublished" value="1996-10-04"></dc>
<dc element="dc.source" value="Reuters - Notícias em Português"></dc>
<dc element="dc.creator.location" value=""></dc>
<dc element="dc.creator.location.country.name" value=""></dc></metadata></newsitem>