<?xml version="1.0" encoding="UTF-8"?>

<newsitem date="1996-08-28" id="root" itemid="48498" xml:lang="pt">
<title></title>
<headline> ESCUDO FECHA CALMO VS MARCO, ESPERA DEFINIÇÃO DÓLAR. </headline>
<byline></byline>
<dateline></dateline>
<text>
<p> LISBOA, 28 Ago (Reuter) - O escudo fechou calmo e estável contra o marco, a aguardar que o dólar defina um rumo que por enquanto se mantém muito pouco claro. </p>
<p> Às 1606 TMG, o escudo cotava 102,56/59 por marco contra 102,615 na cotação indicativa do Banco de Portugal (BP) e 102,55/58 na abertura. </p>
<p> &quot;A falta de firmeza do dólar e alguma pressão no Paris podem deixar antever perdas para moedas como o escudo e a peseta contra o marco&quot;, disse um dealer que não quis ser identificado. </p>
<p> &quot;Para já continua a sentir-se alguma pressão no franco (francês) e isso pode contagiar-se ao escudo&quot;, disse outro. </p>
<p>     Dealers disseram que o mercado registou poucos interesses, </p>
<p> com o escudo a oscilar num range estreito. </p>
<p>     Acrescentam que o escudo se deverá manter entre 102,50 e </p>
<p> 102,70 por marco. </p>
<p>     ----José Barata, Lisboa Editorial, 351.1.3113121. </p>
<p> (c) Reuters Limited 1996. </p></text>
<copyright>(c) Reuters Limited 1996</copyright>
<metadata>
<codes class="bip:countries:1.0">
<code code="TMwjDVSCRS">
<editdetail action="confirmed" attribution="Reuters BIP Coding Group" date="1996-08-28"></editdetail></code>
<code code="YEunxQHJlA">
<editdetail action="confirmed" attribution="Reuters BIP Coding Group" date="1996-08-28"></editdetail></code>
<code code="wRuPzgbaHU">
<editdetail action="confirmed" attribution="Reuters BIP Coding Group" date="1996-08-28"></editdetail></code></codes>
<codes class="bip:topics:1.0">
<code code="badNnvrzzg">
<editdetail action="confirmed" attribution="Reuters BIP Coding Group" date="1996-08-28"></editdetail></code>
<code code="ELAmBcnsej">
<editdetail action="confirmed" attribution="Reuters BIP Coding Group" date="1996-08-28"></editdetail></code>
<code code="jkymBhgUIU">
<editdetail action="confirmed" attribution="Reuters BIP Coding Group" date="1996-08-28"></editdetail></code></codes>
<dc element="dc.publisher" value="Reuters Holdings Plc"></dc>
<dc element="dc.datepublished" value="1996-08-28"></dc>
<dc element="dc.source" value="Reuters - Notícias em Português"></dc>
<dc element="dc.creator.location" value=""></dc>
<dc element="dc.creator.location.country.name" value=""></dc></metadata></newsitem>