<?xml version="1.0" encoding="UTF-8"?>

<newsitem date="1996-10-24" id="root" itemid="50021" xml:lang="pt">
<title></title>
<headline> ESCUDO ALIVIA MANHÃ MÍNIMOS VS MARCO. </headline>
<byline></byline>
<dateline></dateline>
<text>
<p> O escudo aliviou, ao longo da manhã, dos mínimos da abertura contra o marco, apesar da debilidade que o dólar continua a revelar. Dealers dizem que o escudo mostrou renitência em quebrar os 101,00 por marco, devendo manter-se estabilizado entre 100,90 e 101,00 por marco até final da sessão. </p>
<p> *Escudo 100,91/94 por marco contra 101,01/04 na abertura </p>
<p> *Escudo oscilou entre 100,92 e 101,00 por marco </p>
<p> *Peseta 84,26/29 por marco, ao nível da abertura </p>
<p> *Dólar 1,5203/06 marcos vs 1,5202/05 na abertura Europa </p>
<p> *BP cede 70 MC, 4 dias, TMP estável sete pct. </p>
<p>     ----José Barata, Lisboa Editorial, 351.1.3113121. </p>
<p> (c) Reuters Limited 1996. </p></text>
<copyright>(c) Reuters Limited 1996</copyright>
<metadata>
<codes class="bip:countries:1.0">
<code code="HjQwYcENdJ">
<editdetail action="confirmed" attribution="Reuters BIP Coding Group" date="1996-10-24"></editdetail></code>
<code code="JUViJvlaie">
<editdetail action="confirmed" attribution="Reuters BIP Coding Group" date="1996-10-24"></editdetail></code>
<code code="IMoLfpQHXI">
<editdetail action="confirmed" attribution="Reuters BIP Coding Group" date="1996-10-24"></editdetail></code></codes>
<codes class="bip:topics:1.0">
<code code="syPPmhKlAX">
<editdetail action="confirmed" attribution="Reuters BIP Coding Group" date="1996-10-24"></editdetail></code>
<code code="GyqAtUkqoa">
<editdetail action="confirmed" attribution="Reuters BIP Coding Group" date="1996-10-24"></editdetail></code>
<code code="QsWDPyFACd">
<editdetail action="confirmed" attribution="Reuters BIP Coding Group" date="1996-10-24"></editdetail></code></codes>
<dc element="dc.publisher" value="Reuters Holdings Plc"></dc>
<dc element="dc.datepublished" value="1996-10-24"></dc>
<dc element="dc.source" value="Reuters - Notícias em Português"></dc>
<dc element="dc.creator.location" value=""></dc>
<dc element="dc.creator.location.country.name" value=""></dc></metadata></newsitem>