<?xml version="1.0" encoding="UTF-8"?>

<newsitem date="1996-08-21" id="root" itemid="48299" xml:lang="pt">
<title></title>
<headline> MONETÁRIO FECHA CALMO, PRAZOS EM DESCIDA LIGEIRA. </headline>
<byline></byline>
<dateline></dateline>
<text>
<p> LISBOA, 21 Ago (Reuter) - O mercado monetário do escudo fechou calmo, líquido no curto prazo e, também por esta razão, com as maturidades mais longas em descida ligeira. </p>
<p> &quot;As taxas nos prazos desceram ligeiramente e a tendência é para, quando se fazem operações, se realizarem mais próximos dos níveis do &apos;bid&apos;&quot;, disse um operador. </p>
<p> &quot;Acho que os prazos aliviaram por causa da liquidez que existe no mercado, ainda na sequência dos vencimentos de dívida pública do início do mês&quot;, disse poutro dealer. </p>
<p> &quot;De resto, os futuros em Espanha sobem e descem e o nosso mercado não reage e os FRA também não&quot;, acrescentou. </p>
<p> Dealers referiram alguma expectativa sobre o leilão de amanhã de bilhetes do Tesouro, depois de ontem e hoje o Tesouro ter mostrado que não quer uma subida de taxas na dívida pública, nas OT ao não colocar nada e, nos BT, ao colocar apenas parte e tendo cortado a taxa. </p>
<p> No fecho, os três meses estavam em 7,30/7,33 pct, e os seis e 12 meses em 7,24/7,28 pct. </p>
<p> - Fernanda Pargana, Lisboa Editorial, 351-1-311.31.26 </p>
<p> (c) Reuters Limited 1996. </p></text>
<copyright>(c) Reuters Limited 1996</copyright>
<metadata>
<codes class="bip:countries:1.0">
<code code="lqvDziGJob">
<editdetail action="confirmed" attribution="Reuters BIP Coding Group" date="1996-08-21"></editdetail></code>
<code code="vQuoxTBRGi">
<editdetail action="confirmed" attribution="Reuters BIP Coding Group" date="1996-08-21"></editdetail></code>
<code code="sYVxITMEMl">
<editdetail action="confirmed" attribution="Reuters BIP Coding Group" date="1996-08-21"></editdetail></code></codes>
<codes class="bip:topics:1.0">
<code code="IeGAzywcVI">
<editdetail action="confirmed" attribution="Reuters BIP Coding Group" date="1996-08-21"></editdetail></code>
<code code="MJBbGBNxia">
<editdetail action="confirmed" attribution="Reuters BIP Coding Group" date="1996-08-21"></editdetail></code>
<code code="GHTfdMRxuX">
<editdetail action="confirmed" attribution="Reuters BIP Coding Group" date="1996-08-21"></editdetail></code></codes>
<dc element="dc.publisher" value="Reuters Holdings Plc"></dc>
<dc element="dc.datepublished" value="1996-08-21"></dc>
<dc element="dc.source" value="Reuters - Notícias em Português"></dc>
<dc element="dc.creator.location" value=""></dc>
<dc element="dc.creator.location.country.name" value=""></dc></metadata></newsitem>