<?xml version="1.0" encoding="UTF-8"?>

<newsitem date="1996-09-30" id="root" itemid="49354" xml:lang="pt">
<title></title>
<headline> COTAÇÕES INDICATIVAS DO BANCO PORTUGAL. </headline>
<byline></byline>
<dateline></dateline>
<text>
<p>     LISBOA, 30 Set (Reuter) - Cotações oficiais indicativas do </p>
<p> Banco de Portugal (BP). Entre parêntesis sessão anterior. </p>
<p> USD 155,321..........(155,080)   NLG 90,690..........(90,683) </p>
<p> DEM 101,723..........(101,752)   BEF 4,9411..........(4,9425) </p>
<p> FRF 30,056............(30,100)   CHF 123,615........(123,605) </p>
<p> GBP 242,711..........(241,991)   JPY 1,3942..........(1,3998) </p>
<p> ESP 1,2091............(1,2098)   SEK 23,436..........(23,354) </p>
<p> XEU 194,057..........(194,010)   NOK 23,873..........(23,867) </p>
<p> ITL 0,10179..........(0,10190)   DKK 26,485..........(26,489) </p>
<p> IEP 248,520..........(248,019)   FIM 33,976..........(33,912) </p>
<p> ATS 14,459............(14,463)   Índice 96,09.........(96,08). </p>
<p> (c) Reuters Limited 1996. </p></text>
<copyright>(c) Reuters Limited 1996</copyright>
<metadata>
<codes class="bip:countries:1.0">
<code code="dfYuLDQJZz">
<editdetail action="confirmed" attribution="Reuters BIP Coding Group" date="1996-09-30"></editdetail></code>
<code code="dEvBNZHuLu">
<editdetail action="confirmed" attribution="Reuters BIP Coding Group" date="1996-09-30"></editdetail></code>
<code code="cnqhtDOhIv">
<editdetail action="confirmed" attribution="Reuters BIP Coding Group" date="1996-09-30"></editdetail></code></codes>
<codes class="bip:topics:1.0">
<code code="IyARcQdrZU">
<editdetail action="confirmed" attribution="Reuters BIP Coding Group" date="1996-09-30"></editdetail></code>
<code code="AbeZsrbnof">
<editdetail action="confirmed" attribution="Reuters BIP Coding Group" date="1996-09-30"></editdetail></code>
<code code="voqOZkxrFD">
<editdetail action="confirmed" attribution="Reuters BIP Coding Group" date="1996-09-30"></editdetail></code></codes>
<dc element="dc.publisher" value="Reuters Holdings Plc"></dc>
<dc element="dc.datepublished" value="1996-09-30"></dc>
<dc element="dc.source" value="Reuters - Notícias em Português"></dc>
<dc element="dc.creator.location" value=""></dc>
<dc element="dc.creator.location.country.name" value=""></dc></metadata></newsitem>