<?xml version="1.0" encoding="UTF-8"?>

<newsitem date="1996-10-14" id="root" itemid="49749" xml:lang="pt">
<title></title>
<headline> ESCUDO FECHA CALMO VS MARCO, EM SESSÃO APÁTICA. </headline>
<byline></byline>
<dateline></dateline>
<text>
<p> LISBOA, 14 Out (Reuter) - O escudo fechou calmo e estável contra o marco, após uma sessão em que a apatia foi a nota dominante, devendo continuar &apos;entalado&apos; entre os 101,10 e os 101,20 por marco. </p>
<p> Às 1600 TMG, o escudo cotava 101,10/13 por marco contra 101,135 na cotação indicativa do Banco de Portugal (BP) e 101,11/13 na abertura. </p>
<p> &quot;Nada se alterou em relação aos últimos dias, a não ser que hoje foi de uma apatia confrangedora. De resto, o dólar não define um rumo, as europeias não tomam direcção e o escudo continua num range estreito&quot;, disse um operador. </p>
<p> Dealers continuam a dizer que com o dólar e as moedas europeias estabilizadas o marco-escudo vai manter-se a oscilar entre 101,10 e 101,20. </p>
<p> &quot;O marco-escudo pode, momentaneamente, passar dos 101,10 ou dos 101,20, mas este range parece agradar ao mercado, uma vez que nos 20 aparecem vendedores (marcos) e nos 10 compradores&quot;, disse outro operador que não quis ser identificado. </p>
<p> &quot;Enquanto o dólar não definir um rumo, para cima ou para baixo contra o marco, as moedas do sul da Europa vão continuar estabilizadas nos níveis actuais&quot;, disse outro dealer. </p>
<p>     ----José Barata, Lisboa Editorial, 351.1.3113121. </p>
<p> (c) Reuters Limited 1996. </p></text>
<copyright>(c) Reuters Limited 1996</copyright>
<metadata>
<codes class="bip:countries:1.0">
<code code="WyNGHkRAUo">
<editdetail action="confirmed" attribution="Reuters BIP Coding Group" date="1996-10-14"></editdetail></code>
<code code="yqfrrhUwGD">
<editdetail action="confirmed" attribution="Reuters BIP Coding Group" date="1996-10-14"></editdetail></code>
<code code="avVPMgphID">
<editdetail action="confirmed" attribution="Reuters BIP Coding Group" date="1996-10-14"></editdetail></code></codes>
<codes class="bip:topics:1.0">
<code code="XjNQkYFKcc">
<editdetail action="confirmed" attribution="Reuters BIP Coding Group" date="1996-10-14"></editdetail></code>
<code code="nDsyfaamwm">
<editdetail action="confirmed" attribution="Reuters BIP Coding Group" date="1996-10-14"></editdetail></code>
<code code="zbvMAnwGNm">
<editdetail action="confirmed" attribution="Reuters BIP Coding Group" date="1996-10-14"></editdetail></code></codes>
<dc element="dc.publisher" value="Reuters Holdings Plc"></dc>
<dc element="dc.datepublished" value="1996-10-14"></dc>
<dc element="dc.source" value="Reuters - Notícias em Português"></dc>
<dc element="dc.creator.location" value=""></dc>
<dc element="dc.creator.location.country.name" value=""></dc></metadata></newsitem>