<?xml version="1.0" encoding="UTF-8"?>

<newsitem date="1996-10-15" id="root" itemid="49777" xml:lang="pt">
<title></title>
<headline> RECEITAS IRC 97 SOBEM 15,8 PCT PARA 590,8 MC - OE. </headline>
<byline></byline>
<dateline></dateline>
<text>
<p> LISBOA, 15 Out (Reuter) - As receitas previstas do imposto sobre o rendimenrto das pessoas colectivas (IRC) para 1997 deverá crescer 15,8 pct para 590,8 milhões de contos (MC), segundo a proposta de Orçamento de Estado (OE) para 1997 hoje entregue na Assembleia da República. </p>
<p> &quot;Face ao forte crescimento verificado em 1996 no IRC (31,1 pct), a receita prevista para 1997 é de 590,8 MC, o que representa um crescimento de 15,8 pct, justificável, não só pelos dados das declarações modelo 22 recebidas em 1996, como pela previsão do comportamento em 1997 das mais importantes empresas contribuintes deste imposto&quot;, adianta o documento. </p>
<p> O Governo prevê, ainda, a autorização para diminuir a taxa de IRC até dois pct. </p>
<p> &quot;Prevê-se que o Governo fique autorizado a diminuir a taxa de IRC até dois pct, medida esta que será exequível em função do êxito da adopção simultânea do sistema de colecta mínima e dos programa de regularização de dívidas&quot;, diz a proposta para o OE de 1997. </p>
<p> Para a receita do IRC contribuirão, ainda, as receitas obtidas a título de recuperação das dívidas e de ganhos de eficácia dos serviços de fiscalização, bem como a introdução do mínimo de colecta. </p>
<p> - Lisboa Editorial, 351-1-3150035. </p>
<p> (c) Reuters Limited 1996. </p></text>
<copyright>(c) Reuters Limited 1996</copyright>
<metadata>
<codes class="bip:countries:1.0">
<code code="IjAaJgAtrI">
<editdetail action="confirmed" attribution="Reuters BIP Coding Group" date="1996-10-15"></editdetail></code>
<code code="jRygbMTaqg">
<editdetail action="confirmed" attribution="Reuters BIP Coding Group" date="1996-10-15"></editdetail></code>
<code code="kScGviUwlM">
<editdetail action="confirmed" attribution="Reuters BIP Coding Group" date="1996-10-15"></editdetail></code></codes>
<codes class="bip:topics:1.0">
<code code="SsfaTjiXVP">
<editdetail action="confirmed" attribution="Reuters BIP Coding Group" date="1996-10-15"></editdetail></code>
<code code="vmAOgPOTrd">
<editdetail action="confirmed" attribution="Reuters BIP Coding Group" date="1996-10-15"></editdetail></code>
<code code="dMSrVKRKIR">
<editdetail action="confirmed" attribution="Reuters BIP Coding Group" date="1996-10-15"></editdetail></code></codes>
<dc element="dc.publisher" value="Reuters Holdings Plc"></dc>
<dc element="dc.datepublished" value="1996-10-15"></dc>
<dc element="dc.source" value="Reuters - Notícias em Português"></dc>
<dc element="dc.creator.location" value=""></dc>
<dc element="dc.creator.location.country.name" value=""></dc></metadata></newsitem>