<?xml version="1.0" encoding="UTF-8"?>

<newsitem date="1996-10-02" id="root" itemid="49423" xml:lang="pt">
<title></title>
<headline> ESCUDO FORTE E ESTÁVEL MEIA SESSÃO VS MARCO. </headline>
<byline></byline>
<dateline></dateline>
<text>
<p> O escudo manteve-se forte, mas estável contra o marco ao longo da manhã, com o mercado na expectativa se vai ter força para quebrar o suporte de 101,50. Dealers dizem que continua a haver oferta de marcos, mas nos 101,50 surgem alguns compradores, inviabilizando a quebra deste suporte. </p>
<p> *Escudo 101,51/54 por marco contra 101,58/63 na abertura </p>
<p> *Escudo oscilou entre 101,50 e 101,58 por marco </p>
<p> *Peseta 84,14/16 por marco contra 84,11/14 na abertura </p>
<p> *Dólar 1,5247/54 marcos vs 1,5250/55 abertura Europa </p>
<p> *BP cede 145 MC, 2 dias, TMP estável em 7,25 pct. </p>
<p>     ----José Barata, Lisboa Editorial, 351.1.3113121. </p>
<p> (c) Reuters Limited 1996. </p></text>
<copyright>(c) Reuters Limited 1996</copyright>
<metadata>
<codes class="bip:countries:1.0">
<code code="HBxgcAuMEk">
<editdetail action="confirmed" attribution="Reuters BIP Coding Group" date="1996-10-02"></editdetail></code>
<code code="AZArmBTvSm">
<editdetail action="confirmed" attribution="Reuters BIP Coding Group" date="1996-10-02"></editdetail></code>
<code code="DDleIXeEZO">
<editdetail action="confirmed" attribution="Reuters BIP Coding Group" date="1996-10-02"></editdetail></code></codes>
<codes class="bip:topics:1.0">
<code code="xjIunHhvxn">
<editdetail action="confirmed" attribution="Reuters BIP Coding Group" date="1996-10-02"></editdetail></code>
<code code="pBMrfKAwCf">
<editdetail action="confirmed" attribution="Reuters BIP Coding Group" date="1996-10-02"></editdetail></code>
<code code="zvdRJfRmCN">
<editdetail action="confirmed" attribution="Reuters BIP Coding Group" date="1996-10-02"></editdetail></code></codes>
<dc element="dc.publisher" value="Reuters Holdings Plc"></dc>
<dc element="dc.datepublished" value="1996-10-02"></dc>
<dc element="dc.source" value="Reuters - Notícias em Português"></dc>
<dc element="dc.creator.location" value=""></dc>
<dc element="dc.creator.location.country.name" value=""></dc></metadata></newsitem>