<?xml version="1.0" encoding="UTF-8"?>

<newsitem date="1996-08-27" id="root" itemid="48445" xml:lang="pt">
<title></title>
<headline> ACÇÕES SEGUEM EM ALTA, PT COM 50 PCT DO VOLUME. </headline>
<byline></byline>
<dateline></dateline>
<text>
<p> 1400 TMG - As acções do Contínuo seguiam em alta na meia sessão, destacando-se o negócio com acções da Portugal Telecom (PT), que representa 50 pct do total intermediado. Futuro sobre o PSI20 negoceia 75 contratos. Algumas puxadas com o aproximar do final do mês. *Índice PSI-20 sobe 0,30 pct para 4.691,66 pontos *PT sobe 34 escudos para 4.019. Negociadas 265.268 *PI sobe 5 escudos para 1.030. Negociadas 53.560 *Futuro PSI-20 Set/96 sobe para 4.700 vs 4.690 *PT sobe em Nova Iorque 0,25 dólares para 26,3/8 (segue comentário de mercado). </p>
<p> Quanto à fraca liquidez registada nos Futuros sobre o PSI20, alguns &apos;market-makers&apos; referiram que este apenas acompanha a apatia do mercado cash, devido às férias da maioria dos investidores, mas, no entanto, estão optimistas quanto ao início próximo mês e ao regresso dos especuladores. </p>
<p> - Paula Cordeiro, Lisboa Editorial, 351-1-3150035. (c) Reuters Limited 1996. </p></text>
<copyright>(c) Reuters Limited 1996</copyright>
<metadata>
<codes class="bip:countries:1.0">
<code code="QpDbrLAuEm">
<editdetail action="confirmed" attribution="Reuters BIP Coding Group" date="1996-08-27"></editdetail></code>
<code code="oWBzZrpfVN">
<editdetail action="confirmed" attribution="Reuters BIP Coding Group" date="1996-08-27"></editdetail></code>
<code code="WgGkrBFjmq">
<editdetail action="confirmed" attribution="Reuters BIP Coding Group" date="1996-08-27"></editdetail></code></codes>
<codes class="bip:topics:1.0">
<code code="inftTRDgyg">
<editdetail action="confirmed" attribution="Reuters BIP Coding Group" date="1996-08-27"></editdetail></code>
<code code="htwRhqbwKI">
<editdetail action="confirmed" attribution="Reuters BIP Coding Group" date="1996-08-27"></editdetail></code></codes>
<dc element="dc.publisher" value="Reuters Holdings Plc"></dc>
<dc element="dc.datepublished" value="1996-08-27"></dc>
<dc element="dc.source" value="Reuters - Notícias em Português"></dc>
<dc element="dc.creator.location" value=""></dc>
<dc element="dc.creator.location.country.name" value=""></dc></metadata></newsitem>