<?xml version="1.0" encoding="UTF-8"?>

<newsitem date="1996-09-11" id="root" itemid="48835" xml:lang="pt">
<title></title>
<headline> PERSPECTIVAS EVOLUÇÃO COMÉRCIO EM NÍVEL POSITIVO. </headline>
<byline></byline>
<dateline></dateline>
<text>
<p> LISBOA 11 Set (Reuter) - As perspectivas para os próximos meses da evolução do Comércio por Grosso e a Retalho estabilizaram a um nível positivo, refere o inquérito mensal de conjuntura ao sector do Instituto Nacional Estatística (INE). </p>
<p> &quot;As expectativas quanto ao aumento dos preços continuaram abaixo das verificadas no período homólogo de 1995, à semelhança do que se tem verificado ao longo do corrente ano&quot;,refere o INE. </p>
<p> Em Agosto, verificou-se uma melhoria do indicador de actividade, tanto considerando o mês anterior como o mês homólogo de 1995. </p>
<p> &quot;Tais evoluções foram devidas principalmente ao comportamento favorável registado no comércio a retalho&quot;, adianta. </p>
<p> &quot;Note-se, todavia, que este indicador continua a situar-se a um nível relativamente baixo neste subsector&quot;, afirma. </p>
<p> Em termos homólogos, também as opiniões sobre o volume de vendas evoluiram menos desfavoravelmente. </p>
<p> &quot;No comércio a retalho observa-se um perfil ascendente destas apreciações, ainda que no comércio por grosso os valores sejam relativamente mais elevados&quot;, explica o INE. </p>
<p> &quot;Em ambos subsectores, o indicador relativo às existências em armazém revela uma tendência descendente nos últimos meses, enquanto as perspectivas de encomendas a fornecedores registaram evoluções mais favoráveis&quot;, refere ainda. </p>
<p> - Lisboa Editorial, 351-1-3150035. </p>
<p> (c) Reuters Limited 1996. </p></text>
<copyright>(c) Reuters Limited 1996</copyright>
<metadata>
<codes class="bip:countries:1.0">
<code code="dQqUxSWGdo">
<editdetail action="confirmed" attribution="Reuters BIP Coding Group" date="1996-09-11"></editdetail></code>
<code code="WiCEMHgpIF">
<editdetail action="confirmed" attribution="Reuters BIP Coding Group" date="1996-09-11"></editdetail></code>
<code code="kBGsUljmqL">
<editdetail action="confirmed" attribution="Reuters BIP Coding Group" date="1996-09-11"></editdetail></code></codes>
<codes class="bip:topics:1.0">
<code code="IDlbMZOhwc">
<editdetail action="confirmed" attribution="Reuters BIP Coding Group" date="1996-09-11"></editdetail></code>
<code code="XUngScAcKA">
<editdetail action="confirmed" attribution="Reuters BIP Coding Group" date="1996-09-11"></editdetail></code>
<code code="BFzWsqvWEP">
<editdetail action="confirmed" attribution="Reuters BIP Coding Group" date="1996-09-11"></editdetail></code></codes>
<dc element="dc.publisher" value="Reuters Holdings Plc"></dc>
<dc element="dc.datepublished" value="1996-09-11"></dc>
<dc element="dc.source" value="Reuters - Notícias em Português"></dc>
<dc element="dc.creator.location" value=""></dc>
<dc element="dc.creator.location.country.name" value=""></dc></metadata></newsitem>