<?xml version="1.0" encoding="UTF-8"?>

<newsitem date="1996-10-30" id="root" itemid="50177" xml:lang="pt">
<title></title>
<headline> ACÇÕES ABREM MISTAS, ALGUM SENTIMENTO POSITIVO. </headline>
<byline></byline>
<dateline></dateline>
<text>
<p> LISBOA, 30 Out (Reuter) - As acções do Contínuo abriram com algumas cotações mais positivas, devido à subida ligeira das praças europeias, depois do fecho de Nova Iorque em alta, e a liquidez no cash a somar 2,7 milhões de contos. </p>
<p> &quot;O mercado está ligeiramente mais positivo e deve ficar assim até ao fecho se as tendências lá fora se mantiverem&quot;, disse um operador. </p>
<p> &quot;Sente-se uma ligeira correcção às quedas de ontem&quot;, disse um dealer. </p>
<p> Destaque para o novo máximo do ano da Lisnave nos 450 escudos. </p>
<p> Operadores afirmaram que o interesse no Banco Espírito Santo (BES) ainda reflecte os resultados do terceiro trimestre de 1996, que subiram 17 pct para 15,8 milhões de contos, e que o Banco Comercial Português (BCP) tem algum espaço para subir. </p>
<p> &quot;O BCP tem espaço para subir até ao final do ano até aos 2.000 escudos. Os rumores de mercado é para comprar o papel. Os investidores confiam no Grupo&quot;, disse um dealer. </p>
<p> Na Cimpor, acrescentaram que dificilmente a cotação quebrará os 3.200 escudos, denotando-se uma forte procura nestes níveis, e que poderá voltar a subir até aos 3.250. &quot;Os 3.230 escudos são um bom suporte, mas até aos 3.250 escudos é um pulinho&quot;, disse. </p>
<p> Relativamente às acções da Portugal Telecom (PT), que estão hoje ligeiramente mais positivas, seguindo a subida das outras praças, dealers disseram que a cotação pode vir no curto prazo a escorregar mais um pouco. </p>
<p> &quot;Acredito que a tendência da PT é de queda, apesar da subida de hoje. O papel vai continuar a ser afectado por duas razões. A primeira prende-se com a venda de Deutsche Telekom e a segunda com a Telefónica&quot;, adiantou este último dealer. </p>
<p> A PT variou hoje entre 3.920 e 3.948 escudos e ontem em Nova Iorque as acções da PT fecharam a subir para 25,5/8 dólares. </p>
<p> (c) Reuters Limited 1996. </p></text>
<copyright>(c) Reuters Limited 1996</copyright>
<metadata>
<codes class="bip:countries:1.0">
<code code="hgoGypfAvp">
<editdetail action="confirmed" attribution="Reuters BIP Coding Group" date="1996-10-30"></editdetail></code>
<code code="ByKjvMrrYa">
<editdetail action="confirmed" attribution="Reuters BIP Coding Group" date="1996-10-30"></editdetail></code>
<code code="pguDlpkItE">
<editdetail action="confirmed" attribution="Reuters BIP Coding Group" date="1996-10-30"></editdetail></code></codes>
<codes class="bip:topics:1.0">
<code code="HziUKtpOmv">
<editdetail action="confirmed" attribution="Reuters BIP Coding Group" date="1996-10-30"></editdetail></code>
<code code="QmXLzbPyUR">
<editdetail action="confirmed" attribution="Reuters BIP Coding Group" date="1996-10-30"></editdetail></code></codes>
<dc element="dc.publisher" value="Reuters Holdings Plc"></dc>
<dc element="dc.datepublished" value="1996-10-30"></dc>
<dc element="dc.source" value="Reuters - Notícias em Português"></dc>
<dc element="dc.creator.location" value=""></dc>
<dc element="dc.creator.location.country.name" value=""></dc></metadata></newsitem>