<?xml version="1.0" encoding="UTF-8"?>

<newsitem date="1996-10-08" id="root" itemid="49564" xml:lang="pt">
<title></title>
<headline> ACÇÕES PREVÊEM-SE C/ INTERESSES EM PAPÉIS ILÍQUIDOS. </headline>
<byline></byline>
<dateline></dateline>
<text>
<p> As acções do Contínuo e os Futuros sobre o PSI20 deverão abrir com a mesma tendência das últimas sessões, ou seja a liquidez concentrada em papéis pouco líquidos, como Tertir, Lisnave e Reditus, e os preços das &apos;blue-chips&apos; sustentadas em alta. Dealers mantêm optimismo sobre a evolução do mercado, mas acredita que a Cimpor tem secado alguma liquidez. *Índice PSI-20 fechou a subir para 4.785,27 pontos *Futuro PSI-20 Out/96 fechou a 4.824 pontos *PT fecha estável nos 26,1/4 dólares (4.050 escudos). </p>
<p> - Paula Cordeiro, Lisboa Editorial, 351-1-3150035. (c) Reuters Limited 1996. </p></text>
<copyright>(c) Reuters Limited 1996</copyright>
<metadata>
<codes class="bip:countries:1.0">
<code code="EehoDeOSxZ">
<editdetail action="confirmed" attribution="Reuters BIP Coding Group" date="1996-10-08"></editdetail></code>
<code code="aAQXgaVQMk">
<editdetail action="confirmed" attribution="Reuters BIP Coding Group" date="1996-10-08"></editdetail></code>
<code code="cUCEYQJxEz">
<editdetail action="confirmed" attribution="Reuters BIP Coding Group" date="1996-10-08"></editdetail></code></codes>
<codes class="bip:topics:1.0">
<code code="GMVpSJRdDA">
<editdetail action="confirmed" attribution="Reuters BIP Coding Group" date="1996-10-08"></editdetail></code>
<code code="fregDYGhwG">
<editdetail action="confirmed" attribution="Reuters BIP Coding Group" date="1996-10-08"></editdetail></code></codes>
<dc element="dc.publisher" value="Reuters Holdings Plc"></dc>
<dc element="dc.datepublished" value="1996-10-08"></dc>
<dc element="dc.source" value="Reuters - Notícias em Português"></dc>
<dc element="dc.creator.location" value=""></dc>
<dc element="dc.creator.location.country.name" value=""></dc></metadata></newsitem>