<?xml version="1.0" encoding="UTF-8"?>

<newsitem date="1996-10-01" id="root" itemid="49395" xml:lang="pt">
<title></title>
<headline> MMI TRANSACCIONA 207,716 MC, FUTUROS FAZEM 2,2 MC. </headline>
<byline></byline>
<dateline></dateline>
<text>
<p> LISBOA, 1 Out (Reuter) - O Mercado Monetário Interbancário (MMI) movimentou hoje 207,716 milhões de contos (MC) com 104 negócios nas operações com data-valor do próprio dia, a um e a dois dias, informou o Banco de Portugal. </p>
<p> O overnight (o/n) movimentou 66,459 MC com operações com data-valor do dia a uma taxa média ponderada (TMP) de 7,2495 pct contra 7,2562 pct na anterior sessão. </p>
<p> No mercado de futuros sobre a Lisbor a três meses fizeram-se 22 contratos no montante de 2,2 MC contra seis MC na anterior sessão. </p>
<p> - Lisboa Editorial, 351-1-315.00.35. </p>
<p> (c) Reuters Limited 1996. </p></text>
<copyright>(c) Reuters Limited 1996</copyright>
<metadata>
<codes class="bip:countries:1.0">
<code code="QgViCMHSPj">
<editdetail action="confirmed" attribution="Reuters BIP Coding Group" date="1996-10-01"></editdetail></code>
<code code="CIvUqKpCgp">
<editdetail action="confirmed" attribution="Reuters BIP Coding Group" date="1996-10-01"></editdetail></code>
<code code="AkoPUUCdSe">
<editdetail action="confirmed" attribution="Reuters BIP Coding Group" date="1996-10-01"></editdetail></code></codes>
<codes class="bip:topics:1.0">
<code code="BCblXMtPhL">
<editdetail action="confirmed" attribution="Reuters BIP Coding Group" date="1996-10-01"></editdetail></code>
<code code="WDFXxYNDsx">
<editdetail action="confirmed" attribution="Reuters BIP Coding Group" date="1996-10-01"></editdetail></code>
<code code="zZBthpZlvR">
<editdetail action="confirmed" attribution="Reuters BIP Coding Group" date="1996-10-01"></editdetail></code></codes>
<dc element="dc.publisher" value="Reuters Holdings Plc"></dc>
<dc element="dc.datepublished" value="1996-10-01"></dc>
<dc element="dc.source" value="Reuters - Notícias em Português"></dc>
<dc element="dc.creator.location" value=""></dc>
<dc element="dc.creator.location.country.name" value=""></dc></metadata></newsitem>