<?xml version="1.0" encoding="UTF-8"?>

<newsitem date="1996-10-10" id="root" itemid="49661" xml:lang="pt">
<title></title>
<headline> ÍNDICE PSI20 DESCE 2,62 PONTOS PARA 4.798,06. </headline>
<byline></byline>
<dateline></dateline>
<text>
<p> LISBOA, 10 Out (Reuter) - O indice PSI20 desceu 2,62 pontos para 4.798,06. </p>
<p> (c) Reuters Limited 1996. </p></text>
<copyright>(c) Reuters Limited 1996</copyright>
<metadata>
<codes class="bip:countries:1.0">
<code code="WjjABpKbzT">
<editdetail action="confirmed" attribution="Reuters BIP Coding Group" date="1996-10-10"></editdetail></code>
<code code="srySioZHLw">
<editdetail action="confirmed" attribution="Reuters BIP Coding Group" date="1996-10-10"></editdetail></code>
<code code="FVPqNsYStf">
<editdetail action="confirmed" attribution="Reuters BIP Coding Group" date="1996-10-10"></editdetail></code></codes>
<codes class="bip:topics:1.0">
<code code="XmYxXMpCJt">
<editdetail action="confirmed" attribution="Reuters BIP Coding Group" date="1996-10-10"></editdetail></code>
<code code="wgKnQoiUjY">
<editdetail action="confirmed" attribution="Reuters BIP Coding Group" date="1996-10-10"></editdetail></code></codes>
<dc element="dc.publisher" value="Reuters Holdings Plc"></dc>
<dc element="dc.datepublished" value="1996-10-10"></dc>
<dc element="dc.source" value="Reuters - Notícias em Português"></dc>
<dc element="dc.creator.location" value=""></dc>
<dc element="dc.creator.location.country.name" value=""></dc></metadata></newsitem>