<?xml version="1.0" encoding="UTF-8"?>

<newsitem date="1996-08-28" id="root" itemid="48496" xml:lang="pt">
<title></title>
<headline> ACÇÕES FECHAM EM ALTA, BFE NEGOCEIA 1 MILHÃO ACÇÕES. </headline>
<byline></byline>
<dateline></dateline>
<text>
<p> 1550 TMG - As acções do Contínuo fecharam em alta, excluindo a queda do BPI-SGPS em 10 pct, e liquidez a somar 5,6 milhões de contos, destacando-se a transacção de mais de um milhão de acções do BFE. Futuros animados negoceiam 1.017 contratos. Amanhã prevê-se que o interesse dos investidores se mantenha concentrado nos mesmos papéis de hoje por razões diferenciadas. *Índice PSI-20 sobe 0,25 pct para 4.723,91 pontos *BFE estável nos 2.545 escudos. Negociadas 1.003.355 *BPI-SGPS cai 215 escudos p/ 1.900.Negociadas 239.959 *PT sobe 37 escudos para 4.065. Negociadas 203.753 *Futuro PSI-20 Set/96 sobe para 4.732 pontos vs 4.713 ontem. </p>
<p> - Paula Cordeiro, Lisboa Editorial, 351-1-3150035. (c) Reuters Limited 1996. </p></text>
<copyright>(c) Reuters Limited 1996</copyright>
<metadata>
<codes class="bip:countries:1.0">
<code code="klWEgHLFwg">
<editdetail action="confirmed" attribution="Reuters BIP Coding Group" date="1996-08-28"></editdetail></code>
<code code="YoAzowjoGD">
<editdetail action="confirmed" attribution="Reuters BIP Coding Group" date="1996-08-28"></editdetail></code>
<code code="LBixjLgGUb">
<editdetail action="confirmed" attribution="Reuters BIP Coding Group" date="1996-08-28"></editdetail></code></codes>
<codes class="bip:topics:1.0">
<code code="vkxHmExgXM">
<editdetail action="confirmed" attribution="Reuters BIP Coding Group" date="1996-08-28"></editdetail></code>
<code code="ucwqMOcIEe">
<editdetail action="confirmed" attribution="Reuters BIP Coding Group" date="1996-08-28"></editdetail></code></codes>
<dc element="dc.publisher" value="Reuters Holdings Plc"></dc>
<dc element="dc.datepublished" value="1996-08-28"></dc>
<dc element="dc.source" value="Reuters - Notícias em Português"></dc>
<dc element="dc.creator.location" value=""></dc>
<dc element="dc.creator.location.country.name" value=""></dc></metadata></newsitem>