<?xml version="1.0" encoding="UTF-8"?>

<newsitem date="1996-10-25" id="root" itemid="50060" xml:lang="pt">
<title></title>
<headline> ACÇÕES ABREM MISTAS, ARRANJO M.CONFIANÇA DOMINA. </headline>
<byline></byline>
<dateline></dateline>
<text>
<p> LISBOA, 25 Out (Reuter) - As acções do Contínuo abriram mistas e a liquidez no cash a somar 14,3 milhões de contos (MC), dos quais 90 pct referentes à Mundial Confiança, prevendo os dealers que a tendência não sofra alterações até ao fecho. </p>
<p> &quot;O mercado não deve registar fortes alterações até ao fecho, mas se o BTA voltar à negociação deve registar uma puxada valente e pode inverter um pouco o sentido das coisas&quot;, disse um operador. </p>
<p> Dealers disseram que o BTA poderá subir até aos 2.850 escudos contra 2.740 escudos no fecho de ontem. A Bolsa de Lisboa suspendeu a negociação, devido a notícias da imprensa. </p>
<p> O jornal &apos;Diário Económico&apos; afirma hoje que a avaliação do BTA, realizada pela ING Barings e pela Arthur Andersen, dá um valor de 3.000 escudos por acção. </p>
<p> As acções do Banco Espírito Santo (BES) atingiram hoje o novo máximo do ano nos 2.695 escudos e operadores consideram que o papel tem espaço para subir um pouco mais, pelo menos até aos 2.700 escudos. </p>
<p> As boas perspectivas para os resultados do terceiro trimestre de 1996 têm animado alguns papéis do sector da banca. Dealers afirmaram que a queda da Portucel Industrial deve-se às revisões em baixa dos resultados para 1996 e 1997. </p>
<p> - Paula Cordeiro, Lisboa Editorial, 351-1-3150035. (c) Reuters Limited 1996. </p></text>
<copyright>(c) Reuters Limited 1996</copyright>
<metadata>
<codes class="bip:countries:1.0">
<code code="CJSszJgcVj">
<editdetail action="confirmed" attribution="Reuters BIP Coding Group" date="1996-10-25"></editdetail></code>
<code code="FRaInWQOzq">
<editdetail action="confirmed" attribution="Reuters BIP Coding Group" date="1996-10-25"></editdetail></code>
<code code="kfoHCDVTjK">
<editdetail action="confirmed" attribution="Reuters BIP Coding Group" date="1996-10-25"></editdetail></code></codes>
<codes class="bip:topics:1.0">
<code code="qetHiPKrft">
<editdetail action="confirmed" attribution="Reuters BIP Coding Group" date="1996-10-25"></editdetail></code>
<code code="xFaFvwFRQy">
<editdetail action="confirmed" attribution="Reuters BIP Coding Group" date="1996-10-25"></editdetail></code></codes>
<dc element="dc.publisher" value="Reuters Holdings Plc"></dc>
<dc element="dc.datepublished" value="1996-10-25"></dc>
<dc element="dc.source" value="Reuters - Notícias em Português"></dc>
<dc element="dc.creator.location" value=""></dc>
<dc element="dc.creator.location.country.name" value=""></dc></metadata></newsitem>