<?xml version="1.0" encoding="UTF-8"?>

<newsitem date="1996-08-23" id="root" itemid="48364" xml:lang="pt">
<title></title>
<headline> ACÇÕES PREVÊEM-SE AFECTADAS SUSPENSÃO BFE E BPI. </headline>
<byline></byline>
<dateline></dateline>
<text>
<p> 0840 TMG - As acções do Contínuo prevêem-se com uma abertura afectada pelas suspensões do BPI e novamente do BFE, os dois títulos que, conjuntamente com a Cimpor, seriam os títulos a animar a sessão de hoje. A Cimpor vai continuar a concentrar as atenções, devendo ajustar em baixa, perante a perspectiva das mais-valias com a venda do BFE serem inferiores ao que chegou a ser previsto. *PT fecha Nova Iorque subir 0,125 dólares para 25,5 *CMVM suspende negociação acções BPI e BFE *BP não anuncia cedência MMI, condições próximo às 1315 TMG *Dólar 152,90 escudos contra 152,960 fixing ontem BP. </p>
<p> - Lisboa Editorial, 351-1-3150035. (c) Reuters Limited 1996. </p></text>
<copyright>(c) Reuters Limited 1996</copyright>
<metadata>
<codes class="bip:countries:1.0">
<code code="orkaIafwLY">
<editdetail action="confirmed" attribution="Reuters BIP Coding Group" date="1996-08-23"></editdetail></code>
<code code="dTlyZTZcoT">
<editdetail action="confirmed" attribution="Reuters BIP Coding Group" date="1996-08-23"></editdetail></code>
<code code="mdNKcnGGIb">
<editdetail action="confirmed" attribution="Reuters BIP Coding Group" date="1996-08-23"></editdetail></code></codes>
<codes class="bip:topics:1.0">
<code code="MVCfeHAWbz">
<editdetail action="confirmed" attribution="Reuters BIP Coding Group" date="1996-08-23"></editdetail></code>
<code code="HXNIFlJEGv">
<editdetail action="confirmed" attribution="Reuters BIP Coding Group" date="1996-08-23"></editdetail></code></codes>
<dc element="dc.publisher" value="Reuters Holdings Plc"></dc>
<dc element="dc.datepublished" value="1996-08-23"></dc>
<dc element="dc.source" value="Reuters - Notícias em Português"></dc>
<dc element="dc.creator.location" value=""></dc>
<dc element="dc.creator.location.country.name" value=""></dc></metadata></newsitem>