<?xml version="1.0" encoding="UTF-8"?>

<newsitem date="1996-08-29" id="root" itemid="48525" xml:lang="pt">
<title></title>
<headline> MMI TRANSACCIONA 136,783 MC, TMP O/N 6,9697 PCT. </headline>
<byline></byline>
<dateline></dateline>
<text>
<p> LISBOA, 29 Ago (Reuter) - O Mercado Monetário Interbancário (MMI) movimentou hoje 136,783 milhões de contos (MC) com 88 negócios nas operações com data-valor do próprio dia, a um e a dois dias, informou o Banco de Portugal. </p>
<p> O overnight (o/n) movimentou 85,783 MC com operações com data-valor do dia a uma taxa média ponderada (TMP) de 6,9697 pct contra 6,9586 pct na anterior sessão. </p>
<p> - Lisboa Editorial, 351-1-315.00.35. </p>
<p> (c) Reuters Limited 1996. </p></text>
<copyright>(c) Reuters Limited 1996</copyright>
<metadata>
<codes class="bip:countries:1.0">
<code code="rqxosPUvYw">
<editdetail action="confirmed" attribution="Reuters BIP Coding Group" date="1996-08-29"></editdetail></code>
<code code="YIETCPHcQE">
<editdetail action="confirmed" attribution="Reuters BIP Coding Group" date="1996-08-29"></editdetail></code>
<code code="DHaLMRDibn">
<editdetail action="confirmed" attribution="Reuters BIP Coding Group" date="1996-08-29"></editdetail></code></codes>
<codes class="bip:topics:1.0">
<code code="CEAGtqfRIr">
<editdetail action="confirmed" attribution="Reuters BIP Coding Group" date="1996-08-29"></editdetail></code>
<code code="PvbzRMgRpc">
<editdetail action="confirmed" attribution="Reuters BIP Coding Group" date="1996-08-29"></editdetail></code>
<code code="GaCtRCBSif">
<editdetail action="confirmed" attribution="Reuters BIP Coding Group" date="1996-08-29"></editdetail></code></codes>
<dc element="dc.publisher" value="Reuters Holdings Plc"></dc>
<dc element="dc.datepublished" value="1996-08-29"></dc>
<dc element="dc.source" value="Reuters - Notícias em Português"></dc>
<dc element="dc.creator.location" value=""></dc>
<dc element="dc.creator.location.country.name" value=""></dc></metadata></newsitem>