<?xml version="1.0" encoding="UTF-8"?>

<newsitem date="1996-08-23" id="root" itemid="48360" xml:lang="pt">
<title></title>
<headline> ESCUDO ABRE ESTÁVEL VS MARCO MAS ATENTO DÓLAR, BP. </headline>
<byline></byline>
<dateline></dateline>
<text>
<p> LISBOA, 23 Ago (Reuter) - O escudo abriu estável contra o marco, numa sessão que se admite calma, entre os 102,50 e 102,60, mas com as atenções concentradas no dólar e também num eventual corte da taxa de cedência do BP. </p>
<p> O escudo abriu 102,53/56 por marco contra 102,51/54 no fecho de ontem. Às 0827 TMG, o escudo cotava 102,53/56 por marco. </p>
<p> &quot;Prevejo uma sessão muito calminha, com o escudo entre os 102,50 e 102,60 (por marco), embora com muita atenção nos movimentos do dólar&quot;, disse um dealer. </p>
<p> &quot;Um eventual corte de taxa do BP está descontado, a não ser que seja um corte grande, isso pode influenciar&quot;, disse outro. </p>
<p>     ----José Barata, Lisboa Editorial, 351.1.3113121. </p>
<p> (c) Reuters Limited 1996. </p></text>
<copyright>(c) Reuters Limited 1996</copyright>
<metadata>
<codes class="bip:countries:1.0">
<code code="FsVSenjDbp">
<editdetail action="confirmed" attribution="Reuters BIP Coding Group" date="1996-08-23"></editdetail></code>
<code code="TSmaGvxgsE">
<editdetail action="confirmed" attribution="Reuters BIP Coding Group" date="1996-08-23"></editdetail></code>
<code code="LSABtFgyzV">
<editdetail action="confirmed" attribution="Reuters BIP Coding Group" date="1996-08-23"></editdetail></code></codes>
<codes class="bip:topics:1.0">
<code code="ylvEpUyIuU">
<editdetail action="confirmed" attribution="Reuters BIP Coding Group" date="1996-08-23"></editdetail></code>
<code code="cxNgRFcDlf">
<editdetail action="confirmed" attribution="Reuters BIP Coding Group" date="1996-08-23"></editdetail></code>
<code code="zdubEkRkdE">
<editdetail action="confirmed" attribution="Reuters BIP Coding Group" date="1996-08-23"></editdetail></code></codes>
<dc element="dc.publisher" value="Reuters Holdings Plc"></dc>
<dc element="dc.datepublished" value="1996-08-23"></dc>
<dc element="dc.source" value="Reuters - Notícias em Português"></dc>
<dc element="dc.creator.location" value=""></dc>
<dc element="dc.creator.location.country.name" value=""></dc></metadata></newsitem>