<?xml version="1.0" encoding="UTF-8"?>

<newsitem date="1996-10-23" id="root" itemid="49991" xml:lang="pt">
<title></title>
<headline> ORÇAMENTO RECTIFICATIVO 1996 COM POUPANÇA JUROS-TSF. </headline>
<byline></byline>
<dateline></dateline>
<text>
<p> LISBOA, 23 Out (Reuter) - O Orçamento de Estado para 1996 vai ter rectificações a apresentar à Assembleia da República, designadamente com a poupança de cerca de 15 milhões de contos (MC) de juros, mas não haverá aumento de despesa, garantiu a secretária de Estado Orçamento, Manuela Arcanjo. </p>
<p> &quot;Não haverá aumento de despesa. A economia é incerta, eu tenho um ganho previsto de 15 MC nos juros (do serviço da dívida pública), é significativo, há (também) um reembolso da União Europeia, por ajustamento das contas de 1995&quot;, disse a secretária de Estado em declarações à rádio TSF. </p>
<p> &quot;Não são desvios significativos e portanto é saudável que o Governo não se importe de apresentar à Assembleia (da República) alterações, sem aumento de despesa&quot;, acrescentou Manuela Arcanjo. </p>
<p> Esta responsável não adiantou quais as áreas que vão receber estas verbas obtidas da poupança de juros e dos ajustamentos das transferências para a União Europeia. </p>
<p> - Fernanda Pargana, Lisboa Editorial, 351-1-3113126. </p>
<p> (c) Reuters Limited 1996. </p></text>
<copyright>(c) Reuters Limited 1996</copyright>
<metadata>
<codes class="bip:countries:1.0">
<code code="HEqVQjSKJa">
<editdetail action="confirmed" attribution="Reuters BIP Coding Group" date="1996-10-23"></editdetail></code>
<code code="REwRxFtUfl">
<editdetail action="confirmed" attribution="Reuters BIP Coding Group" date="1996-10-23"></editdetail></code>
<code code="LscAtTHedN">
<editdetail action="confirmed" attribution="Reuters BIP Coding Group" date="1996-10-23"></editdetail></code></codes>
<codes class="bip:topics:1.0">
<code code="khksWNzrvy">
<editdetail action="confirmed" attribution="Reuters BIP Coding Group" date="1996-10-23"></editdetail></code>
<code code="jTmZezFIFX">
<editdetail action="confirmed" attribution="Reuters BIP Coding Group" date="1996-10-23"></editdetail></code>
<code code="RRklecJIns">
<editdetail action="confirmed" attribution="Reuters BIP Coding Group" date="1996-10-23"></editdetail></code></codes>
<dc element="dc.publisher" value="Reuters Holdings Plc"></dc>
<dc element="dc.datepublished" value="1996-10-23"></dc>
<dc element="dc.source" value="Reuters - Notícias em Português"></dc>
<dc element="dc.creator.location" value=""></dc>
<dc element="dc.creator.location.country.name" value=""></dc></metadata></newsitem>