<?xml version="1.0" encoding="UTF-8"?>

<newsitem date="1996-09-03" id="root" itemid="48604" xml:lang="pt">
<title></title>
<headline> ESCUDO ABRE ESTÁVEL MAS ATENTO MOVIMENTO DO DÓLAR. </headline>
<byline></byline>
<dateline></dateline>
<text>
<p> 0840 TMG - O escudo abriu estável aos níveis do fecho de ontem contra o marco, numa sessão com as atenções concentradas no dólar e nos reflexos do ataque americano, desta manhã, aos arredores de Bagdad. Dealers dizem que o escudo poderá oscilar entre 102,35 e 102,45 por marco. </p>
<p> *Escudo 102,38/40 por marco contra 102,37/40 no fecho ontem </p>
<p> *Peseta 84,45/47 por marco contra 84,41/42 no fecho de ontem </p>
<p> *Dólar 1,4879/82 marcos vs 1,4871/76 fecho Europa de ontem </p>
<p> *BP cede até 180 MC, 1 dias, em leilão e absorve a 6,8 pct </p>
<p> *BP anuncia hoje condições cedência MMI próximo período </p></text>
<copyright>(c) Reuters Limited 1996</copyright>
<metadata>
<codes class="bip:countries:1.0">
<code code="meSzbctqpC">
<editdetail action="confirmed" attribution="Reuters BIP Coding Group" date="1996-09-03"></editdetail></code>
<code code="nFPfpSCntn">
<editdetail action="confirmed" attribution="Reuters BIP Coding Group" date="1996-09-03"></editdetail></code>
<code code="SzPJjzsaNc">
<editdetail action="confirmed" attribution="Reuters BIP Coding Group" date="1996-09-03"></editdetail></code></codes>
<codes class="bip:topics:1.0">
<code code="RmsIFEfcXt">
<editdetail action="confirmed" attribution="Reuters BIP Coding Group" date="1996-09-03"></editdetail></code>
<code code="FkjKExFZzy">
<editdetail action="confirmed" attribution="Reuters BIP Coding Group" date="1996-09-03"></editdetail></code>
<code code="mxBYAHeqjf">
<editdetail action="confirmed" attribution="Reuters BIP Coding Group" date="1996-09-03"></editdetail></code></codes>
<dc element="dc.publisher" value="Reuters Holdings Plc"></dc>
<dc element="dc.datepublished" value="1996-09-03"></dc>
<dc element="dc.source" value="Reuters - Notícias em Português"></dc>
<dc element="dc.creator.location" value=""></dc>
<dc element="dc.creator.location.country.name" value=""></dc></metadata></newsitem>