<?xml version="1.0" encoding="UTF-8"?>

<newsitem date="1996-10-30" id="root" itemid="50178" xml:lang="pt">
<title></title>
<headline> ESCUDO SEGUE PRÓXIMO 101,20 VS MARCO MEIA SESSÃO. </headline>
<byline></byline>
<dateline></dateline>
<text>
<p> O escudo seguia calmo, a manter-se próximo dos 101,20 por marco na meia sessão, numa sessão sem muito movimento mas em que se mantém uma barreira naquele nível, ainda que sem pressões. Operações comerciais poderão todavia &apos;desviar&apos; o escudo destes níveis, segundo disseram operadores. </p>
<p> *Escudo 101,15/18 por marco contra 101,22/26 nan abertura </p>
<p> *Peseta 84,31/32 por marco contra 84,41/42 na abertura </p>
<p> *Dólar 1,5117/21 marcos vs 1,5107/12 na abertura Europa </p>
<p> *Colocado 18 MC BT 91 dias, Tesouro corta colocação 6,74 pct </p>
<p> *BP cede até 150 MC a 6 dias, antes TMP 7,00 pct </p>
<p> *Instituições bancárias temem sul Europa na UEM-Sousa Franco. </p>
<p> (c) Reuters Limited 1996. </p></text>
<copyright>(c) Reuters Limited 1996</copyright>
<metadata>
<codes class="bip:countries:1.0">
<code code="hpaYQuahqr">
<editdetail action="confirmed" attribution="Reuters BIP Coding Group" date="1996-10-30"></editdetail></code>
<code code="BowKBNglyt">
<editdetail action="confirmed" attribution="Reuters BIP Coding Group" date="1996-10-30"></editdetail></code>
<code code="rERHldLaNN">
<editdetail action="confirmed" attribution="Reuters BIP Coding Group" date="1996-10-30"></editdetail></code></codes>
<codes class="bip:topics:1.0">
<code code="sEVsBkZPOw">
<editdetail action="confirmed" attribution="Reuters BIP Coding Group" date="1996-10-30"></editdetail></code>
<code code="EMeAuFTMKg">
<editdetail action="confirmed" attribution="Reuters BIP Coding Group" date="1996-10-30"></editdetail></code>
<code code="mQVbawsRiN">
<editdetail action="confirmed" attribution="Reuters BIP Coding Group" date="1996-10-30"></editdetail></code></codes>
<dc element="dc.publisher" value="Reuters Holdings Plc"></dc>
<dc element="dc.datepublished" value="1996-10-30"></dc>
<dc element="dc.source" value="Reuters - Notícias em Português"></dc>
<dc element="dc.creator.location" value=""></dc>
<dc element="dc.creator.location.country.name" value=""></dc></metadata></newsitem>