<?xml version="1.0" encoding="UTF-8"?>

<newsitem date="1996-09-10" id="root" itemid="48784" xml:lang="pt">
<title></title>
<headline> FUTURO PSI20 SET96 SOBE 11 PONTOS PARA 4.794. </headline>
<byline></byline>
<dateline></dateline>
<text>
<p> *Futuro PSI20 Set96 4.794 pontos vs 4.783 fecho *Índice PSI20 sobe 0,04 pct para 4.786,10 pontos *F.Ramada cai 5 escudos p/2.050. Negociadas 16.000 *BCP sobe 10 escudos para 1.880. Negociadas 10.200 *BTA sobe 4 escudos para 2.900. Negociadas 4.000 *PT sobe 10 escudos para 4.140. Negociadas 2.800 *BPSM cai 5 escudos para 1.040. Negociadas 2.000 *Engil cai 2 escudos para 1.458. Negociadas 1.800. </p></text>
<copyright>(c) Reuters Limited 1996</copyright>
<metadata>
<codes class="bip:countries:1.0">
<code code="INUbAmtdHh">
<editdetail action="confirmed" attribution="Reuters BIP Coding Group" date="1996-09-10"></editdetail></code>
<code code="cHnvGeZgqY">
<editdetail action="confirmed" attribution="Reuters BIP Coding Group" date="1996-09-10"></editdetail></code>
<code code="SblOKisefe">
<editdetail action="confirmed" attribution="Reuters BIP Coding Group" date="1996-09-10"></editdetail></code></codes>
<codes class="bip:topics:1.0">
<code code="nbSwZPEtyC">
<editdetail action="confirmed" attribution="Reuters BIP Coding Group" date="1996-09-10"></editdetail></code>
<code code="ljgbTPVgBV">
<editdetail action="confirmed" attribution="Reuters BIP Coding Group" date="1996-09-10"></editdetail></code></codes>
<dc element="dc.publisher" value="Reuters Holdings Plc"></dc>
<dc element="dc.datepublished" value="1996-09-10"></dc>
<dc element="dc.source" value="Reuters - Notícias em Português"></dc>
<dc element="dc.creator.location" value=""></dc>
<dc element="dc.creator.location.country.name" value=""></dc></metadata></newsitem>