<?xml version="1.0" encoding="UTF-8"?>

<newsitem date="1996-10-03" id="root" itemid="49454" xml:lang="pt">
<title></title>
<headline> ESCUDO EFECTUADO ACIMA DE 101 POR MARCO - DEALERS. </headline>
<byline></byline>
<dateline></dateline>
<text>
<p> LISBOA, 3 Out (Reuter) - O escudo foi já hoje efectuado a um nível mais alto que os 101 escudos por marco, disseram operadores. </p>
<p> O escudo foi já hoje efectuado a 100,90 escudos por marco, segundo disseram operadores. </p>
<p> &quot;Penso que continuam a ser não residentes a pressionar o escudo (no sentido da subida contra o marco). Mas há grande falta de liquidez&quot;, disse um operador. </p>
<p> &quot;As razões da subida hoje do escudo não são diferentes das dos últimos dias. Há interesses, tanto de residentes como de não residentes, na compra de escudos&quot;, disse outro dealer. </p>
<p> &quot;Não me admirava nada que o escudo quebrasse outra vez a barreira dos 101,00 por marco&quot;, acrescentou. </p>
<p> &quot;Além de que, a estes níveis, é bastante interessante fazer operações comerciais (de compra de marcos)&quot;, disse ainda. </p>
<p> Dealers disseram que o mercado tem, todavia, pouca liquidez. </p>
<p> Pelas 0901 TMG o escudo cotava 101,05/09 por marco, contra 101,18/23 na abertura e 101,22/27 no fecho de ontem. </p>
<p> O nível dos 100,90 escudos por marco não era atingido desde Fevereiro de 1994, segundo as estatísticas das cotações indicativas do Banco de Portugal. </p>
<p> - Fernanda Pargana, Lisboa Editorial, 351-1-3150035. </p>
<p> (c) Reuters Limited 1996. </p></text>
<copyright>(c) Reuters Limited 1996</copyright>
<metadata>
<codes class="bip:countries:1.0">
<code code="ujDFLhjzjO">
<editdetail action="confirmed" attribution="Reuters BIP Coding Group" date="1996-10-03"></editdetail></code>
<code code="KyriNGJsYn">
<editdetail action="confirmed" attribution="Reuters BIP Coding Group" date="1996-10-03"></editdetail></code>
<code code="SkbFtYDVkv">
<editdetail action="confirmed" attribution="Reuters BIP Coding Group" date="1996-10-03"></editdetail></code></codes>
<codes class="bip:topics:1.0">
<code code="DBqthGwHuT">
<editdetail action="confirmed" attribution="Reuters BIP Coding Group" date="1996-10-03"></editdetail></code>
<code code="uPsKLyktgh">
<editdetail action="confirmed" attribution="Reuters BIP Coding Group" date="1996-10-03"></editdetail></code>
<code code="MfXZNKPOkE">
<editdetail action="confirmed" attribution="Reuters BIP Coding Group" date="1996-10-03"></editdetail></code></codes>
<dc element="dc.publisher" value="Reuters Holdings Plc"></dc>
<dc element="dc.datepublished" value="1996-10-03"></dc>
<dc element="dc.source" value="Reuters - Notícias em Português"></dc>
<dc element="dc.creator.location" value=""></dc>
<dc element="dc.creator.location.country.name" value=""></dc></metadata></newsitem>