<?xml version="1.0" encoding="UTF-8"?>

<newsitem date="1996-09-05" id="root" itemid="48682" xml:lang="pt">
<title></title>
<headline> ESCUDO SEGUE ESTÁVEL MEIA SESSÃO, DEPENDE DO DÓLAR. </headline>
<byline></byline>
<dateline></dateline>
<text>
<p> O escudo seguia calmo e praticamente sem interesses na meia sessão, mantendo-se a previsão dos operadores de que se mantenha entre 102,40 e 102,50 por marco. &quot;O escudo agora depende do dólar, vamos esperar pelo desemprego americano (de Agosto) amanhã&quot;, disse um dealer. </p>
<p> *Escudo 102,45/46 por marco contra 102,45/48 na abertura </p>
<p> *Peseta 84,56/57 por marco contra 84,60/62 de manhã </p>
<p> *Dólar 1,4815/20 marcos vs 1,4800/05 na abertura Europa </p>
<p> *Buba mantém taxas directoras, Desconto 2,5%, Lombarda 4,5% </p>
<p> *Banco Portugal cede 20 MC a 7 dias, mantém TMP 7,25 pct </p>
<p> *Rateio BT 364 dias mantém-se em 7,06 pct. </p></text>
<copyright>(c) Reuters Limited 1996</copyright>
<metadata>
<codes class="bip:countries:1.0">
<code code="cHCZleCwaH">
<editdetail action="confirmed" attribution="Reuters BIP Coding Group" date="1996-09-05"></editdetail></code>
<code code="TgMMcWFXdc">
<editdetail action="confirmed" attribution="Reuters BIP Coding Group" date="1996-09-05"></editdetail></code>
<code code="SqfXYDUOKM">
<editdetail action="confirmed" attribution="Reuters BIP Coding Group" date="1996-09-05"></editdetail></code></codes>
<codes class="bip:topics:1.0">
<code code="CRlIWInIjD">
<editdetail action="confirmed" attribution="Reuters BIP Coding Group" date="1996-09-05"></editdetail></code>
<code code="mVShmzkngX">
<editdetail action="confirmed" attribution="Reuters BIP Coding Group" date="1996-09-05"></editdetail></code>
<code code="DAfTVkIOog">
<editdetail action="confirmed" attribution="Reuters BIP Coding Group" date="1996-09-05"></editdetail></code></codes>
<dc element="dc.publisher" value="Reuters Holdings Plc"></dc>
<dc element="dc.datepublished" value="1996-09-05"></dc>
<dc element="dc.source" value="Reuters - Notícias em Português"></dc>
<dc element="dc.creator.location" value=""></dc>
<dc element="dc.creator.location.country.name" value=""></dc></metadata></newsitem>