<?xml version="1.0" encoding="UTF-8"?>

<newsitem date="1996-08-22" id="root" itemid="48309" xml:lang="pt">
<title></title>
<headline> BP DEVE CORTAR TAXA CEDÊNCIA ATÉ 25 BP. </headline>
<byline></byline>
<dateline></dateline>
<text>
<p> Por Sérgio Gonçalves LISBOA, 22 Ago (Reuter) - O Banco de Portugal (BP) deverá anunciar amanhã um corte, até um máximo de 25 basis points (BP), na sua taxa de cedência, seguindo o corte de 30 bp da repo alemã esta manhã, disseram analistas e traders. </p>
<p> &quot;O BP já tinha espaço para cortar e agora, com o corte da repo alemã, tem ainda mais. O corte da cedência pode ser de 25 bp&quot;, disse Rui Martins dos Santos, director-adjunto do BPI. </p>
<p> &quot;Acho que o BP vai só cortar a taxa de cedência e podem, à vontade, cortá-la em 20 bp&quot;, disse Isabel Cabral, analista da Fincor. </p>
<p> O Bundesbank cortou hoje a sua repo em 30 bp para três pct, movimento que foi seguido pelo Banco de França que desceu a taxa de intervenção 20 bp para 3,35 pct, exactamente o mesmo corte feito, pelo Banco de Belgica, na sua taxa cal para três pct. </p>
<p> O monetário reagiu ao corte da repo alemã, tendo sido sobretudo os seis meses a baixar, tendo já hoje sido efectuado a 7,18 pct, depois de terem aberto entre os 7,24 e os 7,30 pct. </p>
<p> O overnight está entre 6,85 e 7,05 pct contra entre 7,13 e 7,18 na abertura e o ano está entre 7,15 e 7,25 pct contra de 7,24 e 7,30 na abertura. </p>
<p> Os forward rate agreements baixaram entre sete e 10 bp. </p>
<p> Em 19 de Abril, o BP cortou 40 bp para 6,80 pct a absorção e a de cedência em 10 bp para 7,5 pct, tendo descido a de emergência em 50 bp para os nove pct. </p>
<p> Dos sete analistas e traders contactados, seis apontava como certo que o BP só mexesse na cedência, enquanto um admite que o BP até poderá cortar a taxa de absorção e de emergência. </p>
<p> &quot;Este corte da repo alemã dá espaço para o BP mexer nas taxas todas, mas o banco central tem um spread (70 bp) tão grande entre taxa de cedência e absorção que só deve mexer na repo&quot;, disse Isabel Cabral. </p>
<p> &quot;(Antes do último corte) Tínhamos um spread de 40 bp e passámos para um spread de 70 bp que, na altura, toda a gente acreditou o BP fosse reduzindo depois, coisa que não se verificou&quot;, lembrou Isabel Cabral. </p>
<p> &quot;Eles podem pôr o spread nos 50 bp, cortando 20 bp a repo, o que daria ainda espaço para dar uns pequenos cortes a seguir, se as condições fossem, favoráveis&quot;, referiu. </p>
<p> &quot;Penso que o BP pode baixar a taxa de cedência (regular) entre 0,20 e 0,25 pontos. É possível até que baixe também a taxa de absorção e, por consequência, a de emergência&quot;, disse José Carlos André, chief-dealer do Banco de Comércio e Indústria. </p>
<p> Admitiu no entanto como menos provável estas duas últimas descidas, mas referiu que a taxa de absorção poderá cair para 6,50 pct e a taxa de emergência para 8,50 pct. </p>
<p> &quot;O que é importante é o BP cortar (a cedência) e não tanto a dimensão (do corte) porque o mercado vai trabalhar do lado da absorção, como aliás parece que está a acontecer&quot;, disse Rui Martins dos Santos. </p>
<p> &quot;O primeiro argumento para o corte (taxa de cedência) é que a taxa de câmbio tem estado estável e agora com a subida do dólar, é de esperar que mais estável se mantenha&quot;, adiantou o director do Banco Português de Investimentos (BPI). </p>
<p> &quot;O escudo tem estado bem e manteve-se bastante estável, mesmo com a recente crise do franco francês. A tendência até é para um fortalecimento maior&quot;, disse a analista da Fincor. </p>
<p> O escudo está a ser feito a 102,54/57 por marco contra 102,68/73 na abertura, afirmando os dealers que está equilibrado entre os 102,50 e os 102,70. </p>
<p> &quot;No próprio monetário não se tem sentido grande pressão, ou seja, no início, dos períodos de reservas, os bancos têm estado a pedir liquidez, mas depois essa liquidez retorna ao BP a taxas mais baixas&quot;, afirmou Martins dos Santos. </p>
<p> &quot;Isto significa que ela não está a ser utilizada para qualquer especulação cambial&quot;, explicou. </p>
<p> &quot;A curva de rendimentos também está inclinada negativamente, o que mostra claramente que os operadores estão à espera do corte das taxas de juro do BP&quot;, disse ainda. </p>
<p> &quot;À partida a inflação não se apresenta como um problema, em termos do que estava previsto no início do ano&quot;, referiu Isabel Cabral. </p>
<p> &quot;A nossa previsão é que (a homólogo) retorne à tendência descendente agora já em Agosto&quot;, concluiu Martins dos Santos. </p>
<p> - Lisboa Editorial, 351.1.3113121. </p>
<p> (c) Reuters Limited 1996. </p></text>
<copyright>(c) Reuters Limited 1996</copyright>
<metadata>
<codes class="bip:countries:1.0">
<code code="POTzPQsrWj">
<editdetail action="confirmed" attribution="Reuters BIP Coding Group" date="1996-08-22"></editdetail></code>
<code code="mqsZiaSJoF">
<editdetail action="confirmed" attribution="Reuters BIP Coding Group" date="1996-08-22"></editdetail></code>
<code code="fHCEcxytOQ">
<editdetail action="confirmed" attribution="Reuters BIP Coding Group" date="1996-08-22"></editdetail></code></codes>
<codes class="bip:topics:1.0">
<code code="qQrssnwNZW">
<editdetail action="confirmed" attribution="Reuters BIP Coding Group" date="1996-08-22"></editdetail></code>
<code code="fhqpJOfWBn">
<editdetail action="confirmed" attribution="Reuters BIP Coding Group" date="1996-08-22"></editdetail></code></codes>
<dc element="dc.publisher" value="Reuters Holdings Plc"></dc>
<dc element="dc.datepublished" value="1996-08-22"></dc>
<dc element="dc.source" value="Reuters - Notícias em Português"></dc>
<dc element="dc.creator.location" value=""></dc>
<dc element="dc.creator.location.country.name" value=""></dc></metadata></newsitem>