<?xml version="1.0" encoding="UTF-8"?>

<newsitem date="1996-10-08" id="root" itemid="49582" xml:lang="pt">
<title></title>
<headline> MMI TRANSACCIONA 233,828 MC, FUTUROS FAZEM 14,5 MC. </headline>
<byline></byline>
<dateline></dateline>
<text>
<p> LISBOA, 8 Out (Reuter) - O Mercado Monetário Interbancário (MMI) movimentou hoje 233,828 milhões de contos (MC) com 96 negócios nas operações com data-valor do próprio dia, a um e a dois dias, informou o Banco de Portugal. </p>
<p> O overnight (o/n) movimentou 90,476 MC com operações com data-valor do dia a uma taxa média ponderada (TMP) de 7,0496 pct contra 7,0825 pct na sessão anterior. </p>
<p> No mercado de futuros sobre a Lisbor a três meses fizeram-se 145 contratos no montante de 14,5 MC, contra 6,5 MC na anterior sessão. </p>
<p> - Lisboa Editorial, 351-1-315.00.35. </p>
<p> (c) Reuters Limited 1996. </p></text>
<copyright>(c) Reuters Limited 1996</copyright>
<metadata>
<codes class="bip:countries:1.0">
<code code="yOyETRfxht">
<editdetail action="confirmed" attribution="Reuters BIP Coding Group" date="1996-10-08"></editdetail></code>
<code code="goWSgoIKpA">
<editdetail action="confirmed" attribution="Reuters BIP Coding Group" date="1996-10-08"></editdetail></code>
<code code="gIbrEfXUAn">
<editdetail action="confirmed" attribution="Reuters BIP Coding Group" date="1996-10-08"></editdetail></code></codes>
<codes class="bip:topics:1.0">
<code code="LfoWzEvBQh">
<editdetail action="confirmed" attribution="Reuters BIP Coding Group" date="1996-10-08"></editdetail></code>
<code code="muCKPzdlEK">
<editdetail action="confirmed" attribution="Reuters BIP Coding Group" date="1996-10-08"></editdetail></code>
<code code="QVmtrvOTLw">
<editdetail action="confirmed" attribution="Reuters BIP Coding Group" date="1996-10-08"></editdetail></code></codes>
<dc element="dc.publisher" value="Reuters Holdings Plc"></dc>
<dc element="dc.datepublished" value="1996-10-08"></dc>
<dc element="dc.source" value="Reuters - Notícias em Português"></dc>
<dc element="dc.creator.location" value=""></dc>
<dc element="dc.creator.location.country.name" value=""></dc></metadata></newsitem>