<?xml version="1.0" encoding="UTF-8"?>

<newsitem date="1996-08-26" id="root" itemid="48417" xml:lang="pt">
<title></title>
<headline> ACÇÕES E FUTURO PSI20 SOBEM, MAIOR ANIMAÇÃO AMANHÃ. </headline>
<byline></byline>
<dateline></dateline>
<text>
<p> 1607 TMG - As acções do Contínuo e os Futuros fecharam em alta ligeira e a liquidez a atingir 2,2 milhões de contos com operadores a afirmarem que o feriado em Londres condicionou a negociação, prevendo-se, porém, maior animação na sessão de amanhã. Negociados 200 contratos de Futuros sobre o PSI. *Índice PSI20 sobe 0,22 pct para 4.677,82 pontos *PT sobe 27 escudos para 3.985, com 143.684 acções *PT Nova Iorque sobe 0,125 dólares para 26,3/8 dólares *PI sobe 2 escudos para 1.025. Negociadas 101.551 *Engil sobe 10 escudos para 1.334. Negociadas 91.100 *BCP cai 1 escudo para 1.808. Negociadas 80.567. </p>
<p> - Paula Cordeiro, Lisboa Editorial, 351-1-3150035. *Os utilizadores de Reuter Terminal devem fazer duplo click em: - Acções Contínuo por sectores de actividade - Índices nacionais - Índices Internacionais - Mercado derivados nacional. </p>
<p> (c) Reuters Limited 1996. </p></text>
<copyright>(c) Reuters Limited 1996</copyright>
<metadata>
<codes class="bip:countries:1.0">
<code code="ArLOGlGQcT">
<editdetail action="confirmed" attribution="Reuters BIP Coding Group" date="1996-08-26"></editdetail></code>
<code code="pjdyPGDjBd">
<editdetail action="confirmed" attribution="Reuters BIP Coding Group" date="1996-08-26"></editdetail></code>
<code code="WRPrlnQyUU">
<editdetail action="confirmed" attribution="Reuters BIP Coding Group" date="1996-08-26"></editdetail></code></codes>
<codes class="bip:topics:1.0">
<code code="hviyEJKelW">
<editdetail action="confirmed" attribution="Reuters BIP Coding Group" date="1996-08-26"></editdetail></code>
<code code="JqMlzquqLO">
<editdetail action="confirmed" attribution="Reuters BIP Coding Group" date="1996-08-26"></editdetail></code>
<code code="qSsEDuwXAD">
<editdetail action="confirmed" attribution="Reuters BIP Coding Group" date="1996-08-26"></editdetail></code></codes>
<dc element="dc.publisher" value="Reuters Holdings Plc"></dc>
<dc element="dc.datepublished" value="1996-08-26"></dc>
<dc element="dc.source" value="Reuters - Notícias em Português"></dc>
<dc element="dc.creator.location" value=""></dc>
<dc element="dc.creator.location.country.name" value=""></dc></metadata></newsitem>