<?xml version="1.0" encoding="UTF-8"?>

<newsitem date="1996-10-30" id="root" itemid="50180" xml:lang="pt">
<title></title>
<headline> COTAÇÕES INDICATIVAS DO BANCO PORTUGAL - (PTEFIX=). </headline>
<byline></byline>
<dateline></dateline>
<text>
<p>     LISBOA, 30 Out (Reuter) - Cotações oficiais indicativas do </p>
<p> Banco de Portugal (BP). Entre parêntesis sessão anterior. </p>
<p> USD 152,915..........(152,772)   NLG 90,185..........(90,202) </p>
<p> DEM 101,168..........(101,187)   BEF 4,9106..........(4,9117) </p>
<p> FRF 29,910............(29,934)   CHF 121,816........(121,985) </p>
<p> GBP 248,528..........(245,702)   JPY 1,3378..........(1,3422) </p>
<p> ESP 1,1997............(1,2002)   SEK 23,305..........(23,280) </p>
<p> XEU 193,817..........(193,813)   NOK 23,914..........(23,889) </p>
<p> ITL 0,10059..........(0,10060)   DKK 26,327..........(26,335) </p>
<p> IEP 250,391..........(247,908)   FIM 33,779..........(33,735) </p>
<p> ATS 14,378............(14,381)   Índice 96,30.........(96,40). </p>
<p> (c) Reuters Limited 1996. </p></text>
<copyright>(c) Reuters Limited 1996</copyright>
<metadata>
<codes class="bip:countries:1.0">
<code code="xWQLBncRAJ">
<editdetail action="confirmed" attribution="Reuters BIP Coding Group" date="1996-10-30"></editdetail></code>
<code code="kXUjjvNijD">
<editdetail action="confirmed" attribution="Reuters BIP Coding Group" date="1996-10-30"></editdetail></code>
<code code="AXowmANpOR">
<editdetail action="confirmed" attribution="Reuters BIP Coding Group" date="1996-10-30"></editdetail></code></codes>
<codes class="bip:topics:1.0">
<code code="OCTbnGAohj">
<editdetail action="confirmed" attribution="Reuters BIP Coding Group" date="1996-10-30"></editdetail></code>
<code code="pgfIPoKRDF">
<editdetail action="confirmed" attribution="Reuters BIP Coding Group" date="1996-10-30"></editdetail></code>
<code code="HtRXSOOvwM">
<editdetail action="confirmed" attribution="Reuters BIP Coding Group" date="1996-10-30"></editdetail></code></codes>
<dc element="dc.publisher" value="Reuters Holdings Plc"></dc>
<dc element="dc.datepublished" value="1996-10-30"></dc>
<dc element="dc.source" value="Reuters - Notícias em Português"></dc>
<dc element="dc.creator.location" value=""></dc>
<dc element="dc.creator.location.country.name" value=""></dc></metadata></newsitem>