<?xml version="1.0" encoding="UTF-8"?>

<newsitem date="1996-10-02" id="root" itemid="49436" xml:lang="pt">
<title></title>
<headline> ACÇÕES FECHAM SUBIR COM EXPECTATIVA MOVIMENTO BP. </headline>
<byline></byline>
<dateline></dateline>
<text>
<p> As acções do Contínuo fecharam com a maioria dos papéis mais transaccionados a subir, numa sessão líquida e concentrada, sobretudo, na Engil, na Reditus, Lisnave e BCP. Dealers dizem que o mercado deverá continuar animado, a seguir o sentimento favorável do exterior, e também na expectativa se o Banco de Portugal e o de Espanha procedem, amanhã, a cortes nas suas repos. *Índice PSI-20 cai 0,03 pct para 4.754,67 pontos *Engil sobe 40 escudos para 1.500, com 328.100 acções *Reditus sobe 134 escudos para 393 com 187.722 acções *Lisnave sobe 13 escudos para 426, com 176.935 acções *BCP sobe 5 escudos para 1.875, com 175.768 acções *Contínuo transacciona 1.798.977 acções, 2,836 MC *Futuro PSI-20 Out/96 sobe três pontos para 4.796 *BP anuncia amanhã condições cedência próximo período. </p>
<p> - Lisboa Editorial, 351-1-3150035. (c) Reuters Limited 1996. </p></text>
<copyright>(c) Reuters Limited 1996</copyright>
<metadata>
<codes class="bip:countries:1.0">
<code code="WAwkBOJJEq">
<editdetail action="confirmed" attribution="Reuters BIP Coding Group" date="1996-10-02"></editdetail></code>
<code code="jynZbfFGEE">
<editdetail action="confirmed" attribution="Reuters BIP Coding Group" date="1996-10-02"></editdetail></code>
<code code="VWgmvTEVeJ">
<editdetail action="confirmed" attribution="Reuters BIP Coding Group" date="1996-10-02"></editdetail></code></codes>
<codes class="bip:topics:1.0">
<code code="khTrWhSWJB">
<editdetail action="confirmed" attribution="Reuters BIP Coding Group" date="1996-10-02"></editdetail></code>
<code code="AZdpijyaPB">
<editdetail action="confirmed" attribution="Reuters BIP Coding Group" date="1996-10-02"></editdetail></code></codes>
<dc element="dc.publisher" value="Reuters Holdings Plc"></dc>
<dc element="dc.datepublished" value="1996-10-02"></dc>
<dc element="dc.source" value="Reuters - Notícias em Português"></dc>
<dc element="dc.creator.location" value=""></dc>
<dc element="dc.creator.location.country.name" value=""></dc></metadata></newsitem>