<?xml version="1.0" encoding="UTF-8"?>

<newsitem date="1996-09-10" id="root" itemid="48788" xml:lang="pt">
<title></title>
<headline> ESCUDO FORTE MEIA SESSÃO ILUMINADO PELO DÓLAR. </headline>
<byline></byline>
<dateline></dateline>
<text>
<p> O escudo manteve-se forte contra o marco ao longo da manhã, mas sem conseguir quebrar o suporte de 102,30. Dealers dizem que, apesar do fortalecimento do dólar contra o marco, as moedas do sul da Europa mostraram-se mais prudentes, sentimento que se deverá manter para o resto da sessão. </p>
<p> *Escudo 102,33/34 por marco contra 102,32/36 na abertura </p>
<p> *Escudo oscilou entre 102,30 e 102,35 por marco </p>
<p> *Peseta 84,31/33 por marco contra 84,30/32 na abertura </p>
<p> *Dólar 1,5025/30 marcos vs 1,4983/90 na abertura Europa </p>
<p> *Tesouro coloca 17,9 MC OT/Mar/96/99, TMP 7,5291% (7,6294%) </p>
<p>     ----Lisboa Editorial, 351.1.3113121. </p>
<p> (c) Reuters Limited 1996. </p></text>
<copyright>(c) Reuters Limited 1996</copyright>
<metadata>
<codes class="bip:countries:1.0">
<code code="WqaDQoGgFF">
<editdetail action="confirmed" attribution="Reuters BIP Coding Group" date="1996-09-10"></editdetail></code>
<code code="EiGWCiJPiG">
<editdetail action="confirmed" attribution="Reuters BIP Coding Group" date="1996-09-10"></editdetail></code>
<code code="oInNpnMWQC">
<editdetail action="confirmed" attribution="Reuters BIP Coding Group" date="1996-09-10"></editdetail></code></codes>
<codes class="bip:topics:1.0">
<code code="znIqxryfOE">
<editdetail action="confirmed" attribution="Reuters BIP Coding Group" date="1996-09-10"></editdetail></code>
<code code="OVgcrSSQHd">
<editdetail action="confirmed" attribution="Reuters BIP Coding Group" date="1996-09-10"></editdetail></code>
<code code="HPIvUDaJrJ">
<editdetail action="confirmed" attribution="Reuters BIP Coding Group" date="1996-09-10"></editdetail></code></codes>
<dc element="dc.publisher" value="Reuters Holdings Plc"></dc>
<dc element="dc.datepublished" value="1996-09-10"></dc>
<dc element="dc.source" value="Reuters - Notícias em Português"></dc>
<dc element="dc.creator.location" value=""></dc>
<dc element="dc.creator.location.country.name" value=""></dc></metadata></newsitem>