<?xml version="1.0" encoding="UTF-8"?>

<newsitem date="1996-10-18" id="root" itemid="49903" xml:lang="pt">
<title></title>
<headline> ESCUDO FECHA FORTE VS MARCO, INDIFERENTE CORTE BP. </headline>
<byline></byline>
<dateline></dateline>
<text>
<p> O escudo fechou forte contra o marco, conseguindo mesmo resistir ao corte da taxa de cedência do Banco de Portugal (BP). Dealers dizem que há um forte sentimento favorável ao escudo, pelo que a moeda portuguesa continua com espaço para se apreciar, ainda por cima com o dólar e as restantes moedas do sul da Europa a ajudar. </p>
<p> *Escudo 100,68/71 por marco contra 100,77/79 na abertura </p>
<p> *Escudo oscilou entre 100,65 e 100,80 por marco </p>
<p> *Peseta 84,09/10 por marco contra 84,18/20 na abertura </p>
<p> *Dólar 1,5418/21 marcos vs 1,5421/26 na abertura Europa </p>
<p> *BP corta taxa cedência 0,1 pontos para 7%, partir 18 Out. </p>
<p>     ----Lisboa Editorial, 351.1.3113121. </p>
<p> (c) Reuters Limited 1996. </p></text>
<copyright>(c) Reuters Limited 1996</copyright>
<metadata>
<codes class="bip:countries:1.0">
<code code="zoCYkQexhD">
<editdetail action="confirmed" attribution="Reuters BIP Coding Group" date="1996-10-18"></editdetail></code>
<code code="TttGLoOiJl">
<editdetail action="confirmed" attribution="Reuters BIP Coding Group" date="1996-10-18"></editdetail></code>
<code code="zvOMHsOXza">
<editdetail action="confirmed" attribution="Reuters BIP Coding Group" date="1996-10-18"></editdetail></code></codes>
<codes class="bip:topics:1.0">
<code code="aBrwXBAAXO">
<editdetail action="confirmed" attribution="Reuters BIP Coding Group" date="1996-10-18"></editdetail></code>
<code code="lupvEOEbBP">
<editdetail action="confirmed" attribution="Reuters BIP Coding Group" date="1996-10-18"></editdetail></code>
<code code="JeWIaxUHnc">
<editdetail action="confirmed" attribution="Reuters BIP Coding Group" date="1996-10-18"></editdetail></code></codes>
<dc element="dc.publisher" value="Reuters Holdings Plc"></dc>
<dc element="dc.datepublished" value="1996-10-18"></dc>
<dc element="dc.source" value="Reuters - Notícias em Português"></dc>
<dc element="dc.creator.location" value=""></dc>
<dc element="dc.creator.location.country.name" value=""></dc></metadata></newsitem>