<?xml version="1.0" encoding="UTF-8"?>

<newsitem date="1996-08-26" id="root" itemid="48409" xml:lang="pt">
<title></title>
<headline> COTAÇÕES INDICATIVAS DO BANCO PORTUGAL. </headline>
<byline></byline>
<dateline></dateline>
<text>
<p> LISBOA, 23 Ago (Reuter) - Cotações oficiais indicativas do Banco de Portugal (BP). Entre parêntesis sessão anterior. USD 151,631..........(152,666) NLG 91,527..........(91,436) DEM 102,592..........(102,495) BEF 4,9816..........(4,9769) FRF 30,021............(30,048) CHF 127,238........(126,490) GBP 235,859..........(237,153) JPY 1,4052..........(1,4079) ESP 1,2134............(1,2135) SEK 23,031..........(23,118) XEU 192,996..........(193,132) NOK 23,702..........(23,701) ITL 0,10036..........(0,10056) DKK 26,552..........(26,529) IEP 245,236..........(246,305) FIM 33,803..........(33,782) ATS 14,581............(14,568) Índice 96,31.........(96,23). </p>
<p> (c) Reuters Limited 1996. </p></text>
<copyright>(c) Reuters Limited 1996</copyright>
<metadata>
<codes class="bip:countries:1.0">
<code code="YhczObNyGe">
<editdetail action="confirmed" attribution="Reuters BIP Coding Group" date="1996-08-26"></editdetail></code>
<code code="qONTJVEABl">
<editdetail action="confirmed" attribution="Reuters BIP Coding Group" date="1996-08-26"></editdetail></code>
<code code="AgMpiqHVQO">
<editdetail action="confirmed" attribution="Reuters BIP Coding Group" date="1996-08-26"></editdetail></code></codes>
<codes class="bip:topics:1.0">
<code code="UemCUxQKmH">
<editdetail action="confirmed" attribution="Reuters BIP Coding Group" date="1996-08-26"></editdetail></code>
<code code="BbqpxjrbMR">
<editdetail action="confirmed" attribution="Reuters BIP Coding Group" date="1996-08-26"></editdetail></code>
<code code="OJtjvGZemL">
<editdetail action="confirmed" attribution="Reuters BIP Coding Group" date="1996-08-26"></editdetail></code></codes>
<dc element="dc.publisher" value="Reuters Holdings Plc"></dc>
<dc element="dc.datepublished" value="1996-08-26"></dc>
<dc element="dc.source" value="Reuters - Notícias em Português"></dc>
<dc element="dc.creator.location" value=""></dc>
<dc element="dc.creator.location.country.name" value=""></dc></metadata></newsitem>