<?xml version="1.0" encoding="UTF-8"?>

<newsitem date="1996-10-22" id="root" itemid="49945" xml:lang="pt">
<title></title>
<headline> ESCUDO ABRE ESTÁVEL APESAR FORTALECIMENTO MARCO. </headline>
<byline></byline>
<dateline></dateline>
<text>
<p> O escudo abriu na casa dos 100,75/80 por marco, a registar uma descida quase imperceptível face à perda de cerca de meia figura do dólar e ao fortalecimento do marco, designadamente contra o franco francês. Dealers prevêem que o escudo não se afaste do range de 100,70 a 100,80 por marco. </p>
<p> *Escudo 100,75/78 por marco contra 100,74/77 no fecho ontem </p>
<p> *Peseta 84,16/18 por marco contra 84,12/13 ontem à tarde </p>
<p> *Dólar 1,5319/24 marcos vs 1,5356/61 no fecho Europa </p>
<p> *Banco Suécia baixa repo 10 bp para 4,85 pct </p>
<p> *Tesouro leiloa 20 MC OT/Mar/96/01, sem contar tranche OEVT </p>
<p> *Banco Portugal cede até 60 MC em leilão, antes 7,00 pct </p>
<p>     ----Fernanda Pargana, Lisboa Editorial, 351.1.3113126 </p>
<p> (c) Reuters Limited 1996. </p></text>
<copyright>(c) Reuters Limited 1996</copyright>
<metadata>
<codes class="bip:countries:1.0">
<code code="SzRRGWxMYj">
<editdetail action="confirmed" attribution="Reuters BIP Coding Group" date="1996-10-22"></editdetail></code>
<code code="lCZVqIINRj">
<editdetail action="confirmed" attribution="Reuters BIP Coding Group" date="1996-10-22"></editdetail></code>
<code code="kbSecJQpHD">
<editdetail action="confirmed" attribution="Reuters BIP Coding Group" date="1996-10-22"></editdetail></code></codes>
<codes class="bip:topics:1.0">
<code code="UxoFzuJjPS">
<editdetail action="confirmed" attribution="Reuters BIP Coding Group" date="1996-10-22"></editdetail></code>
<code code="LwCBIEasLN">
<editdetail action="confirmed" attribution="Reuters BIP Coding Group" date="1996-10-22"></editdetail></code>
<code code="gOiscXLrRJ">
<editdetail action="confirmed" attribution="Reuters BIP Coding Group" date="1996-10-22"></editdetail></code></codes>
<dc element="dc.publisher" value="Reuters Holdings Plc"></dc>
<dc element="dc.datepublished" value="1996-10-22"></dc>
<dc element="dc.source" value="Reuters - Notícias em Português"></dc>
<dc element="dc.creator.location" value=""></dc>
<dc element="dc.creator.location.country.name" value=""></dc></metadata></newsitem>