<?xml version="1.0" encoding="UTF-8"?>

<newsitem date="1996-09-24" id="root" itemid="49178" xml:lang="pt">
<title></title>
<headline> APEC ORGANIZA COLÓQUIO SOBRE REFORMA FISCAL 3 OUT. </headline>
<byline></byline>
<dateline></dateline>
<text>
<p> LISBOA, 24 Set (Reuter) - &apos;Um projecto de reforma fiscal&apos; é o tema de uma conferência, promovida pela Associação Portuguesa de Economistas (APEC), em colaboração com o Instituto Superior de Economia e Gestão (ISEG), que se realiza no dia 3 de Outubro, nesta instituição, anunciou a APEC. </p>
<p> Participam na sessão José Silva Lopes, que coordenou o projecto de reforma fiscal, Eduardo Catroga, ex-ministro das Finanças, e Carlos Santos, secretário de Estado dos Assuntos Fiscais. </p>
<p> Como comentadores participarão Medina Carreira, António Lobo Xavier e Rogério Ferreira. </p>
<p> - Lisboa Editorial, 351.1.3113121. </p>
<p> (c) Reuters Limited 1996. </p></text>
<copyright>(c) Reuters Limited 1996</copyright>
<metadata>
<codes class="bip:countries:1.0">
<code code="FwsCPdZbjo">
<editdetail action="confirmed" attribution="Reuters BIP Coding Group" date="1996-09-24"></editdetail></code>
<code code="TWIHCqVWMy">
<editdetail action="confirmed" attribution="Reuters BIP Coding Group" date="1996-09-24"></editdetail></code>
<code code="aZwQACbbMk">
<editdetail action="confirmed" attribution="Reuters BIP Coding Group" date="1996-09-24"></editdetail></code></codes>
<codes class="bip:topics:1.0">
<code code="BQFRYMHqih">
<editdetail action="confirmed" attribution="Reuters BIP Coding Group" date="1996-09-24"></editdetail></code>
<code code="iWlSqLojyK">
<editdetail action="confirmed" attribution="Reuters BIP Coding Group" date="1996-09-24"></editdetail></code>
<code code="rUbVLcCRRh">
<editdetail action="confirmed" attribution="Reuters BIP Coding Group" date="1996-09-24"></editdetail></code></codes>
<dc element="dc.publisher" value="Reuters Holdings Plc"></dc>
<dc element="dc.datepublished" value="1996-09-24"></dc>
<dc element="dc.source" value="Reuters - Notícias em Português"></dc>
<dc element="dc.creator.location" value=""></dc>
<dc element="dc.creator.location.country.name" value=""></dc></metadata></newsitem>