<?xml version="1.0" encoding="UTF-8"?>

<newsitem date="1996-09-03" id="root" itemid="48615" xml:lang="pt">
<title></title>
<headline> ESCUDO FORTALECE MANHÃ VS MARCO EM SESSÃO CALMA. </headline>
<byline></byline>
<dateline></dateline>
<text>
<p> 1040 TMG - O escudo manteve-se com leve tendência de alta contra o marco ao longo da manhã, mas com o mercado a revelar falta de intervenientes. &quot;Com o dólar a recuar agora para o final da manhã é de admitir que o escudo possa também perder algum do terreno entretanto ganho&quot;, disse um operador. </p>
<p> *Escudo 102,36/39 por marco contra 102,41/44 na abertura </p>
<p> *Escudo oscilou entre 102,36 e 102,39 por marco </p>
<p> *Peseta 84,43/45 por marco contra 84,41/44 na abertura </p>
<p> *Dólar 1,4858/65 marcos vs 1,4891/96 abertura Europa </p>
<p> *Tesouro coloca 11 MC OT/Fev//06 TMP 8,729 pct (8,6510). </p>
<p>     ----José Barata, Lisboa Editorial, 351.1.3113121. </p>
<p> (c) Reuters Limited 1996. </p></text>
<copyright>(c) Reuters Limited 1996</copyright>
<metadata>
<codes class="bip:countries:1.0">
<code code="eOiHDqkQpi">
<editdetail action="confirmed" attribution="Reuters BIP Coding Group" date="1996-09-03"></editdetail></code>
<code code="DEZlaHXtKN">
<editdetail action="confirmed" attribution="Reuters BIP Coding Group" date="1996-09-03"></editdetail></code>
<code code="KpenmVOmVT">
<editdetail action="confirmed" attribution="Reuters BIP Coding Group" date="1996-09-03"></editdetail></code></codes>
<codes class="bip:topics:1.0">
<code code="rScrnkbnvs">
<editdetail action="confirmed" attribution="Reuters BIP Coding Group" date="1996-09-03"></editdetail></code>
<code code="DXsMYbXtgo">
<editdetail action="confirmed" attribution="Reuters BIP Coding Group" date="1996-09-03"></editdetail></code>
<code code="RXRIdQkpdQ">
<editdetail action="confirmed" attribution="Reuters BIP Coding Group" date="1996-09-03"></editdetail></code></codes>
<dc element="dc.publisher" value="Reuters Holdings Plc"></dc>
<dc element="dc.datepublished" value="1996-09-03"></dc>
<dc element="dc.source" value="Reuters - Notícias em Português"></dc>
<dc element="dc.creator.location" value=""></dc>
<dc element="dc.creator.location.country.name" value=""></dc></metadata></newsitem>