<?xml version="1.0" encoding="UTF-8"?>

<newsitem date="1996-09-13" id="root" itemid="48887" xml:lang="pt">
<title></title>
<headline> ESCUDO ABRE ESTÁVEL VS MARCO E ATENTO AO DÓLAR. </headline>
<byline></byline>
<dateline></dateline>
<text>
<p> LISBOA, 13 Set (Reuter) - O escudo abriu estabilizado contra o marco, numa sessão que se prevê calma, embora com as atençôes concentradas no dólar e na sua reacção após a saída dos números da inflação de Agosto nos Estados Unidos. </p>
<p> O escudo abriu 102,37/40 por marco contra 102,38/41 no fecho de ontem. Às 0835 TMG, o escudo cotava 102,36/39 por marco. </p>
<p> &quot;O mercado está muito parado, com o marco-escudo estável entre os 102,35 e 102,40&quot;, disse um dealer que não quis ser identificado. </p>
<p> &quot;Com o dólar firme é de admitir que as moedas europeias, como o escudo, possam ganhar algum terreno ao marco&quot;, disse outro. </p>
<p> (c) Reuters Limited 1996. &quot;Os mercados estão muito dependentes dos números que vierem a sair dos Estados Unidos, porque darão um indício em relação a uma eventual subida das taxas americanas&quot;, disse outro dealer. </p>
<p> O Federal Open Market Committée da Reserva Federal dos Estados Unidos reúne-se no dia 24 de Setembro, admitindo analistas que, então, possa ser decidida uma subida das taxas de curto prazo americanas. </p>
<p> Às 0850 TMG, o dólar cotava 1,5152/62 marcos. </p>
<p> (c) Reuters Limited 1996.     ----José Barata, Lisboa Editorial, 351.1.3113121. </p>
<p> (c) Reuters Limited 1996. </p></text>
<copyright>(c) Reuters Limited 1996</copyright>
<metadata>
<codes class="bip:countries:1.0">
<code code="VPgzgCKouq">
<editdetail action="confirmed" attribution="Reuters BIP Coding Group" date="1996-09-13"></editdetail></code>
<code code="zXndPRecsM">
<editdetail action="confirmed" attribution="Reuters BIP Coding Group" date="1996-09-13"></editdetail></code>
<code code="URdZGJbSDC">
<editdetail action="confirmed" attribution="Reuters BIP Coding Group" date="1996-09-13"></editdetail></code></codes>
<codes class="bip:topics:1.0">
<code code="podKqVYrCF">
<editdetail action="confirmed" attribution="Reuters BIP Coding Group" date="1996-09-13"></editdetail></code>
<code code="dUCJfvrkoP">
<editdetail action="confirmed" attribution="Reuters BIP Coding Group" date="1996-09-13"></editdetail></code>
<code code="cTtDqdQnLj">
<editdetail action="confirmed" attribution="Reuters BIP Coding Group" date="1996-09-13"></editdetail></code></codes>
<dc element="dc.publisher" value="Reuters Holdings Plc"></dc>
<dc element="dc.datepublished" value="1996-09-13"></dc>
<dc element="dc.source" value="Reuters - Notícias em Português"></dc>
<dc element="dc.creator.location" value=""></dc>
<dc element="dc.creator.location.country.name" value=""></dc></metadata></newsitem>