<?xml version="1.0" encoding="UTF-8"?>

<newsitem date="1996-09-10" id="root" itemid="48785" xml:lang="pt">
<title></title>
<headline> BP DIZ CEDÊNCIA 2 DIAS SEM PROCURA. </headline>
<byline></byline>
<dateline></dateline>
<text>
<p> LISBOA, 10 Set (Reuter) - O Banco de Portugal (BP) disse que não houve procura para a cedência de fundos contra a recompra de bilhetes do Tesouro, Títulos de Depósito e obrigações do Tesouro taxa fixa (BT/TD/OT) a dois dias em regime de leilão de taxa. </p>
<p> Na última cedência, a taxa média de colocação de fundos foi de 7,25 pct. </p>
<p> O BP propôs a absorção de fundos contra a venda de Títulos de Regularização Monetária (TRM) a dois dias à taxa fixa de 6,8 pct, com entrega de propostas até às 1500 horas locais. </p>
<p> - Lisboa Editorial, 351.1.315-00-35. </p>
<p> (c) Reuters Limited 1996. </p></text>
<copyright>(c) Reuters Limited 1996</copyright>
<metadata>
<codes class="bip:countries:1.0">
<code code="mbBFIPumoN">
<editdetail action="confirmed" attribution="Reuters BIP Coding Group" date="1996-09-10"></editdetail></code>
<code code="IbLAZHQFIh">
<editdetail action="confirmed" attribution="Reuters BIP Coding Group" date="1996-09-10"></editdetail></code>
<code code="xRqMefgFqz">
<editdetail action="confirmed" attribution="Reuters BIP Coding Group" date="1996-09-10"></editdetail></code></codes>
<codes class="bip:topics:1.0">
<code code="jyrkICgRCj">
<editdetail action="confirmed" attribution="Reuters BIP Coding Group" date="1996-09-10"></editdetail></code>
<code code="DsnSMbtSIU">
<editdetail action="confirmed" attribution="Reuters BIP Coding Group" date="1996-09-10"></editdetail></code>
<code code="kWjXIgiwRE">
<editdetail action="confirmed" attribution="Reuters BIP Coding Group" date="1996-09-10"></editdetail></code></codes>
<dc element="dc.publisher" value="Reuters Holdings Plc"></dc>
<dc element="dc.datepublished" value="1996-09-10"></dc>
<dc element="dc.source" value="Reuters - Notícias em Português"></dc>
<dc element="dc.creator.location" value=""></dc>
<dc element="dc.creator.location.country.name" value=""></dc></metadata></newsitem>