<?xml version="1.0" encoding="UTF-8"?>

<newsitem date="1996-10-16" id="root" itemid="49823" xml:lang="pt">
<title></title>
<headline> COTAÇÕES INDICATIVAS DO BANCO PORTUGAL - (PTEFIX=). </headline>
<byline></byline>
<dateline></dateline>
<text>
<p>     LISBOA, 16 Out (Reuter) - Cotações oficiais indicativas do </p>
<p> Banco de Portugal (BP). Entre parêntesis sessão anterior. </p>
<p> USD 155,334..........(155,423)   NLG 89,858..........(90,085) </p>
<p> DEM 100,827..........(101,078)   BEF 4,8938..........(4,9060) </p>
<p> FRF 29,799............(29,870)   CHF 122,422........(122,847) </p>
<p> GBP 246,220..........(246,004)   JPY 1,3841..........(1,3846) </p>
<p> ESP 1,1990............(1,2021)   SEK 23,459..........(23,485) </p>
<p> XEU 193,577..........(193,969)   NOK 23,776..........(23,828) </p>
<p> ITL 0,10131..........(0,10170)   DKK 26,315..........(26,369) </p>
<p> IEP 249,395..........(250,118)   FIM 33,772..........(33,856) </p>
<p> ATS 14,331............(14,367)   Índice 96,56.........(96,35). </p>
<p> (c) Reuters Limited 1996. </p></text>
<copyright>(c) Reuters Limited 1996</copyright>
<metadata>
<codes class="bip:countries:1.0">
<code code="rZWstatDjW">
<editdetail action="confirmed" attribution="Reuters BIP Coding Group" date="1996-10-16"></editdetail></code>
<code code="hrEgkgZZQA">
<editdetail action="confirmed" attribution="Reuters BIP Coding Group" date="1996-10-16"></editdetail></code>
<code code="cSdStwpaTm">
<editdetail action="confirmed" attribution="Reuters BIP Coding Group" date="1996-10-16"></editdetail></code></codes>
<codes class="bip:topics:1.0">
<code code="CXlarrOpPe">
<editdetail action="confirmed" attribution="Reuters BIP Coding Group" date="1996-10-16"></editdetail></code>
<code code="qJbuhDtdHx">
<editdetail action="confirmed" attribution="Reuters BIP Coding Group" date="1996-10-16"></editdetail></code>
<code code="PahBpZrQyA">
<editdetail action="confirmed" attribution="Reuters BIP Coding Group" date="1996-10-16"></editdetail></code></codes>
<dc element="dc.publisher" value="Reuters Holdings Plc"></dc>
<dc element="dc.datepublished" value="1996-10-16"></dc>
<dc element="dc.source" value="Reuters - Notícias em Português"></dc>
<dc element="dc.creator.location" value=""></dc>
<dc element="dc.creator.location.country.name" value=""></dc></metadata></newsitem>