<?xml version="1.0" encoding="UTF-8"?>

<newsitem date="1996-09-03" id="root" itemid="48619" xml:lang="pt">
<title></title>
<headline> QUEDA NOVA IORQUE AFECTA ACÇÕES E FUTUROS PSI. </headline>
<byline></byline>
<dateline></dateline>
<text>
<p> LISBOA, 3 Set (Reuter) - As acções do Contínuo aumentaram as perdas, na meia sessão, com a liquidez no cash a somar 2,6 milhões de contos e operadores afirmaram que a evolução do mercado está dependente de Nova Iorque, existindo, ainda, alguma expectativa para o impacto do NAPM dos EUA no Dow Jones. </p>
<p> &quot;O mercado ficou mais negativo com a abertura de Nova Iorque. Apareceram bastante vendas e se alguns títulos estão sustentados é por razões internas, como é o caso do BFE &quot;, disse um operador. </p>
<p> &quot;O mesmo (sustentação) não aconteceu com a Portugal Telecom (PT), bastante exposta aos estrangeiros, que recuou&quot;, disse. </p>
<p> O Dow Jones recuperou ligeiramente, após a divulgação do NAPM, que saiu nos 52,6 contra a previsão de 52,9. Antes o Dow Jones estava a perder quase um pct e, neste momento, está a cair 0,59 pct. </p>
<p> Porém, analistas internacionais continuam a salientar o receio de vir a verificar-se um aumento das taxas de curto prazo americanas, acrescentando que existe alguma atenção para os dados do desemprego americano na sexta-feira. </p>
<p> Também, em Nova Iorque, a cotação da PT recuperou, estabilizando no valor de sexta-feira, ou seja 26,5/8 dólares (4.043 escudos). </p>
<p> Um &apos;market-maker&apos; do PSI20 disse que não prevê que os contratos de Futuros registem muito mais liquidez na sessão de hoje. Negociaram-se, no total, 259 contratos. </p>
<p> &quot;O mercado reagiu à abertura de Nova Iorque. O Dow Jones estava bastante pessimista e a descontar um valor menos bom para o NAPM, mas como este saiu muito perto das previsões, assistiu-se a uma ajuste (recuperação) meramente especulativo&quot;, adiantou. </p>
<p> &quot;Não é fácil prever uma dinamização do mercado de Futuros (nacional) a curto prazo&quot;, disse. </p>
<p> As acções da Portucel Industrial (PI) estão a perder um escudo para 1.028 com 104.720 papéis negociados. </p>
<p> A Portucel admitiu ontem à Reuters uma subida do preço da pasta hardwood, em Outubro, em cerca de 40 ecus por tonelada para 460 ecus/ton, em sintonia com outras duas importantes produtoras nórdicas de pasta softwood. </p>
<p> De salientar, por outro lado, a força da Semapa-SGPS, que subiu para o máximo do ano nos 2.165 escudos, com analistas a afirmarem que se esper muito bons resultados para o semestre e que a animação da Cimpor também tem dado uma ajuda. Mudaram de mãos 84.200 acções da Semapa a subirem 3 escudos para 2.165. A Sonae está a cair 39 para 4.350 escudos. - Paula Cordeiro, Lisboa Editorial, 351-1-3150035. </p>
<p> (c) Reuters Limited 1996. </p></text>
<copyright>(c) Reuters Limited 1996</copyright>
<metadata>
<codes class="bip:countries:1.0">
<code code="uUovTLytln">
<editdetail action="confirmed" attribution="Reuters BIP Coding Group" date="1996-09-03"></editdetail></code>
<code code="CVnAMoSpGo">
<editdetail action="confirmed" attribution="Reuters BIP Coding Group" date="1996-09-03"></editdetail></code>
<code code="nMTJynbRjE">
<editdetail action="confirmed" attribution="Reuters BIP Coding Group" date="1996-09-03"></editdetail></code></codes>
<codes class="bip:topics:1.0">
<code code="DpIotgEtYV">
<editdetail action="confirmed" attribution="Reuters BIP Coding Group" date="1996-09-03"></editdetail></code>
<code code="LDjisSNTqw">
<editdetail action="confirmed" attribution="Reuters BIP Coding Group" date="1996-09-03"></editdetail></code></codes>
<dc element="dc.publisher" value="Reuters Holdings Plc"></dc>
<dc element="dc.datepublished" value="1996-09-03"></dc>
<dc element="dc.source" value="Reuters - Notícias em Português"></dc>
<dc element="dc.creator.location" value=""></dc>
<dc element="dc.creator.location.country.name" value=""></dc></metadata></newsitem>