<?xml version="1.0" encoding="UTF-8"?>

<newsitem date="1996-10-15" id="root" itemid="49779" xml:lang="pt">
<title></title>
<headline> DÉFICE SPA EM 1996 DE 4,0 PCT DO PIB - OE 97. </headline>
<byline></byline>
<dateline></dateline>
<text>
<p> LISBOA 15 Out (Reuter) - O défice orçamental do Sector Público Administrativo (SPA) deverá fixar-se, em 1996, nos 659,5 milhões de contos (MC) ou seja 4,0 pct do Produto Interno Bruto (PIB), segundo a proposta de Orçamento de Estado (OE) para 1997. </p>
<p> &quot;Prevê-se que a execução orçamental do SPA em 1996 se traduza num défice orçamental global, na óptica da contabilidade pública, de 659,5 MC (4,0 pct do PIB), o que compara com o défice global de 4,3 pct do PIB implícito no OE para 1996&quot;, refere esta proposta apresentado na Assembleia da República. </p>
<p> Em termos de contas nacionais, prevê-se que o défice global atinja o montante de 657,2 MC ou 4 pct do PIB contra os previstos 4,2 pct do PIB. </p>
<p> O défice global previsto para 1996 compara com um défice estimado para 1995 de 4,4 pct do PIB, na óptica das contas públicas, e 4,9 pct do PIB na óptica das contas nacionais, segundo a proposta de OE para 1997. </p>
<p> &quot;De acordo com a estimativa mais recente, a dívida bruta consolidada do SPA ascenderá no final de 1996, a 11.742,9 MC, representando 70,7 pct do PIB&quot;, refere. </p>
<p> &quot;Este resultado não só reflecte uma melhoria em face do valor registado no final de 1995 (71,5 pct) como inverte, pela primeira vez, a tendência observada desde 1992&quot;, adianta. </p>
<p> &quot;Prevê-se que o montante da despesa em 1996 ascenda a 4.849,2 MC (sem incluir contas de ordem, passivos financeiros e FRDP), superior em cerca de 209 MC ao executado em 1995, o que representa um crescimento de 4,5 pct&quot;, refere. </p>
<p> &quot;Relativamente ao valor orçamentado orçamentado as despesas cobertas com receitas gerais diminuiram cerca de 35 MC&quot;, afirma. </p>
<p> &quot;A receita fiscal de Agosto (expurgada das receitas consignadas) foi de 2.389 MC, representando uma taxa de realização de 65,4 pct da receita final prevista&quot;, adianta. </p>
<p> &quot;Assim sendo, tendo em conta um critério financeiro, a taxa de crescimento global das receitas fiscais verificada nos primeiros oito meses do ano foi, em relação a período homólogo do ano transacto, de 9,2 pct, revelando uma taxa de crescimento superior à que resultava das previsões iniciais globais do OE para 1996 (7,8 pct)&quot;, afirma. </p>
<p> &quot;A manter-se, no essencial, esta tendência a receita fiscal, tendo em conta um critério económico, deverá situar-se (em 1996) ligeiramente acima dos 3.690 MC, o que representa uma taxa de crescimento de 8,8 pct&quot;, explica. </p>
<p> &quot;As necessidades líquidas de financiamento de 602,9 MC estimadas para 1996 situam-se abaixo do valor orçamentado em cerca de 76,5 MC, o que ficará a dever-se a um comportamento mais favorável do que o projectado das receitas de privatizações (líquidas de aumentos de capital) e a uma menor despesa em regularização de situações do passado&quot;, refere. </p>
<p> - Lisboa Editorial, 351-1-3150035. </p>
<p> (c) Reuters Limited 1996. </p></text>
<copyright>(c) Reuters Limited 1996</copyright>
<metadata>
<codes class="bip:countries:1.0">
<code code="PMobLQYdyd">
<editdetail action="confirmed" attribution="Reuters BIP Coding Group" date="1996-10-15"></editdetail></code>
<code code="yKFYJPKgDj">
<editdetail action="confirmed" attribution="Reuters BIP Coding Group" date="1996-10-15"></editdetail></code>
<code code="CzIstuVYwd">
<editdetail action="confirmed" attribution="Reuters BIP Coding Group" date="1996-10-15"></editdetail></code></codes>
<codes class="bip:topics:1.0">
<code code="ptRxgEzTCI">
<editdetail action="confirmed" attribution="Reuters BIP Coding Group" date="1996-10-15"></editdetail></code>
<code code="CLryfyUNOd">
<editdetail action="confirmed" attribution="Reuters BIP Coding Group" date="1996-10-15"></editdetail></code>
<code code="KiWECtYSwF">
<editdetail action="confirmed" attribution="Reuters BIP Coding Group" date="1996-10-15"></editdetail></code></codes>
<dc element="dc.publisher" value="Reuters Holdings Plc"></dc>
<dc element="dc.datepublished" value="1996-10-15"></dc>
<dc element="dc.source" value="Reuters - Notícias em Português"></dc>
<dc element="dc.creator.location" value=""></dc>
<dc element="dc.creator.location.country.name" value=""></dc></metadata></newsitem>