<?xml version="1.0" encoding="UTF-8"?>

<newsitem date="1996-09-18" id="root" itemid="49043" xml:lang="pt">
<title></title>
<headline> FUTUROS E CASH ALIVIAM COM CORRECÇÃO ESPANHA. </headline>
<byline></byline>
<dateline></dateline>
<text>
<p> As OT seguiam com os Futuros e o cash a aliviar, após a correcção de Espanha, num mercado que não segue totalmente a queda espanhola, prevendo-se que os 10 anos fechem com um spread entre os cinco e os menos 10 basis points (bp) para os seus homólogos espanhóis, disseram dealers. *Futuro Dez/96 98,40 vs 98,29 no fecho anterior *Futuro Bono Dez/96 103,84 vs 103,84 fecho anterior *OT/Fev/06 107,95 (108,00), yield 8,24% vs 8,23% fecho *Spread OT/Fev/06 e Bonos/Abr/06 -7 bp vs -8 bp fecho *Tesouro coloca 18,5 MC BT a 364 dias, TMP 6,9762% vs 7,0539% </p></text>
<copyright>(c) Reuters Limited 1996</copyright>
<metadata>
<codes class="bip:countries:1.0">
<code code="PFmDbkIIBN">
<editdetail action="confirmed" attribution="Reuters BIP Coding Group" date="1996-09-18"></editdetail></code>
<code code="NXnrcInfQX">
<editdetail action="confirmed" attribution="Reuters BIP Coding Group" date="1996-09-18"></editdetail></code>
<code code="uYRvvINsEW">
<editdetail action="confirmed" attribution="Reuters BIP Coding Group" date="1996-09-18"></editdetail></code></codes>
<codes class="bip:topics:1.0">
<code code="vfpYNoPULO">
<editdetail action="confirmed" attribution="Reuters BIP Coding Group" date="1996-09-18"></editdetail></code>
<code code="ktgqKwObrT">
<editdetail action="confirmed" attribution="Reuters BIP Coding Group" date="1996-09-18"></editdetail></code></codes>
<dc element="dc.publisher" value="Reuters Holdings Plc"></dc>
<dc element="dc.datepublished" value="1996-09-18"></dc>
<dc element="dc.source" value="Reuters - Notícias em Português"></dc>
<dc element="dc.creator.location" value=""></dc>
<dc element="dc.creator.location.country.name" value=""></dc></metadata></newsitem>