<?xml version="1.0" encoding="UTF-8"?>

<newsitem date="1996-10-03" id="root" itemid="49472" xml:lang="pt">
<title></title>
<headline> CURTO PRAZO MONETÁRIO REAGE EM ALTA LIGEIRA AO BP. </headline>
<byline></byline>
<dateline></dateline>
<text>
<p> LISBOA, 3 Out (Reuter) - O mercado monetário do escudo reagiu pouco ao corte de taxas, uma vez que tinha já descontado um corte, superior ao que se concretizou. </p>
<p> &quot;O maior movimento foi no curto prazo. o tom/next subiu um pouco, porque havia alguma renitência em fazer operações acima dos 7,00 pct, para onde se esperava que ia cair a taxa de cedência&quot;, disse uma operaodra. </p>
<p> &quot;Os prazos para já não devem reagir muito porque se considera que o mercado tem espaço de queda e vamos ficar à espera de nova descida, talvez quando sair a inflação de Setembro&quot;, disse outro dealer. </p>
<p> &quot;O corte do Banco de Portugal pareceu-me muito cauteloso, penso até que poderá ter feito este corte só para não gorar totalmente as expectativas que havia, mais do que por grande convicção de descida&quot;, disse um terceiro operador, que não quis ser identificado. </p>
<p> O Banco de Espanha anunciou esta manhã um corte de 50 basis points na sua taxa repo para 6,75 pct e dealers do mercado nacional esperavam uma descida da repo do BP na ordem de 25 basis points. </p>
<p> Embora alguns economistas considerassem que poderia mesmo não ter descido devido à evolução recente da inflação. </p>
<p> Nos prazos, as taxas mantêm-se aos níveis da manhã, ou com ligeiros ajustamentos em alta, com os três meses em 6,90/7,00 pct, contra 6,87/6,97 pct de manhã. </p>
<p> Os seis meses e 12 meses estão em 6,80/6,90 pct, contra 6,79/6,86 pct de manhã. </p>
<p> - Fernanda Pargana, Lisboa Editorial, 351-1-311.31.26 </p>
<p> (c) Reuters Limited 1996. </p></text>
<copyright>(c) Reuters Limited 1996</copyright>
<metadata>
<codes class="bip:countries:1.0">
<code code="KEgOZFmwqv">
<editdetail action="confirmed" attribution="Reuters BIP Coding Group" date="1996-10-03"></editdetail></code>
<code code="tvOHjQHqei">
<editdetail action="confirmed" attribution="Reuters BIP Coding Group" date="1996-10-03"></editdetail></code>
<code code="eHfZpDywaY">
<editdetail action="confirmed" attribution="Reuters BIP Coding Group" date="1996-10-03"></editdetail></code></codes>
<codes class="bip:topics:1.0">
<code code="fBOZYWIUFV">
<editdetail action="confirmed" attribution="Reuters BIP Coding Group" date="1996-10-03"></editdetail></code>
<code code="ZyzSfGNmSL">
<editdetail action="confirmed" attribution="Reuters BIP Coding Group" date="1996-10-03"></editdetail></code>
<code code="zwgXCZTWxM">
<editdetail action="confirmed" attribution="Reuters BIP Coding Group" date="1996-10-03"></editdetail></code></codes>
<dc element="dc.publisher" value="Reuters Holdings Plc"></dc>
<dc element="dc.datepublished" value="1996-10-03"></dc>
<dc element="dc.source" value="Reuters - Notícias em Português"></dc>
<dc element="dc.creator.location" value=""></dc>
<dc element="dc.creator.location.country.name" value=""></dc></metadata></newsitem>