<?xml version="1.0" encoding="UTF-8"?>

<newsitem date="1996-10-11" id="root" itemid="49679" xml:lang="pt">
<title></title>
<headline> PIB CRESCE MAIS E INFLAÇÃO CAI. </headline>
<byline></byline>
<dateline></dateline>
<text>
<p>     LISBOA, 11 Out (Reuter) - O quadro macroecómico para 1997 </p>
<p> tem implícita uma dinamização da actividade económica baseada </p>
<p> nalgum estímulo das exportações, a par da redução do nível de </p>
<p> preços e da contenção orçamental, segundo um resumo da proposta </p>
<p> do Orçamento de Estado para 1997 apresentada pelo ministro das </p>
<p> Finanças, António Sousa Franco, aos deputados da oposição. </p>
<p>     As orientações de política macroeconómica para 1997 são </p>
<p> enumeradas como sendo a consolidação financeira da política </p>
<p> orçamental com a redução do défice para 2,9 pct do PIB, e a </p>
<p> contenção da despesa corrente para garantir uma fatia mais </p>
<p> favorável ao investimento público. </p>
<p>     Uma política de rendimentos que dinamize o investimento e o </p>
<p> emprego e permita manter os salários reais, é outro dos </p>
<p> objectivos do Governo para 1997 que hoje está a ser apresentado </p>
<p> na Assembleia da República. </p>
<p>     &quot;A estabilidade cambial conjuntamente com a desinflação </p>
<p> sustentada permitirá criar condições para a continuação da </p>
<p> descida da taxa de juro, facto que constituirá um estímulo ao </p>
<p> investimento produtivo, à competitividade das empresas e por </p>
<p> conseguinte a um maior crescimento e ao controlo do desemprego&quot;, </p>
<p> afirma o resumo do OE para 1997 hoje apresentado. </p>
<p>     O quadro central da política macroeconómica para 1997 tem </p>
<p> implícito que Portugal irá fazer parte do primeiro grupo de </p>
<p> países que integra a moeda única. </p>
<p>     Destaca que a produtividade deverá crescer em 1997 na ordem </p>
<p> dos 2,25 pct, uma vez que o emprego global deverá aumentar entre </p>
<p> 0,5 e 1,0 pct. </p>
<p>     Segue quadro com as principais projecções para 1997, algumas </p>
<p> dos quais já tinham sido avançadas por membros do Governo, e os </p>
<p> dados de 1996 inscritos no orçamento do ano corrente. </p>
<p>     . </p>
<p>            1997    1996     Consumo privado     2,0/2,5%  2,0%     Consumo público    0,75/1,25% 2,0%     Investimento global      7,0/8,0%  6,5%     Exportações    9,0/10,0%     11,6%     Importações    8,0/9,0% 10,7%     PIB      2,75/3,25% 2,8%     Inflação      2,25/2,50% 3,25% </p>
<p>     ---Fernanda Pargana, Lisboa Editorial, 351-1-3113126. </p>
<p> (c) Reuters Limited 1996. </p></text>
<copyright>(c) Reuters Limited 1996</copyright>
<metadata>
<codes class="bip:countries:1.0">
<code code="CZhAgqXOIg">
<editdetail action="confirmed" attribution="Reuters BIP Coding Group" date="1996-10-11"></editdetail></code>
<code code="EAiQhrlLFh">
<editdetail action="confirmed" attribution="Reuters BIP Coding Group" date="1996-10-11"></editdetail></code>
<code code="hRqiSiZITx">
<editdetail action="confirmed" attribution="Reuters BIP Coding Group" date="1996-10-11"></editdetail></code></codes>
<codes class="bip:topics:1.0">
<code code="eAitIdzntJ">
<editdetail action="confirmed" attribution="Reuters BIP Coding Group" date="1996-10-11"></editdetail></code>
<code code="SRjMgwUtQM">
<editdetail action="confirmed" attribution="Reuters BIP Coding Group" date="1996-10-11"></editdetail></code>
<code code="xPeduUUVqU">
<editdetail action="confirmed" attribution="Reuters BIP Coding Group" date="1996-10-11"></editdetail></code>
<code code="zsKTUyImaM">
<editdetail action="confirmed" attribution="Reuters BIP Coding Group" date="1996-10-11"></editdetail></code>
<code code="OJTHxcvyeo">
<editdetail action="confirmed" attribution="Reuters BIP Coding Group" date="1996-10-11"></editdetail></code></codes>
<dc element="dc.publisher" value="Reuters Holdings Plc"></dc>
<dc element="dc.datepublished" value="1996-10-11"></dc>
<dc element="dc.source" value="Reuters - Notícias em Português"></dc>
<dc element="dc.creator.location" value=""></dc>
<dc element="dc.creator.location.country.name" value=""></dc></metadata></newsitem>