<?xml version="1.0" encoding="UTF-8"?>

<newsitem date="1996-09-12" id="root" itemid="48872" xml:lang="pt">
<title></title>
<headline> ACÇÕES SEGUEM EM QUEDA, MAS ACIMA DOS MÍNIMOS. </headline>
<byline></byline>
<dateline></dateline>
<text>
<p> LISBOA, 12 Set (Reuter) - As acções do Contínuo e os Futuros sobre o PSI20 seguiam em queda na meia sessão, mas acima dos mínimos, com o mercado a acreditar na recuperação do índice até ao fecho. </p>
<p> &quot;Hoje, o mercado abriu ainda a corrigir das recentes subidas, mas como os dados da inflação nacional e do PPI americano foram bons, acredito que o índice recupere até ao fecho&quot;, disse uma &apos;market-maker&apos; do PSI20. </p>
<p> &quot;O mercado vai concerteza fechar acima dos mínimos&quot;, afirmou um operador. O índice PSI20 caiu hoje até aos 4.754,55 pontos e, neste momento, está nos 4.755,21 pontos. </p>
<p> - Paula Cordeiro, Lisboa Editorial, 351-1-3150035. (c) Reuters Limited 1996. </p></text>
<copyright>(c) Reuters Limited 1996</copyright>
<metadata>
<codes class="bip:countries:1.0">
<code code="NcKACemQCc">
<editdetail action="confirmed" attribution="Reuters BIP Coding Group" date="1996-09-12"></editdetail></code>
<code code="ubUdLxamTF">
<editdetail action="confirmed" attribution="Reuters BIP Coding Group" date="1996-09-12"></editdetail></code>
<code code="iJQNpcIavJ">
<editdetail action="confirmed" attribution="Reuters BIP Coding Group" date="1996-09-12"></editdetail></code></codes>
<codes class="bip:topics:1.0">
<code code="QdSCgSJZeB">
<editdetail action="confirmed" attribution="Reuters BIP Coding Group" date="1996-09-12"></editdetail></code>
<code code="VZZRdrPYLn">
<editdetail action="confirmed" attribution="Reuters BIP Coding Group" date="1996-09-12"></editdetail></code></codes>
<dc element="dc.publisher" value="Reuters Holdings Plc"></dc>
<dc element="dc.datepublished" value="1996-09-12"></dc>
<dc element="dc.source" value="Reuters - Notícias em Português"></dc>
<dc element="dc.creator.location" value=""></dc>
<dc element="dc.creator.location.country.name" value=""></dc></metadata></newsitem>