<?xml version="1.0" encoding="UTF-8"?>

<newsitem date="1996-10-31" id="root" itemid="50216" xml:lang="pt">
<title></title>
<headline> C.PINTO SURPRESO CONTROVÉRSIA OURO NAZI. </headline>
<byline></byline>
<dateline></dateline>
<text>
<p> LISBOA, 31 Out (Reuter) - João Costa Pinto está surpreendido com o facto da controvérsia em torno da existência no BP de ouro proveniente da Alemanha nazi ter surgido neste momento. </p>
<p> &quot;Surpreende-me que toda essa controvérsia surja neste momento&quot;, disse, em entrevista à Reuters, João Costa Pinto, ex-vice governador do Banco de Portugal (BP). </p>
<p> &quot;Como se sabe, Portugal era um país neutro que tinha relações diplomáticas e comerciais com os diferentes países aliados e com a Alemanha nazi&quot;, disse o actual presidente do Banco de Comércio e Indústria. </p>
<p> &quot;É sabido, portanto, que, como contrapartida de exportações feitas, nomeadamente cereais, matérias-primas, volfrâmio, etc.... Alguns pagamentos terão sido efectuados por parte da Alemanha em ouro, mas isso é do conhecimento&quot;, adiantou. </p>
<p> &quot;Como o BP tinha o monopólio da gestão do ouro em Portugal, esses eventuais pagamentos, naturalmente que se traduziram em acumulação de reservas no BP, durante esse período, mas isso é conhecido há muito tempo. É sabido que sim&quot;, concluiu. </p>
<p> - Sérgio Gonçalves, Lisboa Editorial, 351-1-3150035. </p>
<p> (c) Reuters Limited 1996. </p></text>
<copyright>(c) Reuters Limited 1996</copyright>
<metadata>
<codes class="bip:countries:1.0">
<code code="OIelWUBvvr">
<editdetail action="confirmed" attribution="Reuters BIP Coding Group" date="1996-10-31"></editdetail></code>
<code code="nZGURPfonL">
<editdetail action="confirmed" attribution="Reuters BIP Coding Group" date="1996-10-31"></editdetail></code>
<code code="VUIyOCUbXq">
<editdetail action="confirmed" attribution="Reuters BIP Coding Group" date="1996-10-31"></editdetail></code></codes>
<codes class="bip:topics:1.0">
<code code="dAuvyPddOg">
<editdetail action="confirmed" attribution="Reuters BIP Coding Group" date="1996-10-31"></editdetail></code></codes>
<dc element="dc.publisher" value="Reuters Holdings Plc"></dc>
<dc element="dc.datepublished" value="1996-10-31"></dc>
<dc element="dc.source" value="Reuters - Notícias em Português"></dc>
<dc element="dc.creator.location" value=""></dc>
<dc element="dc.creator.location.country.name" value=""></dc></metadata></newsitem>