<?xml version="1.0" encoding="UTF-8"?>

<newsitem date="1996-09-24" id="root" itemid="49193" xml:lang="pt">
<title></title>
<headline> ESCUDO ABRE CALMO VS MARCO, APRECIA-SE CONTRA PESETA. </headline>
<byline></byline>
<dateline></dateline>
<text>
<p> O escudo abriu equilibrado contra o marco e as fortalecer-se contra a peseta, numa sessão que se prevê calma, muito dependente do que fizerem as outras moedas europeias, como é habitual, e à espera do final da reunião da Reserva Federal dos Estados Unidos, depois do Banco Espanha ter mantido a repo. </p>
<p> *Escudo 101,84/88 por marco contra 101,84/87 fecho de ontem </p>
<p> *Peseta 84,16/17 por marco contra 84,13/16 fecho de ontem </p>
<p> *Dólar 1,5116/21 marcos vs 1,5113/18 fecho Europa de ontem </p>
<p> *Banco Espanha mantém repo em 7,25 pct </p>
<p> *Reunião da FOMC da Reserva Federal, discute subida taxas </p>
<p> &quot;A experiência tem vindo a demonstrar que o mercado não reage a pequenas mexidas nas taxas, porque quando acontecem já estão descontadas, mas o mercado também não é uma ciência exacta, pelo que há que esperar pelo final da reunião da FED&quot;, acrescentou o mesmo dealer de um broker. </p>
<p> A reunião do FOMC inicia-se às 1300 TMG, mas prevê-se que as decisões tomadas só venham a ser divulgadas após o fecho dos mercados da Europa. </p>
<p> Às 0835 TMG, o dólar cotava 1,5116/23 marcos. </p>
<p> Dealers dizem que o escudo deverá oscilar num range entre 101,80 e 101,90 por marco, mas muito centrado nos 101,85. </p>
<p>     ----José Barata, Lisboa Editorial, 351.1.3113121. </p>
<p> (c) Reuters Limited 1996. </p></text>
<copyright>(c) Reuters Limited 1996</copyright>
<metadata>
<codes class="bip:countries:1.0">
<code code="tntbydAsEl">
<editdetail action="confirmed" attribution="Reuters BIP Coding Group" date="1996-09-24"></editdetail></code>
<code code="lEAnKBFgLb">
<editdetail action="confirmed" attribution="Reuters BIP Coding Group" date="1996-09-24"></editdetail></code>
<code code="lymQLJfMMb">
<editdetail action="confirmed" attribution="Reuters BIP Coding Group" date="1996-09-24"></editdetail></code></codes>
<codes class="bip:topics:1.0">
<code code="fdSLTjEPFp">
<editdetail action="confirmed" attribution="Reuters BIP Coding Group" date="1996-09-24"></editdetail></code>
<code code="OJSaiAnCsm">
<editdetail action="confirmed" attribution="Reuters BIP Coding Group" date="1996-09-24"></editdetail></code>
<code code="cRAITLXzaN">
<editdetail action="confirmed" attribution="Reuters BIP Coding Group" date="1996-09-24"></editdetail></code></codes>
<dc element="dc.publisher" value="Reuters Holdings Plc"></dc>
<dc element="dc.datepublished" value="1996-09-24"></dc>
<dc element="dc.source" value="Reuters - Notícias em Português"></dc>
<dc element="dc.creator.location" value=""></dc>
<dc element="dc.creator.location.country.name" value=""></dc></metadata></newsitem>