<?xml version="1.0" encoding="UTF-8"?>

<newsitem date="1996-10-10" id="root" itemid="49640" xml:lang="pt">
<title></title>
<headline> IPC SETEMBRO DIVULGADO HOJE 1500 HORAS LOCAIS-INE. </headline>
<byline></byline>
<dateline></dateline>
<text>
<p> LISBOA, 10 Out (Reuter) - O índice de preços no consumidor (IPC) relativo ao mês de Setembro será hoje divulgado pelas 1500 horas locais (1400 TMG), disse fonte do Instituto Nacional de Estatística (INE). </p>
<p> - Lisboa Editorial, 351-1-3113126. </p>
<p> (c) Reuters Limited 1996. </p></text>
<copyright>(c) Reuters Limited 1996</copyright>
<metadata>
<codes class="bip:countries:1.0">
<code code="KBvcdVnipg">
<editdetail action="confirmed" attribution="Reuters BIP Coding Group" date="1996-10-10"></editdetail></code>
<code code="hGwwviVFFb">
<editdetail action="confirmed" attribution="Reuters BIP Coding Group" date="1996-10-10"></editdetail></code>
<code code="dJBlEwAbAX">
<editdetail action="confirmed" attribution="Reuters BIP Coding Group" date="1996-10-10"></editdetail></code></codes>
<codes class="bip:topics:1.0">
<code code="fxVqmdsPUj">
<editdetail action="confirmed" attribution="Reuters BIP Coding Group" date="1996-10-10"></editdetail></code>
<code code="GxKzFJQnFV">
<editdetail action="confirmed" attribution="Reuters BIP Coding Group" date="1996-10-10"></editdetail></code>
<code code="AiRNmBacEp">
<editdetail action="confirmed" attribution="Reuters BIP Coding Group" date="1996-10-10"></editdetail></code></codes>
<dc element="dc.publisher" value="Reuters Holdings Plc"></dc>
<dc element="dc.datepublished" value="1996-10-10"></dc>
<dc element="dc.source" value="Reuters - Notícias em Português"></dc>
<dc element="dc.creator.location" value=""></dc>
<dc element="dc.creator.location.country.name" value=""></dc></metadata></newsitem>