<?xml version="1.0" encoding="UTF-8"?>

<newsitem date="1996-10-24" id="root" itemid="50037" xml:lang="pt">
<title></title>
<headline> ACÇÕES FECHAM MISTAS,INTERESSE BLUE-CHIPS MANTÉM-SE. </headline>
<byline></byline>
<dateline></dateline>
<text>
<p> As acções do Contínuo e os Futuros sobre o PSI20 fecharam mistos e a liquidez no cash a somar 3,6 milhões de contos, destacando-se a Lusomundo-SGPS, Cimpor e Portugal Telecom (PT). Dealers afirmaram que amanhã não se devem efectuar fortes negócios por ser sexta-feira e a liquidez deverá voltar a concentrar-se em algumas &apos;blue-chips&apos;. *Índice PSI-20 (.PSI20)sobe 0,03 pct para 4.764,93 pontos *Futuro PSI20 Nov96 (PSI20X6)cai p/ 4.791 pontos vs 4.795 *Lusomundo pref. sobe 41 esc p/1.395, com 198.200 *Cimpor cai 4 escudos para 3.275. Negociadas 172.438 *PT cai 16 escudos para 3.989. Negociadas 161.389. </p>
<p> (c) Reuters Limited 1996. </p></text>
<copyright>(c) Reuters Limited 1996</copyright>
<metadata>
<codes class="bip:countries:1.0">
<code code="yzskWZsgKR">
<editdetail action="confirmed" attribution="Reuters BIP Coding Group" date="1996-10-24"></editdetail></code>
<code code="rTvytMyDgh">
<editdetail action="confirmed" attribution="Reuters BIP Coding Group" date="1996-10-24"></editdetail></code>
<code code="cKAJCwSCcN">
<editdetail action="confirmed" attribution="Reuters BIP Coding Group" date="1996-10-24"></editdetail></code></codes>
<codes class="bip:topics:1.0">
<code code="JfYtkRicTN">
<editdetail action="confirmed" attribution="Reuters BIP Coding Group" date="1996-10-24"></editdetail></code>
<code code="MlmDfPgczi">
<editdetail action="confirmed" attribution="Reuters BIP Coding Group" date="1996-10-24"></editdetail></code></codes>
<dc element="dc.publisher" value="Reuters Holdings Plc"></dc>
<dc element="dc.datepublished" value="1996-10-24"></dc>
<dc element="dc.source" value="Reuters - Notícias em Português"></dc>
<dc element="dc.creator.location" value=""></dc>
<dc element="dc.creator.location.country.name" value=""></dc></metadata></newsitem>