<?xml version="1.0" encoding="UTF-8"?>

<newsitem date="1996-10-10" id="root" itemid="49667" xml:lang="pt">
<title></title>
<headline> AUMENTO 2,375% SALÁRIOS FP EM 97 É INACEITÁVEL-FC. </headline>
<byline></byline>
<dateline></dateline>
<text>
<p> LISBOA, 10 Out (Reuter) - A Frente Comum de Sindicatos da Administração Pública considera que é inaceitável e ridícula a proposta do Governo de aumentar os salários da Função Pública (FP) para 1997 em 2,375 pct, diz a Frente Comum em comunicado. </p>
<p> &quot;(A frente Comum) concluiu considerar inaceitável e até ridícula (pelo preciosismo das milésimas, 2,375 pct) a proposta ontem entregue pelo Governo quanto à actualização de salários e pensões&quot;, refere aquele comunicado. </p>
<p> &quot;O Governo propôs actualizações que, na prática, significam 41,30 escudos/dia para o salário do índice 100 e 13 escudos/dia para o subsídio de almoço&quot;, lembra a Frente Comum. </p>
<p> &quot;A Frente Comum regista que o Governo usa dois pesos e duas medidas, pois, no mesmo dia em que apresenta uma proposta que significa baixar os salários aos trabalhadores da FP (aplicando uma actualização inferior à inflação), oferece ao patronato a redução de um pct no IRC&quot;, acrescentou. </p>
<p> &quot;A proposta do Governo não responde a nenhum dos princípios defendidos pelos sindicatos e que hoje foram reafirmados: índice de preços no consumidor, ganhos de produtividade e equiparação do salário da Administração Pública ao salário mínimo nacional&quot;, refere. </p>
<p> O salário mínimo (índice 100) da FP está actualmente em 52.252 escudos contra 54.600 escudos de mínimo legal do salário mínimo nacional. </p>
<p> A Frente Comum vai realizar um plenário nacional, a 24 de Outubro, que &quot;dará expressão pública do descontentamento dos trabalhadores e determinará novas e reforçadas formas de lutas em defesa dos direitos dos trabalhadores&quot;, adianta. </p>
<p> - Sérgio Gonçalves, Lisboa Editorial, 351-1-3150035. </p>
<p> (c) Reuters Limited 1996. </p></text>
<copyright>(c) Reuters Limited 1996</copyright>
<metadata>
<codes class="bip:countries:1.0">
<code code="QydRhreEaW">
<editdetail action="confirmed" attribution="Reuters BIP Coding Group" date="1996-10-10"></editdetail></code>
<code code="dStHxKbXMz">
<editdetail action="confirmed" attribution="Reuters BIP Coding Group" date="1996-10-10"></editdetail></code>
<code code="bsabudDtLd">
<editdetail action="confirmed" attribution="Reuters BIP Coding Group" date="1996-10-10"></editdetail></code></codes>
<codes class="bip:topics:1.0">
<code code="xpYTVoqbke">
<editdetail action="confirmed" attribution="Reuters BIP Coding Group" date="1996-10-10"></editdetail></code>
<code code="gRESoTMEcB">
<editdetail action="confirmed" attribution="Reuters BIP Coding Group" date="1996-10-10"></editdetail></code></codes>
<dc element="dc.publisher" value="Reuters Holdings Plc"></dc>
<dc element="dc.datepublished" value="1996-10-10"></dc>
<dc element="dc.source" value="Reuters - Notícias em Português"></dc>
<dc element="dc.creator.location" value=""></dc>
<dc element="dc.creator.location.country.name" value=""></dc></metadata></newsitem>