<?xml version="1.0" encoding="UTF-8"?>

<newsitem date="1996-09-25" id="root" itemid="49225" xml:lang="pt">
<title></title>
<headline> ESCUDO FECHA FIRME VS MARCO ESPREITA NOVOS MÁXIMOS. </headline>
<byline></byline>
<dateline></dateline>
<text>
<p> LISBOA, 25 Set (Reuter) - O escudo fechou com o escudo a ganhar terreno ao marco, sentimento que se poderá prolongar se as restantes moedas europeias continuarem a mostrar firmeza contra a alemã. </p>
<p> Às 1648 TMG, o escudo cotava 101,70/75 por marco contra 101,833 na cotação indicativa do Banco de Portugal (BP) e 101,84/87 na abertura. </p>
<p> &quot;As moedas europeias estão a apreciar-se contra o marco e o escudo segue esta tendência, e quanto mais se apreciarem maior é o espaço do escudo para se apreciar também&quot;, disse um dealer que não quis ser identificado. </p>
<p> (c) Reuters Limited 1996. </p></text>
<copyright>(c) Reuters Limited 1996</copyright>
<metadata>
<codes class="bip:countries:1.0">
<code code="kHSxXTpqbi">
<editdetail action="confirmed" attribution="Reuters BIP Coding Group" date="1996-09-25"></editdetail></code>
<code code="jWIWkijMTe">
<editdetail action="confirmed" attribution="Reuters BIP Coding Group" date="1996-09-25"></editdetail></code>
<code code="SHkCLqrFCm">
<editdetail action="confirmed" attribution="Reuters BIP Coding Group" date="1996-09-25"></editdetail></code></codes>
<codes class="bip:topics:1.0">
<code code="TpnjsppUBq">
<editdetail action="confirmed" attribution="Reuters BIP Coding Group" date="1996-09-25"></editdetail></code>
<code code="PvzqEzDrfy">
<editdetail action="confirmed" attribution="Reuters BIP Coding Group" date="1996-09-25"></editdetail></code>
<code code="UmtMdYMZiV">
<editdetail action="confirmed" attribution="Reuters BIP Coding Group" date="1996-09-25"></editdetail></code></codes>
<dc element="dc.publisher" value="Reuters Holdings Plc"></dc>
<dc element="dc.datepublished" value="1996-09-25"></dc>
<dc element="dc.source" value="Reuters - Notícias em Português"></dc>
<dc element="dc.creator.location" value=""></dc>
<dc element="dc.creator.location.country.name" value=""></dc></metadata></newsitem>