<?xml version="1.0" encoding="UTF-8"?>

<newsitem date="1996-09-30" id="root" itemid="49364" xml:lang="pt">
<title></title>
<headline> ESCUDO FECHA A SUBIR LIGEIRAMENTE VS MARCO. </headline>
<byline></byline>
<dateline></dateline>
<text>
<p> LISBOA, 30 Set (Reuter) - O escudo registou no fecho alguns ganhos face ao marco, sem movimentos semelhantes de outras moedas, com alguns dealers a admitir que a próxima barreira seja os 101,60 por marco. </p>
<p> O escudo fechou (1619 TMG) a 101,65/67 por marco, contra 101,723 na cotação indicativa do Banco de Portugal e 101,74/77 na abertura. </p>
<p> &quot;Com estes níveis de taxas e os interesses no mercado de capitais nacionais por não residentes (para privatizações), é natural que o escudo vá amanhã aos 101,60 (por marco. Além disso, amanhã é um novo mês&quot;, disse um operador. </p>
<p>     Dealers referiram que a subida esta tarde do escudo face ao </p>
<p> marco foi um movimento sem muito volume e que o mercado </p>
<p> nacional, apesar deste movimento no fim da sessão, registou ao </p>
<p> longo de todo o dia uma razoável apatia. </p>
<p>     ----Fernanda Pargana, Lisboa Editorial, 351.1.3113126 </p>
<p> (c) Reuters Limited 1996. </p></text>
<copyright>(c) Reuters Limited 1996</copyright>
<metadata>
<codes class="bip:countries:1.0">
<code code="qnoSdeJMOo">
<editdetail action="confirmed" attribution="Reuters BIP Coding Group" date="1996-09-30"></editdetail></code>
<code code="ZIwGxcxhNR">
<editdetail action="confirmed" attribution="Reuters BIP Coding Group" date="1996-09-30"></editdetail></code>
<code code="UGSgUhmzqw">
<editdetail action="confirmed" attribution="Reuters BIP Coding Group" date="1996-09-30"></editdetail></code></codes>
<codes class="bip:topics:1.0">
<code code="dvHaNSRmip">
<editdetail action="confirmed" attribution="Reuters BIP Coding Group" date="1996-09-30"></editdetail></code>
<code code="JqIBzEtXGd">
<editdetail action="confirmed" attribution="Reuters BIP Coding Group" date="1996-09-30"></editdetail></code>
<code code="NUuuMRlhFV">
<editdetail action="confirmed" attribution="Reuters BIP Coding Group" date="1996-09-30"></editdetail></code></codes>
<dc element="dc.publisher" value="Reuters Holdings Plc"></dc>
<dc element="dc.datepublished" value="1996-09-30"></dc>
<dc element="dc.source" value="Reuters - Notícias em Português"></dc>
<dc element="dc.creator.location" value=""></dc>
<dc element="dc.creator.location.country.name" value=""></dc></metadata></newsitem>