<?xml version="1.0" encoding="UTF-8"?>

<newsitem date="1996-10-16" id="root" itemid="49811" xml:lang="pt">
<title></title>
<headline> GUTERRES DIZ DÉFICE NÃO AUMENTA EM 1998 - D.E. </headline>
<byline></byline>
<dateline></dateline>
<text>
<p> LISBOA, 16 Out (Reuter) - O défice do Orçamento de Estado para 1998 não deve aumentar relativamente a 1997, disse o primeiro-ministro, António Guterres, em entrevista ao Diário Económico. </p>
<p> &quot;É intenção do Governo que o défice não aumente em 1998&quot;, afirmou o primeiro-ministro, acrescentando que &quot;a ideia de que o esforço de consolidação das finanças públicas termina em 1997 não tem qualquer sentido&quot;. </p>
<p> O défice do Orçamento previsto para 1997 é de 2,9 pct do PIB. </p>
<p> Guterres disse também que alguns aspectos do orçamento para o próximo ano não são negociáveis na Assembleia. </p>
<p> &quot;Há questões de forma que não têm consequências dramáticas. Questões que ponham em causa o valor do défice e as orientações da receita e da despesa, parecem-se dificilmente acomodáveis&quot;, afirmou Guterres. </p>
<p> Questionado sobre se a introdução da colecta mínima é negociável, o primeiro ministro considerou que não o trocaria pela eliminação do sigilo bancário. </p>
<p> &quot;Esse (colecta mínima) é um factor indispensável de moralização, que surge como alternativa a outros mecanismos - como por exemplo a quebra do sigilo bancário, que o Governo não vai adoptar. Se a oposição propuser a quebra do sigilo bancário o Governo não aceitará&quot;. </p>
<p> - Lisboa Editorial, 351-1-3113126. </p>
<p> (c) Reuters Limited 1996. </p></text>
<copyright>(c) Reuters Limited 1996</copyright>
<metadata>
<codes class="bip:countries:1.0">
<code code="qeReRcTsSX">
<editdetail action="confirmed" attribution="Reuters BIP Coding Group" date="1996-10-16"></editdetail></code>
<code code="lsJEooqjsm">
<editdetail action="confirmed" attribution="Reuters BIP Coding Group" date="1996-10-16"></editdetail></code>
<code code="LhGQxVRfWt">
<editdetail action="confirmed" attribution="Reuters BIP Coding Group" date="1996-10-16"></editdetail></code></codes>
<codes class="bip:topics:1.0">
<code code="YWEAbqWijP">
<editdetail action="confirmed" attribution="Reuters BIP Coding Group" date="1996-10-16"></editdetail></code>
<code code="EkcRkBMoGx">
<editdetail action="confirmed" attribution="Reuters BIP Coding Group" date="1996-10-16"></editdetail></code>
<code code="bDvFFEbMfx">
<editdetail action="confirmed" attribution="Reuters BIP Coding Group" date="1996-10-16"></editdetail></code></codes>
<dc element="dc.publisher" value="Reuters Holdings Plc"></dc>
<dc element="dc.datepublished" value="1996-10-16"></dc>
<dc element="dc.source" value="Reuters - Notícias em Português"></dc>
<dc element="dc.creator.location" value=""></dc>
<dc element="dc.creator.location.country.name" value=""></dc></metadata></newsitem>