<?xml version="1.0" encoding="UTF-8"?>

<newsitem date="1996-10-03" id="root" itemid="49481" xml:lang="pt">
<title></title>
<headline> GOVERNO ALTERA CÓDIGO SOCIEDADES COMERCIAIS. </headline>
<byline></byline>
<dateline></dateline>
<text>
<p> LISBOA, 3 Out (Reuter) - O Conselho de Ministros (CM) aprovou um decreto-lei que altera o Código das Sociedades Comerciais, eliminando regras consideradas desnecessárias, ou adaptando-as às realidades actuais. </p>
<p> A partir de agora passa a ser possível a constituição de sociedades unipessoais por quotas que se destinem a viavilizar a existência de sociedades comerciais de sócio único e de responsabilidade limitada ao património à actividade empresarial, foi anunciado no final da reunião do Governo. </p>
<p> São concedidos benefícios emolumentares às sociedades por quotas que se transformem em sociedades unipessoais por quotas. </p>
<p> O novo código torna facultativa a existência de conselhos fiscais, passando a fiscalização das contas das sociedades comerciais anónimas a poder ser realizada por um fiscal único, que tanto pode ser um revisor oficial de contas como uma sociedade de revisores oficiais de contas. </p>
<p> É criada a figura do secretário da sociedade, tornando-a obrigatória para as sociedades anónimas cotadas em Bolsa e facultativa para as demais. </p>
<p> É extinguida a regra que impõe que o valor da quota seja divisível por 250 escudos e que atribui a cada 250 escudos um voto, passando a atribuir a cada escudo um voto. </p>
<p> Aumenta-se de 20 mil para 30 mil contos o montante do capital social a partir do qual é obrigatório que o conselho de administração da sociedade tenha três membros. </p>
<p> A obtenção de nomes ou firmas para as sociedades é também facilitada através do novo código, sendo alargado o leque de opões possíveis. </p>
<p> - José Barata, Lisboa Editorial, 351.1.3113121. </p>
<p> (c) Reuters Limited 1996. </p></text>
<copyright>(c) Reuters Limited 1996</copyright>
<metadata>
<codes class="bip:countries:1.0">
<code code="RaApzDfdFD">
<editdetail action="confirmed" attribution="Reuters BIP Coding Group" date="1996-10-03"></editdetail></code>
<code code="qpqoVqSwcN">
<editdetail action="confirmed" attribution="Reuters BIP Coding Group" date="1996-10-03"></editdetail></code>
<code code="FtPkJpaOgm">
<editdetail action="confirmed" attribution="Reuters BIP Coding Group" date="1996-10-03"></editdetail></code></codes>
<codes class="bip:topics:1.0">
<code code="GKoYZaNDUJ">
<editdetail action="confirmed" attribution="Reuters BIP Coding Group" date="1996-10-03"></editdetail></code>
<code code="fPCrBtVtho">
<editdetail action="confirmed" attribution="Reuters BIP Coding Group" date="1996-10-03"></editdetail></code>
<code code="rmELrifETZ">
<editdetail action="confirmed" attribution="Reuters BIP Coding Group" date="1996-10-03"></editdetail></code></codes>
<dc element="dc.publisher" value="Reuters Holdings Plc"></dc>
<dc element="dc.datepublished" value="1996-10-03"></dc>
<dc element="dc.source" value="Reuters - Notícias em Português"></dc>
<dc element="dc.creator.location" value=""></dc>
<dc element="dc.creator.location.country.name" value=""></dc></metadata></newsitem>