<?xml version="1.0" encoding="UTF-8"?>

<newsitem date="1996-10-30" id="root" itemid="50168" xml:lang="pt">
<title></title>
<headline> ESCUDO ABRE VOLÁTIL, RECUPERA LIGEIRAMENTE C/DÓLAR. </headline>
<byline></byline>
<dateline></dateline>
<text>
<p> LISBOA, 30 Out (Reuter) - O escudo abriu mais fraco mas recuperou depois com a passagem do dólar para a casa dos 1,51 marcos, seguida por outros crosses do marco. </p>
<p> O escudo abriu a 101,22/26 por marco, contra 101,13/20 no fecho de ontem. Pelas 0940 TMG o escudo cotava 101,18/21. </p>
<p> &quot;O mercado hoje está bastante calmo, mas o dólar está sem saber se cai ou não e isso é um factor de incerteza para o escudo&quot;, disse um operador, acrescentando que os movimentos típicos de final de mês podem também influenciar as cotações. </p>
<p> A peseta abriu também mais fraca contra o marco, nos 84,41/42 por marco. A peseta-escudo está abaixo de 1,20. </p>
<p>     A peseta-escudo cotava 1,1990/97 pelas 0946 TMG, contra </p>
<p> 1,2002 na cotação indicativa do Banco de Portugal ontem. </p>
<p>     Dealers referiram que se mantém uma resistência para o </p>
<p> marco-escudo entre os 101,20 e 101,25 por marco, mas que essa </p>
<p> barreira é &apos;quebrável&apos; se o movimento de outras moedas for </p>
<p> significativo. </p>
<p>     ----Fernanda Pargana, Lisboa Editorial, 351.1.3113126 </p>
<p> (c) Reuters Limited 1996. </p></text>
<copyright>(c) Reuters Limited 1996</copyright>
<metadata>
<codes class="bip:countries:1.0">
<code code="LkLDNfrziF">
<editdetail action="confirmed" attribution="Reuters BIP Coding Group" date="1996-10-30"></editdetail></code>
<code code="zilDWKgNSA">
<editdetail action="confirmed" attribution="Reuters BIP Coding Group" date="1996-10-30"></editdetail></code>
<code code="pmDliqMBEm">
<editdetail action="confirmed" attribution="Reuters BIP Coding Group" date="1996-10-30"></editdetail></code></codes>
<codes class="bip:topics:1.0">
<code code="sQqXiuVtKT">
<editdetail action="confirmed" attribution="Reuters BIP Coding Group" date="1996-10-30"></editdetail></code>
<code code="KdNKCPBhZL">
<editdetail action="confirmed" attribution="Reuters BIP Coding Group" date="1996-10-30"></editdetail></code>
<code code="hUyNbaUIkr">
<editdetail action="confirmed" attribution="Reuters BIP Coding Group" date="1996-10-30"></editdetail></code></codes>
<dc element="dc.publisher" value="Reuters Holdings Plc"></dc>
<dc element="dc.datepublished" value="1996-10-30"></dc>
<dc element="dc.source" value="Reuters - Notícias em Português"></dc>
<dc element="dc.creator.location" value=""></dc>
<dc element="dc.creator.location.country.name" value=""></dc></metadata></newsitem>