<?xml version="1.0" encoding="UTF-8"?>

<newsitem date="1996-10-14" id="root" itemid="49734" xml:lang="pt">
<title></title>
<headline> PERSPECTIVAS POSITIVAS MAS NÍVEL BAIXO COMÉRCIO-INE. </headline>
<byline></byline>
<dateline></dateline>
<text>
<p> LISBOA, 14 Out (Reuter) - As perspectivas para a evolução da actividade no comércio por grosso e a retalho mantêm-se positivas e a um nível superior ao do período homólogo anterior, afirma o Instituto Nacional de Estatística (INE) na análise ao sector de Setembro. </p>
<p> &quot;No sub-sector retalhista foi significativo o movimento ascendente destas expectativas, embora o indicador respectivo continue a apresentar um nível relativamente baixo&quot;, afirma. </p>
<p> &quot;A evolução das perspectivas de encomendas a fornecedores foi semelhante, destacando-se também, do mesmo modo, o movimento registado no comércio a retalho&quot;, acrescenta o INE. </p>
<p> &quot;As expectativas quanto ao aumento dos preços situaram-se abaixo das verificadas em idêntico período de 1995, nos dois subsectores do comércio&quot;, refere ainda o INE. </p>
<p> Relativamente ao indicador de tendência &apos;apreciação da actividade passada&apos;, em Setembro a sua evolução foi menos desfavorável, segundo o INE, mas exclusivamente devido ao comportamento do comércio a retalho. </p>
<p> &quot;O indicador global sobre o volume de vendas apresentou-se a um nível superior ao do período homólogo, mantendo-se, no entanto, a um nível baixo, em particular no comércio a retalho&quot;, conclui. </p>
<p> - Lisboa Editorial, 351-1-3113126. </p>
<p> (c) Reuters Limited 1996. </p></text>
<copyright>(c) Reuters Limited 1996</copyright>
<metadata>
<codes class="bip:countries:1.0">
<code code="oxtlbYqewo">
<editdetail action="confirmed" attribution="Reuters BIP Coding Group" date="1996-10-14"></editdetail></code>
<code code="zEtGWrrgCm">
<editdetail action="confirmed" attribution="Reuters BIP Coding Group" date="1996-10-14"></editdetail></code>
<code code="yLKWJUvzoT">
<editdetail action="confirmed" attribution="Reuters BIP Coding Group" date="1996-10-14"></editdetail></code></codes>
<codes class="bip:topics:1.0">
<code code="lKAKrZMfsD">
<editdetail action="confirmed" attribution="Reuters BIP Coding Group" date="1996-10-14"></editdetail></code>
<code code="GKSednNeyR">
<editdetail action="confirmed" attribution="Reuters BIP Coding Group" date="1996-10-14"></editdetail></code>
<code code="qhsYzuzrnB">
<editdetail action="confirmed" attribution="Reuters BIP Coding Group" date="1996-10-14"></editdetail></code></codes>
<dc element="dc.publisher" value="Reuters Holdings Plc"></dc>
<dc element="dc.datepublished" value="1996-10-14"></dc>
<dc element="dc.source" value="Reuters - Notícias em Português"></dc>
<dc element="dc.creator.location" value=""></dc>
<dc element="dc.creator.location.country.name" value=""></dc></metadata></newsitem>