<?xml version="1.0" encoding="UTF-8"?>

<newsitem date="1996-10-03" id="root" itemid="49486" xml:lang="pt">
<title></title>
<headline> ESCUDO FECHA CORRIGIR VS MARCO, SENTIMENTO SUBIDA. </headline>
<byline></byline>
<dateline></dateline>
<text>
<p> O escudo fechou a corrigir dos máximos do dia contra o marco, depois da forte apreciação da manhã, e também a evoluir em simpatia com a peseta e a lira. Dealers dizem que o rumo do marco-escudo continua indefinido, mas que o mercado se mantém sensível à apreciação do escudo. </p>
<p> *Escudo 101,10/15 por marco contra 101,18/23 na abertura </p>
<p> *Escudo oscilou entre 100,93 e 101,20 por marco </p>
<p> *Peseta 84,18/20 por marco contra 84,09/11 na abertura </p>
<p> *Dólar 1,5287/92 marcos vs 1,5322/27 na abertura Europa </p>
<p> *BP corta taxa cedência em 0,15 pontos para 7,1 cpt </p>
<p> *BP anuncia amanhã MMI condições absorção e emergência </p>
<p>     ----José Barata, Lisboa Editorial, 351.1.3113121. </p>
<p> (c) Reuters Limited 1996. </p></text>
<copyright>(c) Reuters Limited 1996</copyright>
<metadata>
<codes class="bip:countries:1.0">
<code code="HgVCpRmLZy">
<editdetail action="confirmed" attribution="Reuters BIP Coding Group" date="1996-10-03"></editdetail></code>
<code code="zJyKvythaB">
<editdetail action="confirmed" attribution="Reuters BIP Coding Group" date="1996-10-03"></editdetail></code>
<code code="TonumpnLlb">
<editdetail action="confirmed" attribution="Reuters BIP Coding Group" date="1996-10-03"></editdetail></code></codes>
<codes class="bip:topics:1.0">
<code code="bBTqyLNtJj">
<editdetail action="confirmed" attribution="Reuters BIP Coding Group" date="1996-10-03"></editdetail></code>
<code code="HcdMmwkDwb">
<editdetail action="confirmed" attribution="Reuters BIP Coding Group" date="1996-10-03"></editdetail></code>
<code code="KedtyoHdPf">
<editdetail action="confirmed" attribution="Reuters BIP Coding Group" date="1996-10-03"></editdetail></code></codes>
<dc element="dc.publisher" value="Reuters Holdings Plc"></dc>
<dc element="dc.datepublished" value="1996-10-03"></dc>
<dc element="dc.source" value="Reuters - Notícias em Português"></dc>
<dc element="dc.creator.location" value=""></dc>
<dc element="dc.creator.location.country.name" value=""></dc></metadata></newsitem>