<?xml version="1.0" encoding="UTF-8"?>

<newsitem date="1996-10-30" id="root" itemid="50192" xml:lang="pt">
<title></title>
<headline> RESUMO TRANSACÇÕES NO MERCADO CONTÍNUO - (PDNX). </headline>
<byline></byline>
<dateline></dateline>
<text>
<p>     LISBOA, 30 Out (Reuter) - Transacções no Contínuo (números </p>
<p> da sessão anterior entre parentesis): (MC=milhões de contos). </p>
<p>         Quantidade     Valor </p>
<p> Mercado Contínuo Acções 2.758.394(1.908.842) 6,725 MC( 4,711 MC) </p>
<p>        OT     1.052.033(1.074.110)11,678 MC(12,215 MC) Futuros OT-10     1.850(    2.339)18,960 MC(23,966 MC) Futuros PSI20       320( 142) 0,154 MC( 0,068 MC) Índices  Oficial BVL (.BVLG)     1.083,43    + 0,30 pct     BVL30  (.BVL30)    1.996,76    + 0,28 pct     PSI-20 (.PSI20)    4.759,81    + 0,23 pct     ORF(TRM 7,1275 vs 7,1795 pct)   109,16    + 0,16 pct     FPI (Fincor Privatisation)    1.119,10    + 0,34 pct     ----Lisboa Editorial,1.1.3113121. </p>
<p> (c) Reuters Limited 1996. </p></text>
<copyright>(c) Reuters Limited 1996</copyright>
<metadata>
<codes class="bip:countries:1.0">
<code code="bOMOWjnjwM">
<editdetail action="confirmed" attribution="Reuters BIP Coding Group" date="1996-10-30"></editdetail></code>
<code code="SpdSSrhnXa">
<editdetail action="confirmed" attribution="Reuters BIP Coding Group" date="1996-10-30"></editdetail></code>
<code code="yhgTfJwNmr">
<editdetail action="confirmed" attribution="Reuters BIP Coding Group" date="1996-10-30"></editdetail></code></codes>
<codes class="bip:topics:1.0">
<code code="EuqrLuozPg">
<editdetail action="confirmed" attribution="Reuters BIP Coding Group" date="1996-10-30"></editdetail></code>
<code code="FUfCOzKczN">
<editdetail action="confirmed" attribution="Reuters BIP Coding Group" date="1996-10-30"></editdetail></code></codes>
<dc element="dc.publisher" value="Reuters Holdings Plc"></dc>
<dc element="dc.datepublished" value="1996-10-30"></dc>
<dc element="dc.source" value="Reuters - Notícias em Português"></dc>
<dc element="dc.creator.location" value=""></dc>
<dc element="dc.creator.location.country.name" value=""></dc></metadata></newsitem>