<?xml version="1.0" encoding="UTF-8"?>

<newsitem date="1996-10-16" id="root" itemid="49806" xml:lang="pt">
<title></title>
<headline> PREVISÕES-RESULTADOS 96/97 ALGUMAS BLUE-CHIPS BVL. </headline>
<byline></byline>
<dateline></dateline>
<text>
<p>     Previsões de resultados líquidos e cash-flow de seis </p>
<p> &apos;blue-chips&apos; cotadas na Bolsa de Valores de Lisboa (BVL), </p>
<p> elaboradas pelo Banco Cisf, Fincor Corretora, M.Valores, </p>
<p> Tottadealer e Gesfinc. </p>
<p> EMPRESAS  BCP   BTA   CIMPOR   PORTUCEL  P.TELECOM   SONAE     (valores em milhões de contos) </p>
<p> ---------------------------------------------------------------- </p>
<p> BANCO CISF </p>
<p> 1996 </p>
<p> Res.líquido   ---   18,1   27,8 (0,7) 49,2  9,1 Cash-flow     ---   n.d.   44,0  6,1 162,3 26,9 </p>
<p> 1997 </p>
<p> Res.líquido   ---   18,8   23,5  6,9  57,4  9,8 Cash-flow     ---   n.d.   39,4 13,9 179,8 29,7 </p>
<p> ---------------------------------------------------------------- </p>
<p> FINCOR </p>
<p> 1996 </p>
<p> Res.líquido   ---   ---    24,0  1,3  50,4 13,6 Cash-flow     ---   ---    41,5  8,3 176,3 30,6 </p>
<p> 1997 </p>
<p> Res.líquido   ---   ---    24,9  9,1  61,7 15,7 Cash-flow     ---   ---    39,7 17,2 195,7 35,5 </p>
<p> ---------------------------------------------------------------- </p>
<p> M.VALORES </p>
<p> 1996 </p>
<p> Res.líquido   22,1   16,5   18,2     (0,4)  47,3 12,2 Cash-flow     73,9   43,4   37,6 6,9  161,6 28,1 </p>
<p> 1997 </p>
<p> Res.líquido   24,3   16,9   21,7 7,3   60,6 14,8 Cash-flow     74,3   43,1   40,7     14,2  181,5 40,6 </p>
<p> ---------------------------------------------------------------- </p>
<p> TOTTADEALER </p>
<p> 1996 </p>
<p> Res.líquido   20,4   ----   24,6 0,6    46,1 10,9 Cash-flow     ----   ----   42,4 8,0   162,1 28,1 </p>
<p> 1997 </p>
<p> Res.líquido   25,5   ----   20,1 5,6    55,2 13,5 Cash-flow     ----   ----   39,1     13,5   179,5 35,0 </p>
<p> ---------------------------------------------------------------- </p>
<p> GESFINC </p>
<p> 1996 </p>
<p> Res.líquido   23,5    17,3   20,2     1,0    49,0  8,0 Cash-flow    133,7    41,6   41,5     8,2   165,0 34,3 </p>
<p> 1997 </p>
<p> Res.líquido   24,9    17,7   21,9     8,9    58,0 10,1 Cah-flow     141,8    39,2   40,1    16,4   180,0 41,0 </p>
<p> ---------------------------------------------------------------- </p>
<p> não disponível = n.d. </p>
<p> Actualizado em 8 de Outubro de 1996 </p>
<p>     ----Lisboa Editorial, 351.1.3113121. </p>
<p> (c) Reuters Limited 1996. </p></text>
<copyright>(c) Reuters Limited 1996</copyright>
<metadata>
<codes class="bip:countries:1.0">
<code code="VPoXRGpKhO">
<editdetail action="confirmed" attribution="Reuters BIP Coding Group" date="1996-10-16"></editdetail></code>
<code code="dRuRVmMHYt">
<editdetail action="confirmed" attribution="Reuters BIP Coding Group" date="1996-10-16"></editdetail></code>
<code code="oSfLtIeGhQ">
<editdetail action="confirmed" attribution="Reuters BIP Coding Group" date="1996-10-16"></editdetail></code></codes>
<codes class="bip:topics:1.0">
<code code="BHVPREmNpc">
<editdetail action="confirmed" attribution="Reuters BIP Coding Group" date="1996-10-16"></editdetail></code>
<code code="GhwHdcpWvY">
<editdetail action="confirmed" attribution="Reuters BIP Coding Group" date="1996-10-16"></editdetail></code></codes>
<dc element="dc.publisher" value="Reuters Holdings Plc"></dc>
<dc element="dc.datepublished" value="1996-10-16"></dc>
<dc element="dc.source" value="Reuters - Notícias em Português"></dc>
<dc element="dc.creator.location" value=""></dc>
<dc element="dc.creator.location.country.name" value=""></dc></metadata></newsitem>