<?xml version="1.0" encoding="UTF-8"?>

<newsitem date="1996-08-30" id="root" itemid="48549" xml:lang="pt">
<title></title>
<headline> COTAÇÕES INDICATIVAS DO BANCO PORTUGAL. </headline>
<byline></byline>
<dateline></dateline>
<text>
<p>     LISBOA, 30 Ago (Reuter) - Cotações oficiais indicativas do </p>
<p> Banco de Portugal (BP). Entre parêntesis sessão anterior. </p>
<p> USD 151,883..........(151,523)   NLG 91,476..........(91,492) </p>
<p> DEM 102,568..........(102,595)   BEF 4,9800..........(4,9808) </p>
<p> FRF 29,971............(29,937)   CHF 126,533........(126,864) </p>
<p> GBP 236,523..........(236,196)   JPY 1,3974..........(1,3997) </p>
<p> ESP 1,2130............(1,2120)   SEK 22,954..........(22,885) </p>
<p> XEU 193,188..........(192,972)   NOK 23,669..........(23,608) </p>
<p> ITL 0,10039..........(0,10013)   DKK 26,527..........(26,528) </p>
<p> IEP 245,958..........(245,623)   FIM 33,862..........(33,893) </p>
<p> ATS 14,576............(14,579)   Índice 96,31.........(96,39). </p>
<p> (c) Reuters Limited 1996. </p></text>
<copyright>(c) Reuters Limited 1996</copyright>
<metadata>
<codes class="bip:countries:1.0">
<code code="QHMpnKJGvV">
<editdetail action="confirmed" attribution="Reuters BIP Coding Group" date="1996-08-30"></editdetail></code>
<code code="vohedKWfrv">
<editdetail action="confirmed" attribution="Reuters BIP Coding Group" date="1996-08-30"></editdetail></code>
<code code="xWQRMkbQIX">
<editdetail action="confirmed" attribution="Reuters BIP Coding Group" date="1996-08-30"></editdetail></code></codes>
<codes class="bip:topics:1.0">
<code code="OxsNgHuQrW">
<editdetail action="confirmed" attribution="Reuters BIP Coding Group" date="1996-08-30"></editdetail></code>
<code code="Svxekxzrby">
<editdetail action="confirmed" attribution="Reuters BIP Coding Group" date="1996-08-30"></editdetail></code>
<code code="NhemoxnlBH">
<editdetail action="confirmed" attribution="Reuters BIP Coding Group" date="1996-08-30"></editdetail></code></codes>
<dc element="dc.publisher" value="Reuters Holdings Plc"></dc>
<dc element="dc.datepublished" value="1996-08-30"></dc>
<dc element="dc.source" value="Reuters - Notícias em Português"></dc>
<dc element="dc.creator.location" value=""></dc>
<dc element="dc.creator.location.country.name" value=""></dc></metadata></newsitem>