<?xml version="1.0" encoding="UTF-8"?>

<newsitem date="1996-09-11" id="root" itemid="48824" xml:lang="pt">
<title></title>
<headline> ESCUDO ABRE DESLIZAR VS MARCO A SEGUIR EUROPEIAS. </headline>
<byline></byline>
<dateline></dateline>
<text>
<p> LISBOA, 11 Set (Reuter) - O escudo abriu forte contra o marco, mas ligeiramente mais baixo dos níveis de ontem, a acompanhar os movimentos das restantes moedas europeias, apesar do dólar se manter forte. </p>
<p> O escudo abriu 102,36/39 por marco contra 102,33/36 no fecho de ontem. Às 0835 TMG, o escudo cotava 102,34/37 por marco. </p>
<p> &quot;As moedas do sul da Europa estão solidárias na quebra ligeira contra o marco, que pode ser explicada por tomadas de lucros&quot;, disse um dealer que não quis ser identificado. </p>
<p> &quot;O escudo não está individualizado neste processo, seguindo os movimentos da peseta, Paris (franco) e lira&quot;, disse outro. </p>
<p> &quot;Se estivermos perante uma situação de tomada de lucros e se o dólar se mostrar firme acima dos 1,51 marcos é muito provável que as moedas europeias possam voltar a recuperar contra o marco e se voltem a aproximar dos máximos de ontem&quot;, disse o primeiro operador. </p>
<p> Outros dealers disseram que este movimento era previsível uma vez que os suportes que existiam não foram quebrados de forma consolidada, dando o exemplo do escudo que não partiu os 102,30 por marco e a peseta que também não conseguiu passar os 84,25 por marco. </p>
<p>     ----José Barata, Lisboa Editorial, 351.1.3113121. </p>
<p> (c) Reuters Limited 1996. </p></text>
<copyright>(c) Reuters Limited 1996</copyright>
<metadata>
<codes class="bip:countries:1.0">
<code code="ZVAkWxKtrF">
<editdetail action="confirmed" attribution="Reuters BIP Coding Group" date="1996-09-11"></editdetail></code>
<code code="lQoUwXmcLB">
<editdetail action="confirmed" attribution="Reuters BIP Coding Group" date="1996-09-11"></editdetail></code>
<code code="jljKhdHnhF">
<editdetail action="confirmed" attribution="Reuters BIP Coding Group" date="1996-09-11"></editdetail></code></codes>
<codes class="bip:topics:1.0">
<code code="MURYyULwtQ">
<editdetail action="confirmed" attribution="Reuters BIP Coding Group" date="1996-09-11"></editdetail></code>
<code code="QRbGfWDsGA">
<editdetail action="confirmed" attribution="Reuters BIP Coding Group" date="1996-09-11"></editdetail></code>
<code code="jOrQxfVVhN">
<editdetail action="confirmed" attribution="Reuters BIP Coding Group" date="1996-09-11"></editdetail></code></codes>
<dc element="dc.publisher" value="Reuters Holdings Plc"></dc>
<dc element="dc.datepublished" value="1996-09-11"></dc>
<dc element="dc.source" value="Reuters - Notícias em Português"></dc>
<dc element="dc.creator.location" value=""></dc>
<dc element="dc.creator.location.country.name" value=""></dc></metadata></newsitem>