<?xml version="1.0" encoding="UTF-8"?>

<newsitem date="1996-10-21" id="root" itemid="49918" xml:lang="pt">
<title></title>
<headline> MONETÁRIO ABRE CALMO, BP MANTÉM FACILIDADES. </headline>
<byline></byline>
<dateline></dateline>
<text>
<p> LISBOA, 21 Out (Reuter) - O mercado monetário do escudo abriu calmo, sem muitas alterações de taxas depois do ajustamento em baixa na sexta-feira com o corte de 10 basis points na taxa de cedência, ainda que hoje o banco central tenha contrariado as expectativas de uma descida das taxas das facilidades permanentes. </p>
<p> &quot;O mercado está hoje igual ao fecho de sexta-feira, não noto que tenha havido reacção à manutenção das taxas&quot;, disse uma operadora, acrescentando que os forward rate agreements estão apenas marginalmente mais baixos, mas que isso poderá ser ainda um ajustamento às subidas da semana passada. </p>
<p> O futuro sobre a Lisbor a três meses não efectuou hoje ainda qualquer negócio. Nos FRA, dealers disseram que o movimento é também reduzido. </p>
<p> Operadores contactados pela Reuters na sexta-feira afirmaram que esperavam para hoje um corte na ordem dos 30 basis points da taxa de absorção de fundos, que está em 6,80 pct. </p>
<p> Nos prazos, os três meses estão em 6,77/6,85 pct, os seis meses em 6,63/6,72 pct e o ano em 6,59/6,69 pct. </p>
<p> - Fernanda Pargana, Lisboa Editorial, 351-1-311.31.26 </p>
<p> (c) Reuters Limited 1996. </p></text>
<copyright>(c) Reuters Limited 1996</copyright>
<metadata>
<codes class="bip:countries:1.0">
<code code="WhYdZRqeQV">
<editdetail action="confirmed" attribution="Reuters BIP Coding Group" date="1996-10-21"></editdetail></code>
<code code="YpYAjBSlgr">
<editdetail action="confirmed" attribution="Reuters BIP Coding Group" date="1996-10-21"></editdetail></code>
<code code="CMLOqMjKVj">
<editdetail action="confirmed" attribution="Reuters BIP Coding Group" date="1996-10-21"></editdetail></code></codes>
<codes class="bip:topics:1.0">
<code code="vQzNVOhVzh">
<editdetail action="confirmed" attribution="Reuters BIP Coding Group" date="1996-10-21"></editdetail></code>
<code code="njIFKVHcAa">
<editdetail action="confirmed" attribution="Reuters BIP Coding Group" date="1996-10-21"></editdetail></code>
<code code="PgdmWIyIfA">
<editdetail action="confirmed" attribution="Reuters BIP Coding Group" date="1996-10-21"></editdetail></code></codes>
<dc element="dc.publisher" value="Reuters Holdings Plc"></dc>
<dc element="dc.datepublished" value="1996-10-21"></dc>
<dc element="dc.source" value="Reuters - Notícias em Português"></dc>
<dc element="dc.creator.location" value=""></dc>
<dc element="dc.creator.location.country.name" value=""></dc></metadata></newsitem>