<?xml version="1.0" encoding="UTF-8"?>

<newsitem date="1996-10-08" id="root" itemid="49567" xml:lang="pt">
<title></title>
<headline> FUTURO PSI20 OUT96 CAI 9 PONTOS PARA 4.815. </headline>
<byline></byline>
<dateline></dateline>
<text>
<p> *Futuro PSI20 Out96 cai p/4.815 pontos vs 4.824 fecho *BCI cai 5 escudos para 905. Negociadas 95.600 *Espart cai 60 escudos para 650. Negociadas 6.200 *Lisnave sobe 3 escudos para 425. Negociadsa 5.770 *PT cai 33 escudos para 4.065. Negociadas 4.700 *BMC estável nos 1.303 escudos. Negociadas 2.700 *BFE estável nos 2.560 escudos. Negociadas 2.100. </p>
<p> - Paula Cordeiro, Lisboa Editorial, 351-1-3150035. (c) Reuters Limited 1996. </p></text>
<copyright>(c) Reuters Limited 1996</copyright>
<metadata>
<codes class="bip:countries:1.0">
<code code="jmAHOtuZDQ">
<editdetail action="confirmed" attribution="Reuters BIP Coding Group" date="1996-10-08"></editdetail></code>
<code code="vXuXaMFTOL">
<editdetail action="confirmed" attribution="Reuters BIP Coding Group" date="1996-10-08"></editdetail></code>
<code code="DhbmYzjIHQ">
<editdetail action="confirmed" attribution="Reuters BIP Coding Group" date="1996-10-08"></editdetail></code></codes>
<codes class="bip:topics:1.0">
<code code="NAVRInqDEH">
<editdetail action="confirmed" attribution="Reuters BIP Coding Group" date="1996-10-08"></editdetail></code>
<code code="utJYrZCxuL">
<editdetail action="confirmed" attribution="Reuters BIP Coding Group" date="1996-10-08"></editdetail></code></codes>
<dc element="dc.publisher" value="Reuters Holdings Plc"></dc>
<dc element="dc.datepublished" value="1996-10-08"></dc>
<dc element="dc.source" value="Reuters - Notícias em Português"></dc>
<dc element="dc.creator.location" value=""></dc>
<dc element="dc.creator.location.country.name" value=""></dc></metadata></newsitem>