<?xml version="1.0" encoding="UTF-8"?>

<newsitem date="1996-08-23" id="root" itemid="48393" xml:lang="pt">
<title></title>
<headline> RESUMO DAS TRANSACÇÕES NO MERCADO CONTÍNUO. </headline>
<byline></byline>
<dateline></dateline>
<text>
<p>     LISBOA, 23 Ago (Reuter) - Transacções no Contínuo (números </p>
<p> da sessão anterior entre parentesis): (MC=milhões de contos). </p>
<p>         Quantidade     Valor </p>
<p> Mercado Contínuo Acções 1.671.618(1.171.083) 3,781 MC( 2,482 MC) </p>
<p>        OT  572.360(1.360.133) 5,860 MC(14,214 MC) Futuros OT-10       908(    1.103) 8,695 MC(10,547 MC) Futuros PSI20       120(    1.096) 0,056 MC( 0,514 MC) Índices  Oficial BVL      1.051,73    - 0,24 pct     BVL30      1.954,17    + 0,24 pct     PSI-20     4.667,43    + 0,23 pct     ORF(TRM 7,8599 vs 7,9311 pct)   106,91    + 0,21 pct     FPI (Fincor Privatisation)    1.123,72    - 0,49 pct     ----Lisboa Editorial, 351.1.3113121. </p>
<p> (c) Reuters Limited 1996. </p></text>
<copyright>(c) Reuters Limited 1996</copyright>
<metadata>
<codes class="bip:countries:1.0">
<code code="mIGbsbglic">
<editdetail action="confirmed" attribution="Reuters BIP Coding Group" date="1996-08-23"></editdetail></code>
<code code="ZCsBieybkI">
<editdetail action="confirmed" attribution="Reuters BIP Coding Group" date="1996-08-23"></editdetail></code>
<code code="YcJAKShSyG">
<editdetail action="confirmed" attribution="Reuters BIP Coding Group" date="1996-08-23"></editdetail></code></codes>
<codes class="bip:topics:1.0">
<code code="qYBStiHZdv">
<editdetail action="confirmed" attribution="Reuters BIP Coding Group" date="1996-08-23"></editdetail></code>
<code code="cxgVMJOMAG">
<editdetail action="confirmed" attribution="Reuters BIP Coding Group" date="1996-08-23"></editdetail></code>
<code code="XmogiMpOCO">
<editdetail action="confirmed" attribution="Reuters BIP Coding Group" date="1996-08-23"></editdetail></code></codes>
<dc element="dc.publisher" value="Reuters Holdings Plc"></dc>
<dc element="dc.datepublished" value="1996-08-23"></dc>
<dc element="dc.source" value="Reuters - Notícias em Português"></dc>
<dc element="dc.creator.location" value=""></dc>
<dc element="dc.creator.location.country.name" value=""></dc></metadata></newsitem>