<?xml version="1.0" encoding="UTF-8"?>

<newsitem date="1996-08-20" id="root" itemid="48254" xml:lang="pt">
<title></title>
<headline> ESCUDO ABRE ESTÁVEL, CENTRADO 102,50 POR MARCO. </headline>
<byline></byline>
<dateline></dateline>
<text>
<p> 0825 TMG - O escudo abriu estável contra o marco, com o mercado a revelar grande equilíbrio nos 102,50. Dealers dizem que o escudo deverá oscilar entre 102,50 e 102,60 por marco e que o mercado está condicionado pela reunião de hoje do FOMC e quinta-feira do Buba. </p>
<p> *Escudo 102,52/55 por marco contra 102,55/60 fecho de ontem </p>
<p> *Peseta 84,52/53 por marco contra 84,60/65 fecho de ontem </p>
<p> *Dólar 1,4901/06 marcos vs 1,4866/71 fecho Europa de ontem </p>
<p> *Tesouro leiloa 20 MC, sem contar tranche OEVT, OT/Mar/01 </p>
<p> *M3 alemão de Julho abranda para 8,6 pct vs 9,6 pct Junho </p></text>
<copyright>(c) Reuters Limited 1996</copyright>
<metadata>
<codes class="bip:countries:1.0">
<code code="ypTEkwYWHQ">
<editdetail action="confirmed" attribution="Reuters BIP Coding Group" date="1996-08-20"></editdetail></code>
<code code="DaipBoHuAE">
<editdetail action="confirmed" attribution="Reuters BIP Coding Group" date="1996-08-20"></editdetail></code>
<code code="hcrdEuItAI">
<editdetail action="confirmed" attribution="Reuters BIP Coding Group" date="1996-08-20"></editdetail></code></codes>
<codes class="bip:topics:1.0">
<code code="hjYYrkreRP">
<editdetail action="confirmed" attribution="Reuters BIP Coding Group" date="1996-08-20"></editdetail></code>
<code code="RBDgkGkxmC">
<editdetail action="confirmed" attribution="Reuters BIP Coding Group" date="1996-08-20"></editdetail></code>
<code code="RvNkEqzKkk">
<editdetail action="confirmed" attribution="Reuters BIP Coding Group" date="1996-08-20"></editdetail></code></codes>
<dc element="dc.publisher" value="Reuters Holdings Plc"></dc>
<dc element="dc.datepublished" value="1996-08-20"></dc>
<dc element="dc.source" value="Reuters - Notícias em Português"></dc>
<dc element="dc.creator.location" value=""></dc>
<dc element="dc.creator.location.country.name" value=""></dc></metadata></newsitem>