<?xml version="1.0" encoding="UTF-8"?>

<newsitem date="1996-10-14" id="root" itemid="49744" xml:lang="pt">
<title></title>
<headline> MONETÁRIO FECHA CALMO, FERIADO EUA AJUDA APATIA. </headline>
<byline></byline>
<dateline></dateline>
<text>
<p> LISBOA, 14 Out (Reuter) - O mercado monetário do escudo fechou calmo, depois de um dia sem interesses especiais, em que as taxas se mantiveram estáveis. No curto prazo, segundo dealers, não parecem existir problemas de falta de fundos. </p>
<p> &quot;O mercado hoje pautou-se sobretudo por uma grande apatia, a que ajudou o feriado nos Estados Unidos&quot;, disse um operador. </p>
<p> &quot;Está-se à espera do leilão &apos;repo&apos; amanhã em Espanha, embora não sejam esperadas alterações de taxas&quot;, acrescentou. </p>
<p> &quot;Quem quer comprar (nos prazos longos) não o faz porque está à espera de uma descida e, quem quer vender, quer confirmar que as taxas são mesmo para descer, daí o pouco interesse&quot;,concluiu. </p>
<p> No fecho, os prazos estavam ao nível da abertura, com os três meses em 6,80/6,90 pct, os seis meses em 6,70/6,78 pct e o ano em 6,65/6,73 pct. </p>
<p> - Fernanda Pargana, Lisboa Editorial, 351-1-311.31.26 </p>
<p> (c) Reuters Limited 1996. </p></text>
<copyright>(c) Reuters Limited 1996</copyright>
<metadata>
<codes class="bip:countries:1.0">
<code code="EjmWiBBxzS">
<editdetail action="confirmed" attribution="Reuters BIP Coding Group" date="1996-10-14"></editdetail></code>
<code code="KIVLYKFoJu">
<editdetail action="confirmed" attribution="Reuters BIP Coding Group" date="1996-10-14"></editdetail></code>
<code code="EdonUuadFH">
<editdetail action="confirmed" attribution="Reuters BIP Coding Group" date="1996-10-14"></editdetail></code></codes>
<codes class="bip:topics:1.0">
<code code="CkAbvIeyeN">
<editdetail action="confirmed" attribution="Reuters BIP Coding Group" date="1996-10-14"></editdetail></code>
<code code="mwaJcnCPOU">
<editdetail action="confirmed" attribution="Reuters BIP Coding Group" date="1996-10-14"></editdetail></code></codes>
<dc element="dc.publisher" value="Reuters Holdings Plc"></dc>
<dc element="dc.datepublished" value="1996-10-14"></dc>
<dc element="dc.source" value="Reuters - Notícias em Português"></dc>
<dc element="dc.creator.location" value=""></dc>
<dc element="dc.creator.location.country.name" value=""></dc></metadata></newsitem>