<?xml version="1.0" encoding="UTF-8"?>

<newsitem date="1996-10-14" id="root" itemid="49724" xml:lang="pt">
<title></title>
<headline> FUTURO MARÇO 1997 ABRE ESTÁVEL EM 93,59. </headline>
<byline></byline>
<dateline></dateline>
<text>
<p> LISBOA, 14 Out (Reuter) - O vencimento de Março de 1997 do futuro sobre a Lisbor a três meses abriu a 93,59, estável face ao fecho anterior, com cinco contratos. </p>
<p> *Tesouro coloca 15 MC BT, 91 dias, TMP 6,7863 pct vs 6,8397 </p>
<p> *BP mantém facilidade absorção TRM 7 dias, em 6,80 pct </p>
<p> *BP mantém facilidade permanente cedência diária em 9,00%. </p>
<p> (c) Reuters Limited 1996. </p></text>
<copyright>(c) Reuters Limited 1996</copyright>
<metadata>
<codes class="bip:countries:1.0">
<code code="MvJoReLinE">
<editdetail action="confirmed" attribution="Reuters BIP Coding Group" date="1996-10-14"></editdetail></code>
<code code="OYLEmJFrdl">
<editdetail action="confirmed" attribution="Reuters BIP Coding Group" date="1996-10-14"></editdetail></code>
<code code="uRzZfuvywK">
<editdetail action="confirmed" attribution="Reuters BIP Coding Group" date="1996-10-14"></editdetail></code></codes>
<codes class="bip:topics:1.0">
<code code="dLhfDvGqDt">
<editdetail action="confirmed" attribution="Reuters BIP Coding Group" date="1996-10-14"></editdetail></code>
<code code="uFGAROzjEm">
<editdetail action="confirmed" attribution="Reuters BIP Coding Group" date="1996-10-14"></editdetail></code>
<code code="HqlCFNbfaR">
<editdetail action="confirmed" attribution="Reuters BIP Coding Group" date="1996-10-14"></editdetail></code></codes>
<dc element="dc.publisher" value="Reuters Holdings Plc"></dc>
<dc element="dc.datepublished" value="1996-10-14"></dc>
<dc element="dc.source" value="Reuters - Notícias em Português"></dc>
<dc element="dc.creator.location" value=""></dc>
<dc element="dc.creator.location.country.name" value=""></dc></metadata></newsitem>