<?xml version="1.0" encoding="UTF-8"?>

<newsitem date="1996-10-16" id="root" itemid="49821" xml:lang="pt">
<title></title>
<headline> ESCUDO FORTE MANHÃ VS MARCO, DÓLAR INIBE SUBIDA. </headline>
<byline></byline>
<dateline></dateline>
<text>
<p> O escudo manteve-se forte ao longo da manhã, mas a aliviar dos máximos da sessão contra o marco. Dealers dizem que o escudo deverá manter-se num range entre 100,80, onde existe um bom suporte, e os 101,00. O facto de o dólar ter recuado ligeiramente contra o marco inibe maiores ganhos do escudo, disseram dealers. </p>
<p> *Escudo 100,95/97 por marco contra 100,87/91 na abertura </p>
<p> *Escudo oscilou entre 100,85 e 100,99 por marco </p>
<p> *Peseta 84,09/11 por marco contra 84,06/08 na abertura </p>
<p> *Dólar 1,5392/95 marcos vs 1,5425/32 abertura Europa </p>
<p> *IPC Set EUA prevê-se +0,3%,range 0,2/0,4, vs +0,1 Ago </p>
<p> *BP diz não houve procura para a cedência de 60 MC, 5 dias. </p>
<p>     ----Lisboa Editorial, 351.1.3113121. </p>
<p> (c) Reuters Limited 1996. </p></text>
<copyright>(c) Reuters Limited 1996</copyright>
<metadata>
<codes class="bip:countries:1.0">
<code code="oqIpElSxlR">
<editdetail action="confirmed" attribution="Reuters BIP Coding Group" date="1996-10-16"></editdetail></code>
<code code="DVhGJZmUKy">
<editdetail action="confirmed" attribution="Reuters BIP Coding Group" date="1996-10-16"></editdetail></code>
<code code="lnLnYocjPI">
<editdetail action="confirmed" attribution="Reuters BIP Coding Group" date="1996-10-16"></editdetail></code></codes>
<codes class="bip:topics:1.0">
<code code="ueEpNKJvEq">
<editdetail action="confirmed" attribution="Reuters BIP Coding Group" date="1996-10-16"></editdetail></code>
<code code="XQvlqJpxoS">
<editdetail action="confirmed" attribution="Reuters BIP Coding Group" date="1996-10-16"></editdetail></code>
<code code="qCzgMnCNnE">
<editdetail action="confirmed" attribution="Reuters BIP Coding Group" date="1996-10-16"></editdetail></code></codes>
<dc element="dc.publisher" value="Reuters Holdings Plc"></dc>
<dc element="dc.datepublished" value="1996-10-16"></dc>
<dc element="dc.source" value="Reuters - Notícias em Português"></dc>
<dc element="dc.creator.location" value=""></dc>
<dc element="dc.creator.location.country.name" value=""></dc></metadata></newsitem>