<?xml version="1.0" encoding="UTF-8"?>

<newsitem date="1996-09-06" id="root" itemid="48700" xml:lang="pt">
<title></title>
<headline> O ESCUDO ABRIU CALMO. </headline>
<byline></byline>
<dateline></dateline>
<text>
<p> LISBOA, 6 Set (Reuter) - O escudo abriu calmo, sem muito movimento e aguardar a saída dos indicadores económicos esta tarde nos Estados Unidos, considerados relativamente importantes para a definição da política monetária americana. </p>
<p> O escudo abriu a 102,40/44 por marco, contra 102,43/46 no fecho de ontem. Pelas 0825 TMG cotava 102,41/43. </p>
<p> &quot;O nosso mercado não tem quase nenhum movimento, e a situação não deve mudar até saírem os indicadores americanos&quot;, disse um operador. </p>
<p> &quot;Se o indicadores forem fortes, não é de excluir uma subida de taxas e isso muda algumas coisas&quot;, acrescentou. </p>
<p>     O Wall Street Journal cita hoje fontes da Reserva Federal </p>
<p> que afirmam que se os números dos &apos;payrolls&apos; forem altos e </p>
<p> houver um aumento rápido dos rendimentos por hora, podem levar a </p>
<p> um aumento em meio ponto percentual das taxas de curto prazo. </p>
<p>     ----José Barata, Lisboa Editorial, 351.1.3113121. </p>
<p> (c) Reuters Limited 1996. </p></text>
<copyright>(c) Reuters Limited 1996</copyright>
<metadata>
<codes class="bip:countries:1.0">
<code code="nxMBtEUPCD">
<editdetail action="confirmed" attribution="Reuters BIP Coding Group" date="1996-09-06"></editdetail></code>
<code code="gmaiBccfkk">
<editdetail action="confirmed" attribution="Reuters BIP Coding Group" date="1996-09-06"></editdetail></code>
<code code="SZrFjmcMPE">
<editdetail action="confirmed" attribution="Reuters BIP Coding Group" date="1996-09-06"></editdetail></code></codes>
<codes class="bip:topics:1.0">
<code code="caoWASSung">
<editdetail action="confirmed" attribution="Reuters BIP Coding Group" date="1996-09-06"></editdetail></code>
<code code="wpoGvCuKcg">
<editdetail action="confirmed" attribution="Reuters BIP Coding Group" date="1996-09-06"></editdetail></code>
<code code="TMFKUOATWd">
<editdetail action="confirmed" attribution="Reuters BIP Coding Group" date="1996-09-06"></editdetail></code></codes>
<dc element="dc.publisher" value="Reuters Holdings Plc"></dc>
<dc element="dc.datepublished" value="1996-09-06"></dc>
<dc element="dc.source" value="Reuters - Notícias em Português"></dc>
<dc element="dc.creator.location" value=""></dc>
<dc element="dc.creator.location.country.name" value=""></dc></metadata></newsitem>