<?xml version="1.0" encoding="UTF-8"?>

<newsitem date="1996-08-30" id="root" itemid="48555" xml:lang="pt">
<title></title>
<headline> ACÇÕES SEGUEM ALHEIAS À QUEDA DOS MERCADOS LÁ FORA. </headline>
<byline></byline>
<dateline></dateline>
<text>
<p> 1412 TMG - As acções do Contínuo seguiam sem fortes oscilações na meia sessão e a liquidez a somar 1,5 milhões de contos, alheias à queda dos mercados internacionais, depois da divulgação de alguns indicadores económicos. Portugal Telecom (PT) ajusta a Nova Iorque e Lusomundo-SGPS sobe com resultados do semestre. Futuros PSI20 descem com pouca liquidez. *Índice PSI-20 cai 0,05 pct para 4.712,94 pontos *PT cai 18 escudos para 4.051. Negociadas 141.493 *Lusomundo sobe 48 escudos para 1.088. Negociadas 86.600 *Futuro PSI-20 Set/96 cai p/ 4.732 vs 4.735 ontem. </p></text>
<copyright>(c) Reuters Limited 1996</copyright>
<metadata>
<codes class="bip:countries:1.0">
<code code="KbBluzLCoK">
<editdetail action="confirmed" attribution="Reuters BIP Coding Group" date="1996-08-30"></editdetail></code>
<code code="xQnfMqyPEl">
<editdetail action="confirmed" attribution="Reuters BIP Coding Group" date="1996-08-30"></editdetail></code>
<code code="olAGMNqpzk">
<editdetail action="confirmed" attribution="Reuters BIP Coding Group" date="1996-08-30"></editdetail></code></codes>
<codes class="bip:topics:1.0">
<code code="nmNVzktwzQ">
<editdetail action="confirmed" attribution="Reuters BIP Coding Group" date="1996-08-30"></editdetail></code>
<code code="fDCvPfTQOb">
<editdetail action="confirmed" attribution="Reuters BIP Coding Group" date="1996-08-30"></editdetail></code></codes>
<dc element="dc.publisher" value="Reuters Holdings Plc"></dc>
<dc element="dc.datepublished" value="1996-08-30"></dc>
<dc element="dc.source" value="Reuters - Notícias em Português"></dc>
<dc element="dc.creator.location" value=""></dc>
<dc element="dc.creator.location.country.name" value=""></dc></metadata></newsitem>