<?xml version="1.0" encoding="UTF-8"?>

<newsitem date="1996-10-10" id="root" itemid="49649" xml:lang="pt">
<title></title>
<headline> ACÇÕES SEGUEM SUSTENTADAS EM ALTA, BMC FAZ PASSAGEM. </headline>
<byline></byline>
<dateline></dateline>
<text>
<p> LISBOA, 10 Out (Reuter) - As acções do Contínuo e os Futuros sobre o PSI20 abriram sustentados em alta e a liquidez no cash a somar 1,9 milhões de contos (MC) com operadores a afirmarem que o sentimento positivo quanto à evolução do mercado se mantém. </p>
<p> &quot;O mercado está mais calmo que ontem como se pode notar, mas no fim deve gerar cerca de três MC&quot;, afirmou um dealer. </p>
<p> A passagem de acções do Banco Mello Comercial (BMC) representa cerca de 40 pct do volume de negócios. </p>
<p> &quot;O sentimento positivo quanto à evolução futura do mercado mantém-se, mas a debilidade das Bolsas lá fora está a limitar os ganhos internamente&quot;, disse outro operador. </p>
<p> &quot;Nenhum dos títulos que fazem parte do Grupo BPSM /BTA reagiu ao anúncio do Projecto Harmonia, pura e simplesmente porque este não traz nada de novo&quot;, disse um operador. </p>
<p> Mudaram de mãos 4.600 acções do Banco Pinto &amp; Sotto Mayor (BPSM) a descerem um escudo para 1.030, 21.150 do Banco Totta &amp; Açores (BTA) a descerem quatro escudos para 2.760 e do Crédito Predial Português 4.300 a perderem cinco escudos para 1.530. </p>
<p> A Mundial Confiança é o papel mais transaccionado. </p>
<p> As acções do BCP voltam a registar interesse. </p>
<p> Operadores disseram que a subida do BCP se deve ao interesse de &apos;alguém&apos; em não deixar o papel quebrar dos actuais níveis. </p>
<p> O BCP variou hoje entre 1.877 e 1.890 escudos. </p>
<p> Mudaram de mãos 97.021 BCP a subirem 15 escudos para 1.890. </p>
<p> Por outro lado, no BES denota-se a realização de algumas mais-valias depois da forte subida ontem que atirou o papel para o máximo do ano nos 2.660 escudos. </p>
<p> Negociaram-se 70.163 BES a descerem 11 escudos para 2.630. </p>
<p> - Paula Cordeiro, Lisboa Editorial, 351-1-3150035. </p>
<p> (c) Reuters Limited 1996. </p></text>
<copyright>(c) Reuters Limited 1996</copyright>
<metadata>
<codes class="bip:countries:1.0">
<code code="KUPbLmCQcm">
<editdetail action="confirmed" attribution="Reuters BIP Coding Group" date="1996-10-10"></editdetail></code>
<code code="CxYcSZQiiO">
<editdetail action="confirmed" attribution="Reuters BIP Coding Group" date="1996-10-10"></editdetail></code>
<code code="uSlmMzjRlF">
<editdetail action="confirmed" attribution="Reuters BIP Coding Group" date="1996-10-10"></editdetail></code></codes>
<codes class="bip:topics:1.0">
<code code="bPuFHZVQbh">
<editdetail action="confirmed" attribution="Reuters BIP Coding Group" date="1996-10-10"></editdetail></code>
<code code="lLtEuTPMMH">
<editdetail action="confirmed" attribution="Reuters BIP Coding Group" date="1996-10-10"></editdetail></code></codes>
<dc element="dc.publisher" value="Reuters Holdings Plc"></dc>
<dc element="dc.datepublished" value="1996-10-10"></dc>
<dc element="dc.source" value="Reuters - Notícias em Português"></dc>
<dc element="dc.creator.location" value=""></dc>
<dc element="dc.creator.location.country.name" value=""></dc></metadata></newsitem>