<?xml version="1.0" encoding="UTF-8"?>

<newsitem date="1996-09-06" id="root" itemid="48725" xml:lang="pt">
<title></title>
<headline> ACÇÕES E FUTUROS PSI RECUPERAM, MANTÉM TOM POSITIVO. </headline>
<byline></byline>
<dateline></dateline>
<text>
<p> As acções do Contínuo e os Futuros sobre o PSI fecharam a recuperar, mas o índice PSI20 ainda em queda ligeira, e a liquidez no cash a somar cinco milhões de contos (MC). Operadores afirmaram que o mercado fechou optimista e apesar de segunda-feira ser sempre um dia mais calmo, o tom positivo deve prevalecer. BCP, PT e BFE em forte destaque geram 2,6 MC. *Índice PSI-20 cai 0,30 pct para 4.768,84 pontos *BCP sobe 2 escudos para 1.869. Negociadas 370.173 *PT cai 9 escudos para 4.120. Negociadas 342.270 *PT Nova Iorque estável 27 dólares (4.122 escudos) *Futuro PSI-20 Set/96 cai p/ 4.780 vs 4.781 ontem. </p>
<p> - Paula Cordeiro, Lisboa Editorial, 351-1-3150035. (c) Reuters Limited 1996. </p></text>
<copyright>(c) Reuters Limited 1996</copyright>
<metadata>
<codes class="bip:countries:1.0">
<code code="GbqHxSjwkc">
<editdetail action="confirmed" attribution="Reuters BIP Coding Group" date="1996-09-06"></editdetail></code>
<code code="BxNSOdCwdy">
<editdetail action="confirmed" attribution="Reuters BIP Coding Group" date="1996-09-06"></editdetail></code>
<code code="RsaOFhYRTD">
<editdetail action="confirmed" attribution="Reuters BIP Coding Group" date="1996-09-06"></editdetail></code></codes>
<codes class="bip:topics:1.0">
<code code="HBLSXbnoiU">
<editdetail action="confirmed" attribution="Reuters BIP Coding Group" date="1996-09-06"></editdetail></code>
<code code="zaXOviOGhD">
<editdetail action="confirmed" attribution="Reuters BIP Coding Group" date="1996-09-06"></editdetail></code></codes>
<dc element="dc.publisher" value="Reuters Holdings Plc"></dc>
<dc element="dc.datepublished" value="1996-09-06"></dc>
<dc element="dc.source" value="Reuters - Notícias em Português"></dc>
<dc element="dc.creator.location" value=""></dc>
<dc element="dc.creator.location.country.name" value=""></dc></metadata></newsitem>