<?xml version="1.0" encoding="UTF-8"?>

<newsitem date="1996-10-09" id="root" itemid="49619" xml:lang="pt">
<title></title>
<headline> AUMENTOS REAIS FUNÇÃO PÚBLICA 97 REDUZIDOS-GUTERRES. </headline>
<byline></byline>
<dateline></dateline>
<text>
<p> LISBOA, 9 Out (Reuter) - Os aumentos da função pública em 1997 não devem implicar uma perda de poder de compra mas, além disso, os ganhos devem ser &apos;extremamente reduzidos&apos;, disse o primeiro-ministro num encontro promovido pela AIP. </p>
<p> &quot;Qualquer aumento de poder de compra (da função pública em 1997) terá que ser extremamente reduzido, a bem de todos nós&quot;, disse António Guterres, num almoço-debate promovido pela Associação Industrial Portuguesa (AIP). </p>
<p> Mas realçou também ser uma das preocupações para o orçamento de Estado do próximo ano que &quot;a função pública não perca poder de compra&quot;. </p>
<p> Começaram hoje as negociações, em sede de concertação social, sobre os aumentos da função pública em 1997. </p>
<p> Ao nível das linhas orçamentais para 1997, o primeiro-ministro destacou ainda o empenho em atingir um défice do Sector Público Administrativo (SPA), na óptica da contabilidade nacional, de 2,9 pct do produto interno bruto, quando o mínimo exigido pelos critérios para a moeda única é de 3,0 pct. </p>
<p> Disse que se mantêm três preocupações, uma das quais não aumentar os impostos e a segunda manter a &apos;consciência social&apos;, nomeadamente com o rendimento mínimo garantido. </p>
<p> A terceira é manter o elevado nível de investimento público, designadamente pela passagem para o sector privado de algumas áreas que pode ser este sector a explorar. </p>
<p> &quot;É nossa esperança que o nível elevado do investimento público, o não aumento de impostos e a margem de manobra, embora reduzida, para incentivos à actividade empresarial, e com a moderação salarial, permitam olhar para a economia no próximo ano com um optimismo moderado&quot;, afirmou o primeiro-ministro. </p>
<p> - Fernanda Pargana, Lisboa Editorial, 351-1-3113126. </p>
<p> (c) Reuters Limited 1996. </p></text>
<copyright>(c) Reuters Limited 1996</copyright>
<metadata>
<codes class="bip:countries:1.0">
<code code="ZakaYeIPyr">
<editdetail action="confirmed" attribution="Reuters BIP Coding Group" date="1996-10-09"></editdetail></code>
<code code="BySomJxGtr">
<editdetail action="confirmed" attribution="Reuters BIP Coding Group" date="1996-10-09"></editdetail></code>
<code code="QugHcchnZf">
<editdetail action="confirmed" attribution="Reuters BIP Coding Group" date="1996-10-09"></editdetail></code></codes>
<codes class="bip:topics:1.0">
<code code="ALyzwVEloo">
<editdetail action="confirmed" attribution="Reuters BIP Coding Group" date="1996-10-09"></editdetail></code>
<code code="RBJYeYIvIw">
<editdetail action="confirmed" attribution="Reuters BIP Coding Group" date="1996-10-09"></editdetail></code>
<code code="BcOgNzYTcI">
<editdetail action="confirmed" attribution="Reuters BIP Coding Group" date="1996-10-09"></editdetail></code>
<code code="jSbhZGXvqd">
<editdetail action="confirmed" attribution="Reuters BIP Coding Group" date="1996-10-09"></editdetail></code></codes>
<dc element="dc.publisher" value="Reuters Holdings Plc"></dc>
<dc element="dc.datepublished" value="1996-10-09"></dc>
<dc element="dc.source" value="Reuters - Notícias em Português"></dc>
<dc element="dc.creator.location" value=""></dc>
<dc element="dc.creator.location.country.name" value=""></dc></metadata></newsitem>