<?xml version="1.0" encoding="UTF-8"?>

<newsitem date="1996-10-22" id="root" itemid="49965" xml:lang="pt">
<title></title>
<headline> MMI TRANSACCIONA 248,366 MC, FUTUROS FAZEM 7,3 MC. </headline>
<byline></byline>
<dateline></dateline>
<text>
<p> LISBOA, 22 Out (Reuter) - O Mercado Monetário Interbancário (MMI) movimentou hoje 248,366 milhões de contos (MC) com 99 negócios nas operações com data-valor do próprio dia, a um e a dois dias, informou o Banco de Portugal. </p>
<p> O overnight (o/n) movimentou 89,630 MC com operações com data-valor do dia a uma taxa média ponderada (TMP) de 6,9713 pct contra 6,9928 pct na sessão anterior. </p>
<p> No mercado de futuros sobre a Lisbor a três meses fizeram-se 73 contratos no montante de 7,3 MC, contra 5,5 MC na anterior sessão. </p>
<p> - Lisboa Editorial, 351-1-315.00.35. </p>
<p> (c) Reuters Limited 1996. </p></text>
<copyright>(c) Reuters Limited 1996</copyright>
<metadata>
<codes class="bip:countries:1.0">
<code code="zyrGlxcevr">
<editdetail action="confirmed" attribution="Reuters BIP Coding Group" date="1996-10-22"></editdetail></code>
<code code="hOlRTSBKUU">
<editdetail action="confirmed" attribution="Reuters BIP Coding Group" date="1996-10-22"></editdetail></code>
<code code="loOJJyngrV">
<editdetail action="confirmed" attribution="Reuters BIP Coding Group" date="1996-10-22"></editdetail></code></codes>
<codes class="bip:topics:1.0">
<code code="yrphIcHlQO">
<editdetail action="confirmed" attribution="Reuters BIP Coding Group" date="1996-10-22"></editdetail></code>
<code code="uWarFZEkvz">
<editdetail action="confirmed" attribution="Reuters BIP Coding Group" date="1996-10-22"></editdetail></code>
<code code="RotqUMOssd">
<editdetail action="confirmed" attribution="Reuters BIP Coding Group" date="1996-10-22"></editdetail></code></codes>
<dc element="dc.publisher" value="Reuters Holdings Plc"></dc>
<dc element="dc.datepublished" value="1996-10-22"></dc>
<dc element="dc.source" value="Reuters - Notícias em Português"></dc>
<dc element="dc.creator.location" value=""></dc>
<dc element="dc.creator.location.country.name" value=""></dc></metadata></newsitem>