<?xml version="1.0" encoding="UTF-8"?>

<newsitem date="1996-09-18" id="root" itemid="49042" xml:lang="pt">
<title></title>
<headline> ACÇÕES CAEM, MAS PT RECUPERA C/ PREVISÃO SEMESTRE. </headline>
<byline></byline>
<dateline></dateline>
<text>
<p> LISBOA, 18 Set (Reuter) - As acções do Contínuo e os Futuros sobre o PSI20 seguiam em queda, mas a recuperarem dos mínimos do dia, como é o caso da Sonae e da Portugal Telecom (PT), sendo possível que o mercado feche mais positivo que nas últimas sessões, afirmaram dealers. </p>
<p> &quot;O mercado está a recuperar, principalmente em alguns papéis, como é o caso da PT e da Sonae Investimentos, que já perderem muito&quot;, disse um operador. </p>
<p> &quot;Pode ser que o fecho de hoje seja melhor que o das últimas sessões e depois verificam-se sempre puxadas antes do mercado terminar&quot;, afirmou outro dealer. </p>
<p> No mercado cash, negociaram-se 3,3 milhões de contos. </p>
<p> Analistas contactados pela Reuters, prevêem que a PT tenha fechado o primeiro semestre de 1996 com um lucro líquido consolidado entre 20 e 26 milhões de contos. </p>
<p> As acções da PT estão a subir 39 escudos para 4.094, tendo-se negociado 66.111 papéis. A PT variou entre 4.022 e 4.098 escudos. </p>
<p> Edgar Pinto Ribeiro, administrador do grupo Sonae, disse, à Reuters, que a Sonae Investimentos adquiriu hoje em Bolsa cerca de 90.000 acções, das quais 80.000 provenientes de subsidiárias e 10.000 de compra efectiva. </p>
<p> As acções da Sonae Investimentos variaram hoje entre 4.420 e 4.500 escudos. </p>
<p> Hoje, na Bolsa de Valores de Lisboa, mudaram de mãos 117.088 acções da Sonae Investimentos a subirem 10 escudos para 4.450. </p>
<p> Do BCP negociaram-se 142.405 títulos estáveis nos 1.880 escudos e da Lisnave 141.623 a subirem 11 escudos para 380. </p>
<p> A Inapa-SGPS está subir 109 escudos para 2.879, tendo transaccionado 69.766 títulos. </p>
<p> - Paula Cordeiro, Lisboa Editorial, 351-1-3150035. </p>
<p> (c) Reuters Limited 1996. </p></text>
<copyright>(c) Reuters Limited 1996</copyright>
<metadata>
<codes class="bip:countries:1.0">
<code code="ndfVheBoTq">
<editdetail action="confirmed" attribution="Reuters BIP Coding Group" date="1996-09-18"></editdetail></code>
<code code="kbotzDDTJX">
<editdetail action="confirmed" attribution="Reuters BIP Coding Group" date="1996-09-18"></editdetail></code>
<code code="dXEXlhThRH">
<editdetail action="confirmed" attribution="Reuters BIP Coding Group" date="1996-09-18"></editdetail></code></codes>
<codes class="bip:topics:1.0">
<code code="PSpYskkCUs">
<editdetail action="confirmed" attribution="Reuters BIP Coding Group" date="1996-09-18"></editdetail></code>
<code code="qIvsVaIigg">
<editdetail action="confirmed" attribution="Reuters BIP Coding Group" date="1996-09-18"></editdetail></code></codes>
<dc element="dc.publisher" value="Reuters Holdings Plc"></dc>
<dc element="dc.datepublished" value="1996-09-18"></dc>
<dc element="dc.source" value="Reuters - Notícias em Português"></dc>
<dc element="dc.creator.location" value=""></dc>
<dc element="dc.creator.location.country.name" value=""></dc></metadata></newsitem>