<?xml version="1.0" encoding="UTF-8"?>

<newsitem date="1996-10-18" id="root" itemid="49876" xml:lang="pt">
<title></title>
<headline> NÚMERO DESEMPREGADOS IEFP CAI 0,3 PCT EM SET 96. </headline>
<byline></byline>
<dateline></dateline>
<text>
<p> LISBOA, 18 Out (Reuter) - O número de desempregados inscritos no continente e regiões autónomas nos centros de emprego do Instituto de Emprego e Formação Profissional (IEFP) caiu, em Setembro de 1996, 0,3 pct para 451.174 em relação a Agosto, anunciou hoje o IEFP. </p>
<p> Comparativamente com Setembro de 1995, o número de desempregados cresceu 6,1 pct. </p>
<p> No continente, o número de desempregados caiu também, em Setembro, 0,3 pct relativamente ao mês de Agosto e subiu 6,3 pct contra Setembro de 1995 para 440.204. </p>
<p> A taxa de desemprego, no terceiro trimestre de 1996, foi de 7,1 pct contra 7,2 pct no trimestre anterior e 6,9 pct no terceiro trimestre de 1995, segundo o inquérito ao emprego, divulgado pelo Instituto Nacional de Estatística (INE). </p>
<p> As estatísticas do INE e do IEFP não são comparáveis. </p>
<p> - Lisboa Editorial, 351-1-3150035. </p>
<p> (c) Reuters Limited 1996. </p></text>
<copyright>(c) Reuters Limited 1996</copyright>
<metadata>
<codes class="bip:countries:1.0">
<code code="NPlFceNHGy">
<editdetail action="confirmed" attribution="Reuters BIP Coding Group" date="1996-10-18"></editdetail></code>
<code code="lsENMxsJdt">
<editdetail action="confirmed" attribution="Reuters BIP Coding Group" date="1996-10-18"></editdetail></code>
<code code="wQCznjczYD">
<editdetail action="confirmed" attribution="Reuters BIP Coding Group" date="1996-10-18"></editdetail></code></codes>
<codes class="bip:topics:1.0">
<code code="nspZnoOzWB">
<editdetail action="confirmed" attribution="Reuters BIP Coding Group" date="1996-10-18"></editdetail></code>
<code code="WaPMKrYUJC">
<editdetail action="confirmed" attribution="Reuters BIP Coding Group" date="1996-10-18"></editdetail></code></codes>
<dc element="dc.publisher" value="Reuters Holdings Plc"></dc>
<dc element="dc.datepublished" value="1996-10-18"></dc>
<dc element="dc.source" value="Reuters - Notícias em Português"></dc>
<dc element="dc.creator.location" value=""></dc>
<dc element="dc.creator.location.country.name" value=""></dc></metadata></newsitem>