<?xml version="1.0" encoding="UTF-8"?>

<newsitem date="1996-09-10" id="root" itemid="48797" xml:lang="pt">
<title></title>
<headline> ACÇÕES E FUTUROS PSI20 SEGUEM EM ALTA LIGEIRA. </headline>
<byline></byline>
<dateline></dateline>
<text>
<p> As acções do Contínuo e os Futuros sobre o PSI seguiam em alta na meia sessão, mas o índice menos forte, com alguns papéis a seguirem o recuar das praças europeias depois da abertura de Nova Iorque em queda, afirmaram operadores. *Índice PSI-20 sobe 0,35 pct para 4.800,96 pontos *M.Confiança cai 1 escudo p/1.275. Negociadas 246.849 *BCP sobe 23 escudos para 1.893. Negociadas 199.693 *BPI-SGPS estável 1.920 escudos. Negociadas 177.823 *PT sobe 17 escudos para 4.147. Negociadas 134.896 *Futuro PSI-20 Set/96 sobe p/4.810 vs 4.783 pontos </p></text>
<copyright>(c) Reuters Limited 1996</copyright>
<metadata>
<codes class="bip:countries:1.0">
<code code="zAwkijFCFN">
<editdetail action="confirmed" attribution="Reuters BIP Coding Group" date="1996-09-10"></editdetail></code>
<code code="uEgcFuIDCJ">
<editdetail action="confirmed" attribution="Reuters BIP Coding Group" date="1996-09-10"></editdetail></code>
<code code="eEBPQQSdIq">
<editdetail action="confirmed" attribution="Reuters BIP Coding Group" date="1996-09-10"></editdetail></code></codes>
<codes class="bip:topics:1.0">
<code code="qluaWxIPbU">
<editdetail action="confirmed" attribution="Reuters BIP Coding Group" date="1996-09-10"></editdetail></code>
<code code="NuFPoXxmPQ">
<editdetail action="confirmed" attribution="Reuters BIP Coding Group" date="1996-09-10"></editdetail></code></codes>
<dc element="dc.publisher" value="Reuters Holdings Plc"></dc>
<dc element="dc.datepublished" value="1996-09-10"></dc>
<dc element="dc.source" value="Reuters - Notícias em Português"></dc>
<dc element="dc.creator.location" value=""></dc>
<dc element="dc.creator.location.country.name" value=""></dc></metadata></newsitem>