<?xml version="1.0" encoding="UTF-8"?>

<newsitem date="1996-10-24" id="root" itemid="50039" xml:lang="pt">
<title></title>
<headline> ESCUDO ALIVIA MÍNIMOS VS MARCO, DEPENDE DÓLAR. </headline>
<byline></byline>
<dateline></dateline>
<text>
<p> O escudo fechou a aliviar dos mínimos da sessão contra o marco, aproveitando alguma recuperação do dólar que se contagiou ao franco francês e à lira. Dealers dizem que o escudo vai manter-se dependente da evolução do dólar, mas destacam a resistência que mostrou em quebrar os 101,00 por marco. </p>
<p> *Escudo 100,89/91 por marco contra 101,01/04 na abertura </p>
<p> *Escudo oscilou entre 100,85 e 101,01 por marco </p>
<p> *Peseta 84,23/25 por marco contra 84,26/28 na abertura </p>
<p> *Dólar 1,5212/22 marcos vs 1,5202/05 na abertura Europa </p>
<p> *Governo faz hoje balanço de um ano de governação </p>
<p> *BP anuncia amanhã condições cedência MMI próximo período </p>
<p>     Dealers disseram que a lira italiana e a coroa sueca </p>
<p> sofreram esta tarde uma ligeira depreciação, devido em parte aos </p>
<p> cortes de taxas que ambos os países efectuaram hoje mas, para </p>
<p> outros, ficou a dever-se ao fortalecimento do marco, alimentado </p>
<p> por expectativas de que volte a haver um novo corte de taxas na </p>
<p> Alemanha. </p>
<p>     ----Lisboa Editorial, 351.1.3113121. </p>
<p> (c) Reuters Limited 1996. </p></text>
<copyright>(c) Reuters Limited 1996</copyright>
<metadata>
<codes class="bip:countries:1.0">
<code code="FGsITwgZFx">
<editdetail action="confirmed" attribution="Reuters BIP Coding Group" date="1996-10-24"></editdetail></code>
<code code="jCyOwqdOnW">
<editdetail action="confirmed" attribution="Reuters BIP Coding Group" date="1996-10-24"></editdetail></code>
<code code="DDysWRtpKf">
<editdetail action="confirmed" attribution="Reuters BIP Coding Group" date="1996-10-24"></editdetail></code></codes>
<codes class="bip:topics:1.0">
<code code="XXcpFNkkXO">
<editdetail action="confirmed" attribution="Reuters BIP Coding Group" date="1996-10-24"></editdetail></code>
<code code="MkslmczjcH">
<editdetail action="confirmed" attribution="Reuters BIP Coding Group" date="1996-10-24"></editdetail></code>
<code code="fZlFgcFayy">
<editdetail action="confirmed" attribution="Reuters BIP Coding Group" date="1996-10-24"></editdetail></code></codes>
<dc element="dc.publisher" value="Reuters Holdings Plc"></dc>
<dc element="dc.datepublished" value="1996-10-24"></dc>
<dc element="dc.source" value="Reuters - Notícias em Português"></dc>
<dc element="dc.creator.location" value=""></dc>
<dc element="dc.creator.location.country.name" value=""></dc></metadata></newsitem>