<?xml version="1.0" encoding="UTF-8"?>

<newsitem date="1996-10-01" id="root" itemid="49380" xml:lang="pt">
<title></title>
<headline> ACÇÕES PREVÊEM-SE POUCO VOLÁTEIS, MAS MAIS LIQUIDEZ. </headline>
<byline></byline>
<dateline></dateline>
<text>
<p> As acções do Contínuo deverão hoje manter-se sem fortes oscilações de preços, mas a liquidez deverá aumentar em relação a ontem, por ser início do mês e do último trimestre do ano. Operadores afirmaram que faltam notícias ao mercado para este registar uma tendência bastante definida. O interesse dos investidores deverá manter-se nos papéis habituais, como Lisnave, Tertir, Portugal Telecom, entre outros. *Índice BVL30 fechou ontem nos 1.985,10 pontos *Futuro PSI-20 Out/96 fechou ontem a 4.783 pontos *PT fechou em Nova Iorque a subir para 25,3/4 dólares. </p></text>
<copyright>(c) Reuters Limited 1996</copyright>
<metadata>
<codes class="bip:countries:1.0">
<code code="lQKELHNGbK">
<editdetail action="confirmed" attribution="Reuters BIP Coding Group" date="1996-10-01"></editdetail></code>
<code code="xAdKPZzuwL">
<editdetail action="confirmed" attribution="Reuters BIP Coding Group" date="1996-10-01"></editdetail></code>
<code code="ejNefSuMiG">
<editdetail action="confirmed" attribution="Reuters BIP Coding Group" date="1996-10-01"></editdetail></code></codes>
<codes class="bip:topics:1.0">
<code code="uXlgiKeGoR">
<editdetail action="confirmed" attribution="Reuters BIP Coding Group" date="1996-10-01"></editdetail></code>
<code code="eraBBdiqPX">
<editdetail action="confirmed" attribution="Reuters BIP Coding Group" date="1996-10-01"></editdetail></code></codes>
<dc element="dc.publisher" value="Reuters Holdings Plc"></dc>
<dc element="dc.datepublished" value="1996-10-01"></dc>
<dc element="dc.source" value="Reuters - Notícias em Português"></dc>
<dc element="dc.creator.location" value=""></dc>
<dc element="dc.creator.location.country.name" value=""></dc></metadata></newsitem>