<?xml version="1.0" encoding="UTF-8"?>

<newsitem date="1996-09-03" id="root" itemid="48598" xml:lang="pt">
<title></title>
<headline> TESOURO E BANCOS EM BRAÇO-DE-FERRO LEILÃO OT/FEV/06. </headline>
<byline></byline>
<dateline></dateline>
<text>
<p> Por Sérgio Gonçalves LISBOA, 3 Set (Reuter) - O Tesouro e os bancos deverão hoje fazer um braço-de-ferro no leilão de OT/Fev/06, prevendo-se que a maioria das propostas se situem acima do secundário e até aos 8,75 pct, mas havendo grandes dúvidas quanto à colocação. </p>
<p> &quot;O leilão vai ser um braço-de-ferro. A maioria das propostas será desde os níveis do secundário até aos 8,75 pct, mas há dúvidas sobre o nível de colocação&quot;, disse um director. </p>
<p> &quot;Não acredito numa colocação integral, deve ser parcial e o Tesouro poderá mesmo optar por não colocar nada, caso as propostas saiam muito acima dos 8,70 pct&quot;, disse um dealer. </p>
<p> No último leilão, a 25 de Julho, o Tesouro colocou 15,710 milhões de contos (MC) de OT/Fev/06 à taxa média ponderada (TMP) de 8,6510 pct, a máxima foi 8,66 pct e a mínima 8,63 pct. </p>
<p> Negociaram-se ontem, no Contínuo, 34.010 OT/Fev/06 à yield de 8,68 pct, um spread de menos 15 bp para os Bonos/Jan/06. </p>
<p> O Tesouro propõe-se colocar hoje, em primário, 20 MC, sem contar com a tranche suplementar de cerca de 33 pct para OEVT, de OT/Fev/06, podendo aquele montante ser estendido para 25 MC. </p>
<p> Segundo analistas, apesar do suporte que os periféricos têm mostrado mesmo num cenário de pessimismo nos EUA, os bancos não podem ser agressivos dada ausência de clientes finais. </p>
<p> &quot;Os finais estão muito fora e os bancos não podem ser agressivos, quando não estão salvaguardados por essa procura&quot;, disse uma analista. </p>
<p> &quot;É verdade que não há vendas no nosso mercado, mas também não há compras, ou seja, os nossos preços ainda estão altos para que os estrangeiros e os institucionais nacionais se sintam atraídos a reentrar no mercado&quot;, disse outro director. </p>
<p> &quot;Os actuais spreads (para 10 anos dos Bonos) de (menos) 15 basis points (bp) são conseguidos num ambiente de falta de liquidez. Este é que é o problema&quot;, adiantou. </p>
<p> &quot;Não percebo porque é que o spread não possa vir para próximo dos (menos) 10 bp ou até inferior a este valor (negativo)&quot;, disse ainda. </p>
<p> &quot;Talvez, se isso acontecesse, a liquidez do mercado aumentasse significativamente&quot;, acrescentou. </p>
<p> &quot;Contudo, o Tesouro dá todas as indicações que está folgado de dinheiro e tem toda uma panóplia de instrumentos para cortar o leilão ou, eventualmente, até o recusar&quot;, disse a analista. </p>
<p> &quot;Está nas mãos do Tesouro aumentar a liquidez do secundário, mais do que nas mãos dos bancos&quot;, concluiu um terceiro director. </p>
<p> - Lisboa Editorial, 351-1-3150035 (c) Reuters Limited 1996. </p></text>
<copyright>(c) Reuters Limited 1996</copyright>
<metadata>
<codes class="bip:countries:1.0">
<code code="ahIeWTiYhF">
<editdetail action="confirmed" attribution="Reuters BIP Coding Group" date="1996-09-03"></editdetail></code>
<code code="BwrflUSHIM">
<editdetail action="confirmed" attribution="Reuters BIP Coding Group" date="1996-09-03"></editdetail></code>
<code code="OIObQWJfrb">
<editdetail action="confirmed" attribution="Reuters BIP Coding Group" date="1996-09-03"></editdetail></code></codes>
<codes class="bip:topics:1.0">
<code code="QMXDXDFLuc">
<editdetail action="confirmed" attribution="Reuters BIP Coding Group" date="1996-09-03"></editdetail></code>
<code code="CtzocOUGSj">
<editdetail action="confirmed" attribution="Reuters BIP Coding Group" date="1996-09-03"></editdetail></code>
<code code="qufSFhEKye">
<editdetail action="confirmed" attribution="Reuters BIP Coding Group" date="1996-09-03"></editdetail></code></codes>
<dc element="dc.publisher" value="Reuters Holdings Plc"></dc>
<dc element="dc.datepublished" value="1996-09-03"></dc>
<dc element="dc.source" value="Reuters - Notícias em Português"></dc>
<dc element="dc.creator.location" value=""></dc>
<dc element="dc.creator.location.country.name" value=""></dc></metadata></newsitem>