<?xml version="1.0" encoding="UTF-8"?>

<newsitem date="1996-09-16" id="root" itemid="48927" xml:lang="pt">
<title></title>
<headline> ESCUDO ABRE CALMO, PARADO NOS 102,27 POR MARCO. </headline>
<byline></byline>
<dateline></dateline>
<text>
<p> LISBOA, 16 Set (Reuter) - O escudo abriu calmo e estável nos 102,27 por marco, numa sessão que se deverá mostrar apática a avaliar pelo pouco interesse que se denota neste início de sessão. </p>
<p> O escudo abriu 102,25/30 por marco contra 102,27/30 no fecho de ontem. Às 0830 TMG, o escudo cotava 102,28/31 por marco. </p>
<p> &quot;Há pouco interesse neste início de sessão, com o mercado muito calmo e apático não só internamente, mas também lá fora&quot;, disse outro operador. </p>
<p> &quot;O escudo deverá oscilar entre 102,25 e 102,30 por marco&quot;, disse outro. </p>
<p> (c) Reuters Limited 1996. </p>
<p>     ----José Barata, Lisboa Editorial, 351.1.3113121. </p>
<p> (c) Reuters Limited 1996. </p></text>
<copyright>(c) Reuters Limited 1996</copyright>
<metadata>
<codes class="bip:countries:1.0">
<code code="JXurXiYvyj">
<editdetail action="confirmed" attribution="Reuters BIP Coding Group" date="1996-09-16"></editdetail></code>
<code code="fkgfoLNvsE">
<editdetail action="confirmed" attribution="Reuters BIP Coding Group" date="1996-09-16"></editdetail></code>
<code code="LTcQpDzBiG">
<editdetail action="confirmed" attribution="Reuters BIP Coding Group" date="1996-09-16"></editdetail></code></codes>
<codes class="bip:topics:1.0">
<code code="EFmUGATbZI">
<editdetail action="confirmed" attribution="Reuters BIP Coding Group" date="1996-09-16"></editdetail></code>
<code code="bMXqEWKTZs">
<editdetail action="confirmed" attribution="Reuters BIP Coding Group" date="1996-09-16"></editdetail></code>
<code code="kSIKPRYdDw">
<editdetail action="confirmed" attribution="Reuters BIP Coding Group" date="1996-09-16"></editdetail></code></codes>
<dc element="dc.publisher" value="Reuters Holdings Plc"></dc>
<dc element="dc.datepublished" value="1996-09-16"></dc>
<dc element="dc.source" value="Reuters - Notícias em Português"></dc>
<dc element="dc.creator.location" value=""></dc>
<dc element="dc.creator.location.country.name" value=""></dc></metadata></newsitem>