<?xml version="1.0" encoding="UTF-8"?>

<newsitem date="1996-08-28" id="root" itemid="48489" xml:lang="pt">
<title></title>
<headline> ÍNDICE PREÇOS NA PRODUÇÃO INDUSTRIAL JUNHO 1996-INE. </headline>
<byline></byline>
<dateline></dateline>
<text>
<p>     LISBOA, 28 Ago (Reuter) - Índices de preços na produção </p>
<p> industrial de Junho de 1996, hoje divulgados pelo Instituto </p>
<p> Nacional de Estatística (INE). </p>
<p>     .       JUN96     MAI96 JUN95     Extractiva        118,1     117,8 116,5     Alim, beb. tabaco      123,0     124,3 117,5     Têxtil       117,2     117,1 117,1     Prod. petrolíferos      90,2 99,4  73,0     Químicos e fibras      117,2     117,5 118,6     Minerais não metálicos      130,1     130,0 126,7     Metalúrgicas e metais  110,0     110,4 113,4     Electric., gás, água   134,9     134,9 137,4 </p>
<p>     Estes indicadores sectoriais representam 67 pct do valor </p>
<p> total das vendas de produtos industriais para o mercado </p>
<p> nacional, segundo informação do INE. </p>
<p>     ---Lisboa Editorial, 351-1-3150035. </p>
<p> (c) Reuters Limited 1996. </p></text>
<copyright>(c) Reuters Limited 1996</copyright>
<metadata>
<codes class="bip:countries:1.0">
<code code="sUOjwQkRUb">
<editdetail action="confirmed" attribution="Reuters BIP Coding Group" date="1996-08-28"></editdetail></code>
<code code="PXKyUmzNkp">
<editdetail action="confirmed" attribution="Reuters BIP Coding Group" date="1996-08-28"></editdetail></code>
<code code="rXHyWBvbuY">
<editdetail action="confirmed" attribution="Reuters BIP Coding Group" date="1996-08-28"></editdetail></code></codes>
<codes class="bip:topics:1.0">
<code code="mCnGescEev">
<editdetail action="confirmed" attribution="Reuters BIP Coding Group" date="1996-08-28"></editdetail></code>
<code code="gFhMxSoLDy">
<editdetail action="confirmed" attribution="Reuters BIP Coding Group" date="1996-08-28"></editdetail></code>
<code code="XasDEhfwAL">
<editdetail action="confirmed" attribution="Reuters BIP Coding Group" date="1996-08-28"></editdetail></code></codes>
<dc element="dc.publisher" value="Reuters Holdings Plc"></dc>
<dc element="dc.datepublished" value="1996-08-28"></dc>
<dc element="dc.source" value="Reuters - Notícias em Português"></dc>
<dc element="dc.creator.location" value=""></dc>
<dc element="dc.creator.location.country.name" value=""></dc></metadata></newsitem>