<?xml version="1.0" encoding="UTF-8"?>

<newsitem date="1996-10-23" id="root" itemid="49979" xml:lang="pt">
<title></title>
<headline> ESCUDO ABRE CAIR VS MARCO AFECTADO POR QUEDA DÓLAR. </headline>
<byline></byline>
<dateline></dateline>
<text>
<p> LISBOA, 23 Out (Reuter) - O escudo abriu a cair contra o marco, em simpatia com as outras moedas europeias, que estão a reflectir o enfraquecimento do dólar, desde ontem. </p>
<p> O escudo abriu 100,78/01 por marco contra 100,75/78 no fecho de ontem. Às 0825 TMG, o escudo cotava 100,86/89 por marco. </p>
<p> &quot;O dólar caiu e as moedas do sul da Europa foram atrás deste movimento, embora de uma forma muito mais atenuada&quot;, disse um operador que não quis ser identificado. </p>
<p> &quot;Perante o enfraquecimento do dólar é de admitir que moedas como o escudo, a peseta, o Paris (franco francês) e lira também cedam algum terreno para o marco&quot;, disse outro operador. </p>
<p>     &quot;Não acredito que o escudo possa voltar para os 101,00 (por </p>
<p> marco), pelo menos para já. Só uma queda abrupta do dólar </p>
<p> poderia provocar isso, uma vez que continua a haver um </p>
<p> sentimento positivo à volta do escudo&quot;, disse outro. </p>
<p>     ----José Barata, Lisboa Editorial, 351.1.3113121. </p>
<p> (c) Reuters Limited 1996. </p></text>
<copyright>(c) Reuters Limited 1996</copyright>
<metadata>
<codes class="bip:countries:1.0">
<code code="JlghteQwAR">
<editdetail action="confirmed" attribution="Reuters BIP Coding Group" date="1996-10-23"></editdetail></code>
<code code="WzlJOMSGJK">
<editdetail action="confirmed" attribution="Reuters BIP Coding Group" date="1996-10-23"></editdetail></code>
<code code="PzDIhFfcmS">
<editdetail action="confirmed" attribution="Reuters BIP Coding Group" date="1996-10-23"></editdetail></code></codes>
<codes class="bip:topics:1.0">
<code code="rOjWhnFVhy">
<editdetail action="confirmed" attribution="Reuters BIP Coding Group" date="1996-10-23"></editdetail></code>
<code code="WSmfwRZdac">
<editdetail action="confirmed" attribution="Reuters BIP Coding Group" date="1996-10-23"></editdetail></code>
<code code="ZbAemAZmdT">
<editdetail action="confirmed" attribution="Reuters BIP Coding Group" date="1996-10-23"></editdetail></code></codes>
<dc element="dc.publisher" value="Reuters Holdings Plc"></dc>
<dc element="dc.datepublished" value="1996-10-23"></dc>
<dc element="dc.source" value="Reuters - Notícias em Português"></dc>
<dc element="dc.creator.location" value=""></dc>
<dc element="dc.creator.location.country.name" value=""></dc></metadata></newsitem>