<?xml version="1.0" encoding="UTF-8"?>

<newsitem date="1996-10-10" id="root" itemid="49655" xml:lang="pt">
<title></title>
<headline> IPC NÃO SOBE EM SET96 VS CRESCIMENTO 0,3 PCT AGO96. </headline>
<byline></byline>
<dateline></dateline>
<text>
<p>     LISBOA, 1O Out (Reuter) - Os preços estabilizaram em </p>
<p> Setembro último, colocando a inflação homóloga em 3,4 pct e a </p>
<p> média anual em 3,3 pct, anunciou hoje o Instituto Nacional de </p>
<p> Estatística (INE). </p>
<p>     Em Agosto, o Índice de Preços no Consumidor (IPC) subiu 0,3 </p>
<p> pct, o homólogo foi de 3,6 pct e o médio de 3,3 pct. </p>
<p>         SET 96 AGO 96  SET 95 Variação mensal   0,0 pct     0,3 pct 0,2 pct Variação média anual   3,3 pct     3,3 pct 4,2 pct Variação homóloga      3,4 pct     3,6 pct 4,0 pct Índice (base 100 em 1991)   132,0  132,0   127,6. VARIAÇÃO MENSAL   SET 96 AGO 96  SET 95 Alimentação e bebidas -0,3 pct    +0,4 pct     -0,1 pct Vestuário e calçado   +0,3 pct     0,0 pct     +0,3 pct Conforto da habitação +0,3 pct    +0,1 pct     +0,1 pct Saúde       +0,1 pct    +0,3 pct     +0,3 pct </p>
<p> Transportes, comunicações  +0,1 pct    +0,1 pct     +0,4 pct </p>
<p> Ens., cultura, distração   +0,2 pct    +0,6 pct     +0,7 pct </p>
<p> Tabaco, despesas fumador   +0,2 pct    +2,7 pct     +0,0 pct </p>
<p> Outros bens e serviços     +0,5 pct    +0,2 pct     +0,4 pct </p>
<p> ---------------------------------------------------------------- </p>
<p> Total excepto habitação     0,0 pct    +0,3 pct    +0,2 pct </p>
<p>     ---Lisboa Editorial, 351-1-3150035. </p>
<p> (c) Reuters Limited 1996. </p></text>
<copyright>(c) Reuters Limited 1996</copyright>
<metadata>
<codes class="bip:countries:1.0">
<code code="MZfSNNuQqh">
<editdetail action="confirmed" attribution="Reuters BIP Coding Group" date="1996-10-10"></editdetail></code>
<code code="JgWGrzLKrJ">
<editdetail action="confirmed" attribution="Reuters BIP Coding Group" date="1996-10-10"></editdetail></code>
<code code="FTOPmKuRXN">
<editdetail action="confirmed" attribution="Reuters BIP Coding Group" date="1996-10-10"></editdetail></code></codes>
<codes class="bip:topics:1.0">
<code code="HEyglhcrUs">
<editdetail action="confirmed" attribution="Reuters BIP Coding Group" date="1996-10-10"></editdetail></code>
<code code="dIselTfuNV">
<editdetail action="confirmed" attribution="Reuters BIP Coding Group" date="1996-10-10"></editdetail></code>
<code code="FWgjkUloLa">
<editdetail action="confirmed" attribution="Reuters BIP Coding Group" date="1996-10-10"></editdetail></code></codes>
<dc element="dc.publisher" value="Reuters Holdings Plc"></dc>
<dc element="dc.datepublished" value="1996-10-10"></dc>
<dc element="dc.source" value="Reuters - Notícias em Português"></dc>
<dc element="dc.creator.location" value=""></dc>
<dc element="dc.creator.location.country.name" value=""></dc></metadata></newsitem>