<?xml version="1.0" encoding="UTF-8"?>

<newsitem date="1996-10-28" id="root" itemid="50106" xml:lang="pt">
<title></title>
<headline> COTAÇÕES INDICATIVAS DO BANCO PORTUGAL - (PTEFIX=). </headline>
<byline></byline>
<dateline></dateline>
<text>
<p> LISBOA, 28 Out (Reuter) - Cotações oficiais indicativas do Banco de Portugal (BP). Entre parêntesis sessão anterior. USD 153,655..........(153,669) NLG 90,002..........(89,847) DEM 100,943..........(100,780) BEF 4,9008..........(4,8927) FRF 29,882............(29,850) CHF 121,706........(121,774) GBP 247,895..........(245,096) JPY 1,3463..........(1,3551) ESP 1,1990............(1,1973) SEK 23,356..........(23,283) XEU 193,659..........(193,276) NOK 23,909..........(23,786) ITL 0,10100..........(0,10062) DKK 26,317..........(26,227) IEP 249,894..........(247,545) FIM 33,693..........(33,649) ATS 14,348............(14,324) Índice 96,40.........(96,71). </p>
<p> (c) Reuters Limited 1996. </p></text>
<copyright>(c) Reuters Limited 1996</copyright>
<metadata>
<codes class="bip:countries:1.0">
<code code="ZiWEWdMfFo">
<editdetail action="confirmed" attribution="Reuters BIP Coding Group" date="1996-10-28"></editdetail></code>
<code code="wdJlypdesN">
<editdetail action="confirmed" attribution="Reuters BIP Coding Group" date="1996-10-28"></editdetail></code>
<code code="akhbtYXqJI">
<editdetail action="confirmed" attribution="Reuters BIP Coding Group" date="1996-10-28"></editdetail></code></codes>
<codes class="bip:topics:1.0">
<code code="gJKlYiSKcS">
<editdetail action="confirmed" attribution="Reuters BIP Coding Group" date="1996-10-28"></editdetail></code>
<code code="pNtQNkYLss">
<editdetail action="confirmed" attribution="Reuters BIP Coding Group" date="1996-10-28"></editdetail></code>
<code code="qJrmjpoKhX">
<editdetail action="confirmed" attribution="Reuters BIP Coding Group" date="1996-10-28"></editdetail></code></codes>
<dc element="dc.publisher" value="Reuters Holdings Plc"></dc>
<dc element="dc.datepublished" value="1996-10-28"></dc>
<dc element="dc.source" value="Reuters - Notícias em Português"></dc>
<dc element="dc.creator.location" value=""></dc>
<dc element="dc.creator.location.country.name" value=""></dc></metadata></newsitem>