<?xml version="1.0" encoding="UTF-8"?>

<newsitem date="1996-10-25" id="root" itemid="50055" xml:lang="pt">
<title></title>
<headline> ACÇÕES PREVÊEM QUEDA LIGEIRA C/ SENTIMENTO EXTERNO. </headline>
<byline></byline>
<dateline></dateline>
<text>
<p> As acções do Contínuo prevêem-se possam cair ligeiramente a acompanhar o sentimento negativo das Bolsas no exterior. Dealers dizem que a PT poderá voltar a concentrar atenções uma vez que fechou a cair em Nova Iorque, além do presidente da empresa ter anunciado um investimento de quatro MC para antecipar a facturação detalhada a partir de Março de 1997. *PT fecha Nova Iorque 25,625 dólares vs 25,7 antes *BVL interrompe negociação BTA por notícias jornais. </p>
<p> (c) Reuters Limited 1996. </p></text>
<copyright>(c) Reuters Limited 1996</copyright>
<metadata>
<codes class="bip:countries:1.0">
<code code="cvbWNPTmAv">
<editdetail action="confirmed" attribution="Reuters BIP Coding Group" date="1996-10-25"></editdetail></code>
<code code="cNrlHSuOgE">
<editdetail action="confirmed" attribution="Reuters BIP Coding Group" date="1996-10-25"></editdetail></code>
<code code="omdhXsgQEV">
<editdetail action="confirmed" attribution="Reuters BIP Coding Group" date="1996-10-25"></editdetail></code></codes>
<codes class="bip:topics:1.0">
<code code="CfRvhtbuQo">
<editdetail action="confirmed" attribution="Reuters BIP Coding Group" date="1996-10-25"></editdetail></code>
<code code="oAxNlSkeCd">
<editdetail action="confirmed" attribution="Reuters BIP Coding Group" date="1996-10-25"></editdetail></code></codes>
<dc element="dc.publisher" value="Reuters Holdings Plc"></dc>
<dc element="dc.datepublished" value="1996-10-25"></dc>
<dc element="dc.source" value="Reuters - Notícias em Português"></dc>
<dc element="dc.creator.location" value=""></dc>
<dc element="dc.creator.location.country.name" value=""></dc></metadata></newsitem>