<?xml version="1.0" encoding="UTF-8"?>

<newsitem date="1996-10-15" id="root" itemid="49772" xml:lang="pt">
<title></title>
<headline> TESOURO EMITE 250 MC DÍVIDA EXTERNA EM 1997. </headline>
<byline></byline>
<dateline></dateline>
<text>
<p>     LISBOA, 15 Out (Reuter) - As necessidades líquidas de </p>
<p> financiamento do Estado prevista para 1997 cifram-se em 393 </p>
<p> milhões de contos (MC), ou seja 2,2 pct do produto Interno Bruto </p>
<p> (PIB), contra 602,9 MC relativamente ao valor de 1996, refere a </p>
<p> proposta de OE de 1997. </p>
<p>     A proposta de Orçamento de Estado (OE) para 1997 prevê ainda </p>
<p> a emissão de 250 MC de dívida externa e uma amortização de 26,3 </p>
<p> MC, a emissão de 775,2 MC de Obrigações do Tesouro (OT) a taxa </p>
<p> fixa e a amortização de 242,6 MC durante o próximo ano. </p>
<p>     Quanto aos Bilhetes do Tesouro (BT) estão previstos 1.357,1 </p>
<p> MC de emissões e amortizações no valor de 1.332,5 MC. </p>
<p>     Em relação a 1996, o recurso ao crédito externo não deverá </p>
<p> ultrapassar, em termos líquidos, os 250 MC. </p>
<p>     As Obrigações do Tesouro de Rendimento Variável (OTRV) </p>
<p> deverão ser emitidos 855 MC, não sendo amortizados nenhum </p>
<p> montante em 1997. </p>
<p>     Quanto aos FIP a proposta de OE para 1997, hoje apresentada </p>
<p> na Assembleia da República (AR), não prevê nenhuma emissão e </p>
<p> adianta um valor de 857,7 MC de amortizações. </p>
<p>     &quot;As amortizações de dívida atingirão cerca de 3.231 MC, o </p>
<p> que equivale a um aumento de 181,3 MC face ao ano anterior&quot;, </p>
<p> refere. </p>
<p>     &quot;Para este aumento contribuirá o pré-pagamento de FIP, no </p>
<p> montante de 200 MC, que se encontra anunciado para Fevereiro de </p>
<p> 1997&quot;, explica. </p>
<p>     &quot;A política de financiamento e de gestão da dívida em 1997 </p>
<p> continuará a basear-se nos mesmos princípios orientadores da </p>
<p> seguida em 1996, prosseguindo o grande objectivo, já enunciado </p>
<p> no Orçamento anterior, de minimização do custo do endividamento </p>
<p> numa prespectiva intertemporal&quot;, adianta. </p>
<p>     Também se continuará a proceder a uma avaliação dos custos e </p>
<p> benefícios do financiamento numa perspectiva globalizante e </p>
<p> macro-económica, ou seja, não se quedará nos limites do Estado. </p>
<p>     O esforço de desenvolvimento e aprofundamento do mercado </p>
<p> financeiro português é outra das prioridades prosseguida. </p>
<p>     &quot;A gestão da dívida pública deverá, aliás, encontrar em 1997 </p>
<p> um ponto de charneira dado que se espera que estejam totalmente </p>
<p> implementadas as condições institucionais, orgânicas e </p>
<p> funcionais para a respectiva especialização, consubstanciadas no </p>
<p> funcionamento pleno do Instituto de Gestão do Crédito Público&quot;, </p>
<p> adianta. </p>
<p>     Segue quadro: </p>
<p>     COMPOSIÇÃO FINANCIAMENTO PARA 1997 (em MC): </p>
<p> --------------------------------------------------------------- </p>
<p> Instrumentos     Emisssão  Amortização </p>
<p> --------------------------------------------------------------- </p>
<p> Divida Externa     250,0   26,3 BT     1.357,1     1.332,5 OT-Taxa Fixa       775,2       242,6 OTRV     855,0    0,0 FIP        0,0       857,7 OCA        0,0   30,0 CLIP       0,0    0,0 Tesouro Familiar    60,0       241,0 Certificados Aforro     320,0       320,0 Outra Dívida    0,0       181,1 </p>
<p> --------------------------------------------------------------- </p>
<p>     ----Lisboa Editorial, 351-1-3150035. </p>
<p> (c) Reuters Limited 1996. </p></text>
<copyright>(c) Reuters Limited 1996</copyright>
<metadata>
<codes class="bip:countries:1.0">
<code code="UnQEHdiYMA">
<editdetail action="confirmed" attribution="Reuters BIP Coding Group" date="1996-10-15"></editdetail></code>
<code code="PSRYxheNsy">
<editdetail action="confirmed" attribution="Reuters BIP Coding Group" date="1996-10-15"></editdetail></code>
<code code="kgDCbTvJRJ">
<editdetail action="confirmed" attribution="Reuters BIP Coding Group" date="1996-10-15"></editdetail></code></codes>
<codes class="bip:topics:1.0">
<code code="TCUSwgcFUv">
<editdetail action="confirmed" attribution="Reuters BIP Coding Group" date="1996-10-15"></editdetail></code>
<code code="pJqvoOAzXm">
<editdetail action="confirmed" attribution="Reuters BIP Coding Group" date="1996-10-15"></editdetail></code>
<code code="daoXlpFSHr">
<editdetail action="confirmed" attribution="Reuters BIP Coding Group" date="1996-10-15"></editdetail></code>
<code code="lZItYWGJkK">
<editdetail action="confirmed" attribution="Reuters BIP Coding Group" date="1996-10-15"></editdetail></code></codes>
<dc element="dc.publisher" value="Reuters Holdings Plc"></dc>
<dc element="dc.datepublished" value="1996-10-15"></dc>
<dc element="dc.source" value="Reuters - Notícias em Português"></dc>
<dc element="dc.creator.location" value=""></dc>
<dc element="dc.creator.location.country.name" value=""></dc></metadata></newsitem>