<?xml version="1.0" encoding="UTF-8"?>

<newsitem date="1996-10-24" id="root" itemid="50036" xml:lang="pt">
<title></title>
<headline> INDICE PSI20 SOBE 1,28 PONTOS PARA 4.764,93. </headline>
<byline></byline>
<dateline></dateline>
<text>
<p> LISBOA, 24 Out (Reuter) - O índice PSI20 subiu 1,28 pontos para 4.764,93. </p>
<p> (c) Reuters Limited 1996. </p></text>
<copyright>(c) Reuters Limited 1996</copyright>
<metadata>
<codes class="bip:countries:1.0">
<code code="PfRZgHXTuG">
<editdetail action="confirmed" attribution="Reuters BIP Coding Group" date="1996-10-24"></editdetail></code>
<code code="bnizpgOsKl">
<editdetail action="confirmed" attribution="Reuters BIP Coding Group" date="1996-10-24"></editdetail></code>
<code code="qwtUijwXVp">
<editdetail action="confirmed" attribution="Reuters BIP Coding Group" date="1996-10-24"></editdetail></code></codes>
<codes class="bip:topics:1.0">
<code code="LVOCjVPbEF">
<editdetail action="confirmed" attribution="Reuters BIP Coding Group" date="1996-10-24"></editdetail></code>
<code code="UzeQiSsSWe">
<editdetail action="confirmed" attribution="Reuters BIP Coding Group" date="1996-10-24"></editdetail></code></codes>
<dc element="dc.publisher" value="Reuters Holdings Plc"></dc>
<dc element="dc.datepublished" value="1996-10-24"></dc>
<dc element="dc.source" value="Reuters - Notícias em Português"></dc>
<dc element="dc.creator.location" value=""></dc>
<dc element="dc.creator.location.country.name" value=""></dc></metadata></newsitem>