<?xml version="1.0" encoding="UTF-8"?>

<newsitem date="1996-09-13" id="root" itemid="48888" xml:lang="pt">
<title></title>
<headline> ACÇÕES PREVÊEM-SE SEM FORTES OSCILAÇÕES ATÉ CPI EUA. </headline>
<byline></byline>
<dateline></dateline>
<text>
<p> As acções do Contínuo deverão abrir sem fortes oscilações com o mercado em &apos;stand-by&apos; até à divulgação do CPI americano. Bolsa de Nova Iorque fechou a subir 0,3 pct. Operadores afirmaram que o interesse dos investidores se deve manter no BCP, Portugal Telecom (PT) e Sonae Investimentos. *PT fecha Nova Iorque a cair para 26,1/8 dlr vs 26,1/2 *Futuro PSI-20 Set/96 fechou ontem a 4.787 pontos *Índice PSI-20 fechou a cair 0,25% p/ 4.763,25 pontos *Bolsa Londres sobe 0,16 pct,Espanha 0,57 pct e Paris cai 0,22%. </p>
<p> *Inflação Espanha cresce Agosto 0,3 pct vs 0,1 pct Julho *BPI/Allianz concluem reorganização seguros, mais-valia 0,900MC </p>
<p> - Paula Cordeiro, Lisboa Editorial, 351-1-3150035. (c) Reuters Limited 1996. </p></text>
<copyright>(c) Reuters Limited 1996</copyright>
<metadata>
<codes class="bip:countries:1.0">
<code code="AAUFbtfENG">
<editdetail action="confirmed" attribution="Reuters BIP Coding Group" date="1996-09-13"></editdetail></code>
<code code="NKwQlYFljn">
<editdetail action="confirmed" attribution="Reuters BIP Coding Group" date="1996-09-13"></editdetail></code>
<code code="uBxKsPKJlR">
<editdetail action="confirmed" attribution="Reuters BIP Coding Group" date="1996-09-13"></editdetail></code></codes>
<codes class="bip:topics:1.0">
<code code="oQMRDVmWTm">
<editdetail action="confirmed" attribution="Reuters BIP Coding Group" date="1996-09-13"></editdetail></code>
<code code="fVEfwNcorK">
<editdetail action="confirmed" attribution="Reuters BIP Coding Group" date="1996-09-13"></editdetail></code></codes>
<dc element="dc.publisher" value="Reuters Holdings Plc"></dc>
<dc element="dc.datepublished" value="1996-09-13"></dc>
<dc element="dc.source" value="Reuters - Notícias em Português"></dc>
<dc element="dc.creator.location" value=""></dc>
<dc element="dc.creator.location.country.name" value=""></dc></metadata></newsitem>