<?xml version="1.0" encoding="UTF-8"?>

<newsitem date="1996-10-09" id="root" itemid="49611" xml:lang="pt">
<title></title>
<headline> GUTERRES DIZ CRESCIMENTO PIB 96 PRÓXIMO DE 2,75%. </headline>
<byline></byline>
<dateline></dateline>
<text>
<p> LISBOA, 9 Out (Reuter) - O crescimento do Produto Interno Bruto (PIB) em 1996 deverá ser muito próximo de 2,75 pct, disse hoje o primeiro-ministro, António Guterres, durante um almoço-debate na AIP. </p>
<p> &quot;Teremos uma taxa de crescimento do PIB este ano muito próxima do previsto pelo Governo que era de 2,75 pct (a meta do Governo era 2,5 a três pct)&quot;, disse. </p>
<p> Em 1995, o PIB cresceu 2,2 pct, segundo dados do Banco de Portugal. </p>
<p> &quot;Os indicadores de confiança estão longe do desejável, mas há sinais (positivos) ao nível do crédito a habitação e consumo e ao nível dos próprios indicadores de confiança&quot;, afirmou, António Guterres, na Associação Industrial Portuguesa (AIP). </p>
<p> Disse, no entanto, que &quot;há um nível de estagnação muito preocupante na indústria transformadora e nos sectores mais atingidos pela globalização&quot;. </p>
<p> António de Sousa, governador do Banco de Portugal (BP), disse ao jornal Expresso no sábado passado, que prevê que o PIB cresça em 1996 entre 2,25 e 2,75 pct, estreitanto o anterior intervalo de previsão que era de 1,75 pct a 2,75 pct. </p>
<p> - Fernanda Pargana, Lisboa Editorial, 351-1-3150035. </p>
<p> (c) Reuters Limited 1996. </p></text>
<copyright>(c) Reuters Limited 1996</copyright>
<metadata>
<codes class="bip:countries:1.0">
<code code="TVvSQMWVzF">
<editdetail action="confirmed" attribution="Reuters BIP Coding Group" date="1996-10-09"></editdetail></code>
<code code="JUmgxGFIQx">
<editdetail action="confirmed" attribution="Reuters BIP Coding Group" date="1996-10-09"></editdetail></code>
<code code="LINdvnEuMl">
<editdetail action="confirmed" attribution="Reuters BIP Coding Group" date="1996-10-09"></editdetail></code></codes>
<codes class="bip:topics:1.0">
<code code="iwYrIFiftW">
<editdetail action="confirmed" attribution="Reuters BIP Coding Group" date="1996-10-09"></editdetail></code>
<code code="dcqJLDaWlG">
<editdetail action="confirmed" attribution="Reuters BIP Coding Group" date="1996-10-09"></editdetail></code></codes>
<dc element="dc.publisher" value="Reuters Holdings Plc"></dc>
<dc element="dc.datepublished" value="1996-10-09"></dc>
<dc element="dc.source" value="Reuters - Notícias em Português"></dc>
<dc element="dc.creator.location" value=""></dc>
<dc element="dc.creator.location.country.name" value=""></dc></metadata></newsitem>