<?xml version="1.0" encoding="UTF-8"?>

<newsitem date="1996-09-05" id="root" itemid="48689" xml:lang="pt">
<title></title>
<headline> PRODUÇÃO INDUSTRIAL 2DO SEM96 AINDA FRACA - GEP. </headline>
<byline></byline>
<dateline></dateline>
<text>
<p> LISBOA, 5 Set (Reuter) - A produção industrial deverá continuar no segundo semestre de 1996 a ser afectada pela fragilidade da procura interna e externa, afirma um estudo do Gabinete de Estudos e Planeamento do Ministério da Economia. </p>
<p> Para os 25 sub-sectores analisados, a principal conclusão do estudo é de que a maioria deverá ainda no terceiro trimestre de 1996 registar uma evolução negativa, sendo a principal excepção o sector da indústria automóvel e a do papel. </p>
<p> Relativamente ao segundo trimestre de 1996, a conclusão é inequívoca, &quot;o crescimento económico em Portugal continuou a abrandar&quot;. </p>
<p> &quot;A produção industrial evoluiu negativamente, prejudicada quer pelas tendências menos favoráveis do consumo das famílias e do investimento empresarial, quer pela fragilidade revelada pela procura externa&quot;, afirma aquele relatório sobre a Indústria e Energia. </p>
<p> Para o segundo semestre deste ano, acrescenta, &quot;é provável que alguns sectores beneficiem da reanimação do investimento em obras públicas e que as exportações venham a recuperar&quot;. </p>
<p> &quot;Para além da esperada melhoria da procura da União Europeia ao longo do segundo semestre, as expectativas dos industriais portugueses vão igualmente nese sentido&quot;, adianta. </p>
<p> No sub-sector da alimentação, afirma o GEP, &quot;a procura interna foi a principal responsável pela debilidade da produção (no segundo trimestre). Os empresários prevêem uma melhoria da produção durante o terceiro trimestre&quot;. </p>
<p> &quot;O investimento evoluiu negativamente em 1995 e deverá diminuir ainda mais fortemente em 1996&quot;. Também o emprego deve evoluir negativamente. </p>
<p> No sector das bebidas prevê &quot;uma nova evolução negativa da produção no terceiro trimestre&quot;. </p>
<p> Nos têxteis, o GEP admite que &quot;no terceiro trimestre possa já ocorrer uma quebra menos intensa&quot; da produção, acrescentando que a carteira de encomendas &quot;continua a revelar um nível muito negativo&quot;. Prevê no entanto um aumento do investimento. </p>
<p> No sub-sector do vestuário, as perspectivas para o segundo semestre são positivas, tendo em conta a procura global e a procura externa, mas, afirma o GEP que o investimento deverá diminuir. </p>
<p> No sub-sector do calçado as perspectivas de produção são positivas para o terceiro trimestre, sentimento que já não se verificava desde o início de 1995, embora para 1996 os investimentos devam descer cerca de 10 pct, depois de uma quebra de 18 pct em 1995. </p>
<p> Também nos sectores da madeira e cortiça as perspectivas são positivas mas o GEP prevê que o investimento &quot;deverá cair fortemente em 1996&quot;. </p>
<p> No sector do papel, o GEP destaca &quot;uma vincada recuperação no segundo trimestre&quot; e prevê que no terceiro trimestre essa tendência positiva se mantenha. </p>
<p> No sub-sector dos artigos de plástico as previsões para o terceiro trimestre são de que a produção mantenha o ritmo descendente já verificado no trimestre anterior. Tem igualmente &quot;perspectivas de investimento para 1996 muito negativas&quot;. </p>
<p> - Fernanda Pargana, Lisboa Editorial, 351-1-3113126. </p>
<p> (c) Reuters Limited 1996. </p></text>
<copyright>(c) Reuters Limited 1996</copyright>
<metadata>
<codes class="bip:countries:1.0">
<code code="JwgCBKfyDa">
<editdetail action="confirmed" attribution="Reuters BIP Coding Group" date="1996-09-05"></editdetail></code>
<code code="wWfZzOtjXp">
<editdetail action="confirmed" attribution="Reuters BIP Coding Group" date="1996-09-05"></editdetail></code>
<code code="uJprnXaRdT">
<editdetail action="confirmed" attribution="Reuters BIP Coding Group" date="1996-09-05"></editdetail></code></codes>
<codes class="bip:topics:1.0">
<code code="KbdQiUuiHK">
<editdetail action="confirmed" attribution="Reuters BIP Coding Group" date="1996-09-05"></editdetail></code>
<code code="pVxqNxjdIM">
<editdetail action="confirmed" attribution="Reuters BIP Coding Group" date="1996-09-05"></editdetail></code>
<code code="rTkHmsGfue">
<editdetail action="confirmed" attribution="Reuters BIP Coding Group" date="1996-09-05"></editdetail></code></codes>
<dc element="dc.publisher" value="Reuters Holdings Plc"></dc>
<dc element="dc.datepublished" value="1996-09-05"></dc>
<dc element="dc.source" value="Reuters - Notícias em Português"></dc>
<dc element="dc.creator.location" value=""></dc>
<dc element="dc.creator.location.country.name" value=""></dc></metadata></newsitem>