<?xml version="1.0" encoding="UTF-8"?>

<newsitem date="1996-10-21" id="root" itemid="49931" xml:lang="pt">
<title></title>
<headline> DÉFICE ORÇAMENTO JAN-SET 1996 SOBE 13,8 PCT. </headline>
<byline></byline>
<dateline></dateline>
<text>
<p> LISBOA, 21 Out (Reuter) - O défice do Orçamento de Estado entre Janeiro e Setembro de 1996 aumentou 13,8 pct para 370,4 milhões de contos (MC) face ao mesmo período de 1995, afirma a execução orçamental para este período, hoje divulgada. </p>
<p> &quot;Esta variação está influenciada pelo valor da receita total não reflectir a contabilização das mais valias existentes em operações de tesouraria, regularização que está contemplada no valor da receita para o período homólogo de 1995&quot;, afirma. </p>
<p> Ao nível das despesas, o maior aumento é nas transferências, designadamente para a Segurança Social, pelo facto de em 1995 estas terem sido contabilizadas noutra rúbrica. </p>
<p> O total da despesa, entre Janeiro e Setembro, ascendeu a 5.135,1 MC, incluindo passivos financeiros, mais 9,8 pct do que no mesmo período do ano anterior. Sem encargos com a amortização da dívida, a despesa cresceu 5,6 pct. </p>
<p> As despesas correntes aumentaram 6,6 pct para 3.035,3 MC e, dentro destas, destaque para o aumento em 7,4 pct das despesas com o pessoal, justificado pelo Ministério das Finanças com o &quot;aumento e alguma antecipação de encargos com a Caixa Geral de Aposentações, relativamente ao pagamento de pensões e reformas e, ainda, com a ADSE para assunção de encargos com a saúde&quot;. Relacionou também com os aumentos de 4,25 pct da função pública. </p>
<p> As despesas de capital aumentaram 14,8 pct para 2.099,8 MC no período de Janeiro a Setembro, quando comparado com o homólogo anterior, &quot;influenciada pelo elevado grau de amortização de dívida pública, mais 21,7 pct de variação face a igual período de 1995&quot;, explica o documento da execução orçamental hoje publicado pela DGCP. </p>
<p> Ao nível das receitas, de Janeiro a Setembro houve um aumento de 8,0 pct para 2.980,8 MC face ao mesmo período do ano passado, com os impostos directos a aumentar 17,6 pct (mais 13,4 pct no IRS e mais 29,4 pct no IRC) e os indirectos a subir 6,8 pct. </p>
<p>     Segue quadro com principais agregados, em MC: </p>
<p>       1996  1995 Variação (%)     Receitas correntes  2.980,8    2.759,9 +  8,0 pct     Despesas correntes  3.035,3    2.846,2 +  6,6 pct      Saldo corrente      - 54,5     - 86,3 - 36,8 pct     Receitas de capital    13,7  82,4 - 83,4 pct     Despesas de capital   329,6 321,6 +  2,5 pct      Saldo execução orç.     - 370,4    - 325,5 + 13,8 pct      Saldo primário  261,7 325,9 - 19,7 pct     Act.fin.liq.reembolsos  1,6 108,0 - 98,5 pct      Saldo com act.financ.   - 372,0    - 433,5 - 14,2 pct </p>
<p>     ---Fernanda Pargana, Lisboa Editorial, 351-1-3113126. </p>
<p> (c) Reuters Limited 1996. </p></text>
<copyright>(c) Reuters Limited 1996</copyright>
<metadata>
<codes class="bip:countries:1.0">
<code code="xQBCMOUypn">
<editdetail action="confirmed" attribution="Reuters BIP Coding Group" date="1996-10-21"></editdetail></code>
<code code="bbrwAWstYA">
<editdetail action="confirmed" attribution="Reuters BIP Coding Group" date="1996-10-21"></editdetail></code>
<code code="WcxGMlUrFJ">
<editdetail action="confirmed" attribution="Reuters BIP Coding Group" date="1996-10-21"></editdetail></code></codes>
<codes class="bip:topics:1.0">
<code code="RGdDOpKCoq">
<editdetail action="confirmed" attribution="Reuters BIP Coding Group" date="1996-10-21"></editdetail></code>
<code code="NXcQfFlWJO">
<editdetail action="confirmed" attribution="Reuters BIP Coding Group" date="1996-10-21"></editdetail></code>
<code code="GSYbsUYFhJ">
<editdetail action="confirmed" attribution="Reuters BIP Coding Group" date="1996-10-21"></editdetail></code></codes>
<dc element="dc.publisher" value="Reuters Holdings Plc"></dc>
<dc element="dc.datepublished" value="1996-10-21"></dc>
<dc element="dc.source" value="Reuters - Notícias em Português"></dc>
<dc element="dc.creator.location" value=""></dc>
<dc element="dc.creator.location.country.name" value=""></dc></metadata></newsitem>