<?xml version="1.0" encoding="UTF-8"?>

<newsitem date="1996-10-30" id="root" itemid="50193" xml:lang="pt">
<title></title>
<headline> MMI TRANSACCIONA 300,975 MC, FUTUROS FAZEM 9,5 MC. </headline>
<byline></byline>
<dateline></dateline>
<text>
<p> LISBOA, 30 Out (Reuter) - O Mercado Monetário Interbancário (MMI) movimentou hoje 300,975 milhões de contos (MC) com 125 negócios nas operações com data-valor do próprio dia, a um e a dois dias, informou o Banco de Portugal. </p>
<p> O overnight (o/n) movimentou 84,805 MC com operações com data-valor do dia a uma taxa média ponderada (TMP) de 7,0124 pct contra 7,0362 pct na sessão anterior. </p>
<p> No mercado de futuros sobre a Lisbor a três meses fizeram-se 95 contratos no montante de 9,5 MC, contra 15 MC na sessão anterior. </p>
<p> - Lisboa Editorial, 351-1-315.00.35. </p>
<p> (c) Reuters Limited 1996. </p></text>
<copyright>(c) Reuters Limited 1996</copyright>
<metadata>
<codes class="bip:countries:1.0">
<code code="wUBxQnmNTp">
<editdetail action="confirmed" attribution="Reuters BIP Coding Group" date="1996-10-30"></editdetail></code>
<code code="uMGlbSlEXp">
<editdetail action="confirmed" attribution="Reuters BIP Coding Group" date="1996-10-30"></editdetail></code>
<code code="yrUzLCvLvn">
<editdetail action="confirmed" attribution="Reuters BIP Coding Group" date="1996-10-30"></editdetail></code></codes>
<codes class="bip:topics:1.0">
<code code="jARReHJIcr">
<editdetail action="confirmed" attribution="Reuters BIP Coding Group" date="1996-10-30"></editdetail></code>
<code code="breMAJguZM">
<editdetail action="confirmed" attribution="Reuters BIP Coding Group" date="1996-10-30"></editdetail></code>
<code code="mVCZwznFzB">
<editdetail action="confirmed" attribution="Reuters BIP Coding Group" date="1996-10-30"></editdetail></code></codes>
<dc element="dc.publisher" value="Reuters Holdings Plc"></dc>
<dc element="dc.datepublished" value="1996-10-30"></dc>
<dc element="dc.source" value="Reuters - Notícias em Português"></dc>
<dc element="dc.creator.location" value=""></dc>
<dc element="dc.creator.location.country.name" value=""></dc></metadata></newsitem>