<?xml version="1.0" encoding="UTF-8"?>

<newsitem date="1996-09-17" id="root" itemid="48976" xml:lang="pt">
<title></title>
<headline> ACÇÕES PREVÊEM-SE SUPORTADAS, FOCO NO GRUPO SONAE. </headline>
<byline></byline>
<dateline></dateline>
<text>
<p> 0835 TMG - As acções do Contínuo deverão hoje evoluir mais suportadas, após a correcção de ontem em total contra-ciclo com alguns máximos de praças europeias, prevendo-se que as acções do Grupo Sonae influenciem decisivamente a direcção dos índices. </p>
<p> &quot;O mercado deve andar mais suportado pois ontem corrigiu, enquanto outras praças europeias batiam máximos, e porque não há razões internas para penalizá-lo muito mais&quot;, disse um dealer. </p>
<p> &quot;A Sonae vai ditar o tom. Na Sonae Investimentos vai haver estabilidade, na Sonae Indústria e na Modelo Continente pode haver uma pequena queda&quot;, disse outro. </p>
<p> &quot;O interesse vai também dirigir-se para Cimpor e BCP, mas sustentadas nos níveis de fecho e limitadas na descida&quot;, adiantou. </p></text>
<copyright>(c) Reuters Limited 1996</copyright>
<metadata>
<codes class="bip:countries:1.0">
<code code="vNHblMDqyc">
<editdetail action="confirmed" attribution="Reuters BIP Coding Group" date="1996-09-17"></editdetail></code>
<code code="ICmbZoKMvB">
<editdetail action="confirmed" attribution="Reuters BIP Coding Group" date="1996-09-17"></editdetail></code>
<code code="czvClLRCCg">
<editdetail action="confirmed" attribution="Reuters BIP Coding Group" date="1996-09-17"></editdetail></code></codes>
<codes class="bip:topics:1.0">
<code code="zArMZUhiyd">
<editdetail action="confirmed" attribution="Reuters BIP Coding Group" date="1996-09-17"></editdetail></code>
<code code="XaosbMmQSX">
<editdetail action="confirmed" attribution="Reuters BIP Coding Group" date="1996-09-17"></editdetail></code></codes>
<dc element="dc.publisher" value="Reuters Holdings Plc"></dc>
<dc element="dc.datepublished" value="1996-09-17"></dc>
<dc element="dc.source" value="Reuters - Notícias em Português"></dc>
<dc element="dc.creator.location" value=""></dc>
<dc element="dc.creator.location.country.name" value=""></dc></metadata></newsitem>