<?xml version="1.0" encoding="UTF-8"?>

<newsitem date="1996-09-19" id="root" itemid="49091" xml:lang="pt">
<title></title>
<headline> ACÇÕES SEGUEM EM ALTA, CIMPOR E PT EM DESTAQUE. </headline>
<byline></byline>
<dateline></dateline>
<text>
<p> LISBOA, 19 Set (Reuter) - As acções do Contínuo e os Futuros sobre o PSI20 seguiam em alta ligeira na meia sessão e a liquidez no cash a somar quatro milhões de contos com operadores a preverem que a tendência de subida se mantenha até ao fecho. </p>
<p> &quot;O mercado deve fechar em alta ligeira. Há interesse em papéis com bastante peso no índice como é o caso da Cimpor e da PT&quot;, disse um dealer. </p>
<p> &quot;As acções da Cimpor reagiram em alta às previsões do presidente da cimenteira de que o lucro para 1996 deveria ser pelo menos o dobro do alcançado no primeiro semestre (11,6 milhões de contos)&quot;, afirmou outro. </p>
<p> As acções da PT, que reagiram na abertura do mercado aos resultados do semestre que crescerem 56 pct, estão agora mais equilibradas, evidenciando uma subida de 14 escudos para 4.114, sensivelmente o mesmo nível de Nova Iorque, 26,5/8 dólares. </p>
<p> As acções da PT variaram entre 4.091 e 4.150 escudos. </p>
<p> Por outro lado, continuam a verificar-se interesses na Lisnave, mas sem que o mercado consiga dar uma explicação plausível para os fortes movimentos das últimas sessões. </p>
<p> A transacção hoje na Bolsa de Valores de Lisboa de 155.000 acções da Modelo Continente não passou de mais uma arrumação dentro do Grupo Sonae no âmbito do processo de cisão. </p>
<p> - Paula Cordeiro, Lisboa Editorial, 351-1-3150035. (c) Reuters Limited 1996. </p></text>
<copyright>(c) Reuters Limited 1996</copyright>
<metadata>
<codes class="bip:countries:1.0">
<code code="FuJLEcbQfN">
<editdetail action="confirmed" attribution="Reuters BIP Coding Group" date="1996-09-19"></editdetail></code>
<code code="lPxfiUXbIt">
<editdetail action="confirmed" attribution="Reuters BIP Coding Group" date="1996-09-19"></editdetail></code>
<code code="TlTjmZsnNK">
<editdetail action="confirmed" attribution="Reuters BIP Coding Group" date="1996-09-19"></editdetail></code></codes>
<codes class="bip:topics:1.0">
<code code="SbcvuBbjbi">
<editdetail action="confirmed" attribution="Reuters BIP Coding Group" date="1996-09-19"></editdetail></code>
<code code="IYYjdTccWY">
<editdetail action="confirmed" attribution="Reuters BIP Coding Group" date="1996-09-19"></editdetail></code></codes>
<dc element="dc.publisher" value="Reuters Holdings Plc"></dc>
<dc element="dc.datepublished" value="1996-09-19"></dc>
<dc element="dc.source" value="Reuters - Notícias em Português"></dc>
<dc element="dc.creator.location" value=""></dc>
<dc element="dc.creator.location.country.name" value=""></dc></metadata></newsitem>