<?xml version="1.0" encoding="UTF-8"?>

<newsitem date="1996-10-11" id="root" itemid="49713" xml:lang="pt">
<title></title>
<headline> RESUMO TRANSACÇÕES NO MERCADO CONTÍNUO - (PDNX). </headline>
<byline></byline>
<dateline></dateline>
<text>
<p>     LISBOA, 11 Out (Reuter) - Transacções no Contínuo (números </p>
<p> da sessão anterior entre parentesis): (MC=milhões de contos). </p>
<p>         Quantidade     Valor </p>
<p> Mercado Contínuo Acções 2.389.795(2.022.074) 7,174 MC( 4,014 MC) </p>
<p>        OT  710.002(1.307.512) 7,873 MC(14,266 MC) Futuros OT-10     1.816(    1.205)18,685 MC(12,417 MC) Futuros PSI20       102( 391) 0,049 MC( 0,189 MC) Índices  Oficial BVL (.BVLG)     1.088,74    - 0,03 pct     BVL30  (.BVL30)    2.009,99    - 0,10 pct     PSI-20 (.PSI20)    4.790,97    - 0,15 pct     ORF(TRM 7,2702 vs 7,0674 pct)   108,71    - 0,58 pct     FPI (Fincor Privatisation)    1.129,30    + 0,13 pct     ----Lisboa Editorial,1.1.31131211. </p>
<p> (c) Reuters Limited 1996. </p></text>
<copyright>(c) Reuters Limited 1996</copyright>
<metadata>
<codes class="bip:countries:1.0">
<code code="UyjjPruzPj">
<editdetail action="confirmed" attribution="Reuters BIP Coding Group" date="1996-10-11"></editdetail></code>
<code code="MpkhYZcyuR">
<editdetail action="confirmed" attribution="Reuters BIP Coding Group" date="1996-10-11"></editdetail></code>
<code code="NhJYtwgFMs">
<editdetail action="confirmed" attribution="Reuters BIP Coding Group" date="1996-10-11"></editdetail></code></codes>
<codes class="bip:topics:1.0">
<code code="UoDYtygjuZ">
<editdetail action="confirmed" attribution="Reuters BIP Coding Group" date="1996-10-11"></editdetail></code>
<code code="RZeXRJvwHD">
<editdetail action="confirmed" attribution="Reuters BIP Coding Group" date="1996-10-11"></editdetail></code></codes>
<dc element="dc.publisher" value="Reuters Holdings Plc"></dc>
<dc element="dc.datepublished" value="1996-10-11"></dc>
<dc element="dc.source" value="Reuters - Notícias em Português"></dc>
<dc element="dc.creator.location" value=""></dc>
<dc element="dc.creator.location.country.name" value=""></dc></metadata></newsitem>