<?xml version="1.0" encoding="UTF-8"?>

<newsitem date="1996-09-12" id="root" itemid="48877" xml:lang="pt">
<title></title>
<headline> MMI TRANSACCIONA 190,274 MC, FUTUROS FAZEM 14,4 MC. </headline>
<byline></byline>
<dateline></dateline>
<text>
<p> LISBOA, 12 Set (Reuter) - O Mercado Monetário Interbancário (MMI) movimentou hoje 190,274 milhões de contos (MC) com 109 negócios nas operações com data-valor do próprio dia, a um e a dois dias, informou o Banco de Portugal. </p>
<p> O overnight (o/n) movimentou 83,144 MC com operações com data-valor do dia a uma taxa média ponderada (TMP) de 7,2160 pct contra 6,8643 pct na anterior sessão. </p>
<p> No mercado de futuros sobre a Lisbor a três meses fizeram-se 14,4 MC com 144 contratos, contra 1,5 MC na sessão anterior. </p>
<p> - Lisboa Editorial, 351-1-315.00.35. </p>
<p> (c) Reuters Limited 1996. </p></text>
<copyright>(c) Reuters Limited 1996</copyright>
<metadata>
<codes class="bip:countries:1.0">
<code code="GMKZYiqbhR">
<editdetail action="confirmed" attribution="Reuters BIP Coding Group" date="1996-09-12"></editdetail></code>
<code code="lQeltvzYji">
<editdetail action="confirmed" attribution="Reuters BIP Coding Group" date="1996-09-12"></editdetail></code>
<code code="JHeQHKAABs">
<editdetail action="confirmed" attribution="Reuters BIP Coding Group" date="1996-09-12"></editdetail></code></codes>
<codes class="bip:topics:1.0">
<code code="KkWynJHpkI">
<editdetail action="confirmed" attribution="Reuters BIP Coding Group" date="1996-09-12"></editdetail></code>
<code code="easubaoPIh">
<editdetail action="confirmed" attribution="Reuters BIP Coding Group" date="1996-09-12"></editdetail></code>
<code code="RqmAPvBuRP">
<editdetail action="confirmed" attribution="Reuters BIP Coding Group" date="1996-09-12"></editdetail></code></codes>
<dc element="dc.publisher" value="Reuters Holdings Plc"></dc>
<dc element="dc.datepublished" value="1996-09-12"></dc>
<dc element="dc.source" value="Reuters - Notícias em Português"></dc>
<dc element="dc.creator.location" value=""></dc>
<dc element="dc.creator.location.country.name" value=""></dc></metadata></newsitem>