<?xml version="1.0" encoding="UTF-8"?>

<newsitem date="1996-10-16" id="root" itemid="49820" xml:lang="pt">
<title></title>
<headline> ANÁLISE-GANHOS DE TRADING ESTIMULAM LUCROS BANCOS 96. </headline>
<byline></byline>
<dateline></dateline>
<text>
<p> Por Sérgio Gonçalves LISBOA, 16 Out (Reuter) - Os ganhos de trading decorrentes da forte queda das taxas de juro, numa clara aposta para a Moeda Única, vão ter um impacto muito positivo nos lucros dos bancos em 1996, prevendo-se a sua revisão em alta, disseram analistas. </p>
<p> Alguns adiantam, contudo, que até ao fim do ano a subida do sector deverá ser inferior à dos índices de Bolsa, à excepção do BCP e BES que até poderão registar uma melhor performance. </p>
<p> &quot;A performance da Dívida Pública a taxa fixa deve levar-nos a rever em alta os resultados dos bancos para 1996 por causa dos ganhos de trading&quot;, disse João Capucho, analista da Finantia. </p>
<p> &quot;Mas, o impacto destes ganhos nas cotações dos bancos pode ser algo limitado pois as grandes fases de reestruturação dos bancos estão a decorrer, após as recentes aquisições&quot;, disse. </p>
<p> &quot;Até ao fim do ano, o mercado pode subir mais uns cinco a seis pct e é natural que o BCP e o BES batam estes valores, mas o resto dos bancos não&quot;, disse Pedro Assumpção, analista da Central de Investimentos. </p>
<p> No primeiro semestre de 1996, os ganhos de trading consolidados do BFE, BPSM, BCP e BES, totalizaram 47,5 milhões de contos (MC), comparando com 60,98 MC em todo o ano de 1995 e 10,19 MC no primeiro semestre de 1995. </p>
<p> No primeiro semestre de 1996, os Bilhetes do Tesouro (BT) a seis meses caíram cerca de 150 basis points (bp) para próximo de sete pct e as yields das OT a 10 anos desceram mais de 100 bp para junto dos 8,70 pct. </p>
<p> Desde o início do ano a taxa de cedência do Banco de Portugal (BP) caiu 140 bp para os actuais 7,1 pct, prevendo-se que, no final do ano, esteja abaixo dos sete pct. </p>
<p> Após o bom primeiro semestre, os analistas esperavam que as taxas de juro mostrassem inércia a uma maior descida, mas foram surpreendidos pela rápida convergência para a Moeda Única. </p>
<p> Os BT a seis meses estão actualmente em 6,6259 pct e as yields a 10 anos em 7,57 pct, tendo os spreads destes para os Bunds caído já para um mínimo histórico de 147 bp, depois de, a 20 de Setembro, quebrarem a barreira dos 200 bp. </p>
<p> &quot;Os ganhos de trading (dos cinco bancos) devem ser bastante bons, também neste segundo semestre, e acho que até podem ser, para todo o ano, entre os 80 e os 90 MC&quot;, referiu Pedro Assumpção. </p>
<p> &quot;Acredito que os ganhos de trading (dos cinco bancos), este ano, sejam de 75 a 80 MC, depois de em 1995 já terem sido muito altos&quot;, disse João Capucho. </p>
<p> &quot;O terceiro trimestre já deverá incorporar estes ganhos de trading, mas eles deverão ser muito mais explícitos no quarto trimestre&quot;, disse um analista de um grupo financeiro nacional. </p>
<p> Para a generalidade dos cinco analistas contactados, as acções do Banco Comercial Português (BCP), cuja forte reestruturação foi iniciada há mais tempo, e do Banco Espírito Santo (BES), que privilegia o crescimento orgânico, deverão ser as grandes beneficiárias destes ganhos de trading. </p>
<p> &quot;O BCP começou a racionalizar funções com o BPA e a cortar custos de duplicações da actividade há mais tempo do que o BPI e BPSM, e o BES não tem, pelo menos por agora, custos tão grandes quanto se tivesse optado pelas aquisições&quot;, lembrou o analista do grupo financeiro nacional. </p>
<p> &quot;Aposto que (os preços do) BCP vão recuperar mais fortemente do que os do BES que é, dos outros bancos todos, o que tem maiores possibilidades de crescer mais&quot;, disse Pedro Assumpção. </p>
<p> &quot;Aposto mais no BCP porque teve uma descida de preços violenta, logo a seguir ao aumento de capital, e acho que não é esta a cotação normal para o BCP&quot;, explicou. </p>
<p> &quot;O BCP está mais desvalorizado do que o BES&quot;, disse. </p>
<p> Desde o início do ano as acções do BCP desceram 3,1 pct para 1.875 escudos e as do BES subiram 16,3 pct para 2.630 escudos. </p>
<p> As estimativas ainda não revistas de lucro líquido consolidado do BES para 1996 de uma poll que inclui a Tottadealer, a M.Valores e Banco Finantia aponta para valores entre os 20,1 e os 21 MC. </p>
<p> As estimativas para o BCP andam dos 20,4 e os 23,5 MC. </p>
<p> - Lisboa Editorial, 351-1-3150035. </p>
<p> (c) Reuters Limited 1996. </p></text>
<copyright>(c) Reuters Limited 1996</copyright>
<metadata>
<codes class="bip:countries:1.0">
<code code="BIFVrdqdGD">
<editdetail action="confirmed" attribution="Reuters BIP Coding Group" date="1996-10-16"></editdetail></code>
<code code="IBOEHJiDMJ">
<editdetail action="confirmed" attribution="Reuters BIP Coding Group" date="1996-10-16"></editdetail></code>
<code code="aikFrodQIU">
<editdetail action="confirmed" attribution="Reuters BIP Coding Group" date="1996-10-16"></editdetail></code></codes>
<codes class="bip:topics:1.0">
<code code="ACTqTlZNzN">
<editdetail action="confirmed" attribution="Reuters BIP Coding Group" date="1996-10-16"></editdetail></code></codes>
<dc element="dc.publisher" value="Reuters Holdings Plc"></dc>
<dc element="dc.datepublished" value="1996-10-16"></dc>
<dc element="dc.source" value="Reuters - Notícias em Português"></dc>
<dc element="dc.creator.location" value=""></dc>
<dc element="dc.creator.location.country.name" value=""></dc></metadata></newsitem>