<?xml version="1.0" encoding="UTF-8"?>

<newsitem date="1996-10-15" id="root" itemid="49783" xml:lang="pt">
<title></title>
<headline> GOVERNO PEDE AUTORIZAÇÃO LEGISLATIVA COLECTA MÍNIMA. </headline>
<byline></byline>
<dateline></dateline>
<text>
<p> LISBOA, 15 Out (Reuter) - O Governo increveu na proposta de Orçamento de Estado para 1997 um pedido de autorização legislativa para instaurar uma colecta mínima de imposto sobre os rendimentos de 1997 e anos seguintes para as empresas e trabalhadores. </p>
<p> &quot;Autoriza-se o Governo a definir uma colecta líquida mínima a pagar nos anos de 1997 e seguintes pelas pessoas colectivas e pelas pessoas singulares que aufiram rendimentos das categorias B e C do IRS, relativamente ao exercício normal das respectivas actividades, o que significa que através de um segundo mecanismo de limitação de deduções e cusatos, se opte, sem prejuízos das garantias dos contribuintes, por uma forma tributária mais apta, no caso concreto a aproximar-se do rendimento real daquelas categorias de contribuintes&quot;, afirma a proposta. </p>
<p> Não especifica o montante esperado desta colecta mínima, cuja receita só terá efeito sobre o Orçamento de 1998. </p>
<p> - Fernanda Pargana, Lisboa Editorial, 351-1-3113126. </p>
<p> (c) Reuters Limited 1996. </p></text>
<copyright>(c) Reuters Limited 1996</copyright>
<metadata>
<codes class="bip:countries:1.0">
<code code="OBSkKvkifj">
<editdetail action="confirmed" attribution="Reuters BIP Coding Group" date="1996-10-15"></editdetail></code>
<code code="qAnCUwiNyB">
<editdetail action="confirmed" attribution="Reuters BIP Coding Group" date="1996-10-15"></editdetail></code>
<code code="brWbeEAuqR">
<editdetail action="confirmed" attribution="Reuters BIP Coding Group" date="1996-10-15"></editdetail></code></codes>
<codes class="bip:topics:1.0">
<code code="DDWgHiCaCc">
<editdetail action="confirmed" attribution="Reuters BIP Coding Group" date="1996-10-15"></editdetail></code>
<code code="VvgclxQKLS">
<editdetail action="confirmed" attribution="Reuters BIP Coding Group" date="1996-10-15"></editdetail></code>
<code code="oBhsyYSOTj">
<editdetail action="confirmed" attribution="Reuters BIP Coding Group" date="1996-10-15"></editdetail></code></codes>
<dc element="dc.publisher" value="Reuters Holdings Plc"></dc>
<dc element="dc.datepublished" value="1996-10-15"></dc>
<dc element="dc.source" value="Reuters - Notícias em Português"></dc>
<dc element="dc.creator.location" value=""></dc>
<dc element="dc.creator.location.country.name" value=""></dc></metadata></newsitem>