<?xml version="1.0" encoding="UTF-8"?>

<newsitem date="1996-09-13" id="root" itemid="48909" xml:lang="pt">
<title></title>
<headline> ACÇÕES FECHAM EM ALTA, SUBIDA DEVE MANTER-SE. </headline>
<byline></byline>
<dateline></dateline>
<text>
<p> As acções do Contínuo e os Futuros sobre o PSI20 fecharam em alta, seguindo os mercados internacionais, bastante optimistas com os números da inflação dos Estado Unidos. Liquidez no cash atinge 4,4 milhões de contos, negociados 117 contratos de Futuros PSI. Subida deve manter-se na segunda. *Índice PSI-20 sobe 0,40 pct para 4.782,32 pontos *BES sobe 61 escudos para 2.580, com 399.262 acções *Lisnave sobe 21 escudos para 354. Negociadas 207.900 *BFE sobe 3 escudos para 2.560. Negociadas 193.967 *PT sobe 38 escudos para 4.100, com 166.994 acções *Futuro PSI-20 Set/96 sobe 26 pontos para 4.813, 77 contratos. </p>
<p> - Paula Cordeiro, Lisboa Editorial, 351-1-3150035. *Os utilizadores de Reuter Terminal devem fazer duplo click em: (c) Reuters Limited 1996. </p></text>
<copyright>(c) Reuters Limited 1996</copyright>
<metadata>
<codes class="bip:countries:1.0">
<code code="cltAzveyGV">
<editdetail action="confirmed" attribution="Reuters BIP Coding Group" date="1996-09-13"></editdetail></code>
<code code="qRYCRavcpi">
<editdetail action="confirmed" attribution="Reuters BIP Coding Group" date="1996-09-13"></editdetail></code>
<code code="hYtksigtdc">
<editdetail action="confirmed" attribution="Reuters BIP Coding Group" date="1996-09-13"></editdetail></code></codes>
<codes class="bip:topics:1.0">
<code code="CwhAxTWjjn">
<editdetail action="confirmed" attribution="Reuters BIP Coding Group" date="1996-09-13"></editdetail></code>
<code code="wfjJKmpGqS">
<editdetail action="confirmed" attribution="Reuters BIP Coding Group" date="1996-09-13"></editdetail></code></codes>
<dc element="dc.publisher" value="Reuters Holdings Plc"></dc>
<dc element="dc.datepublished" value="1996-09-13"></dc>
<dc element="dc.source" value="Reuters - Notícias em Português"></dc>
<dc element="dc.creator.location" value=""></dc>
<dc element="dc.creator.location.country.name" value=""></dc></metadata></newsitem>