<?xml version="1.0" encoding="UTF-8"?>

<newsitem date="1996-10-30" id="root" itemid="50169" xml:lang="pt">
<title></title>
<headline> ACÇÕES PREVÊEM-SE CALMAS E INTERESSES CONCENTRADOS. </headline>
<byline></byline>
<dateline></dateline>
<text>
<p> As acções do Contínuo deverão abrir em sintonia com os últimos dias e a liquidez concentrada em alguns papéis, por razões específicas, como BES, devido aos resultados do terceiro trimestre e, ainda, Lisnave, que voltou hoje à negociação. Barbosa &amp; Almeida não deverá registar forte reacção às notícias a sobre a sua internacionalização, afirmaram operadores. *Futuro PSI20 Nov96 (PSI20X6)fecha a 4.778 pontos *Barbosa &amp; Almeida compra Vidreira de Moçambique. </p>
<p> *PT fecha em Nova Iorque a subir para 25,5/8 dólares *BCP/Atlântico lança Seguro directo com capital social 1,5 MC *Instituições bancárias temem sul Europa UEM - Sousa Franco </p>
<p> - Paula Cordeiro, Lisboa Editorial, 351-1-3150035. (c) Reuters Limited 1996. </p></text>
<copyright>(c) Reuters Limited 1996</copyright>
<metadata>
<codes class="bip:countries:1.0">
<code code="QGmZFZCzox">
<editdetail action="confirmed" attribution="Reuters BIP Coding Group" date="1996-10-30"></editdetail></code>
<code code="NIsGUOFhdF">
<editdetail action="confirmed" attribution="Reuters BIP Coding Group" date="1996-10-30"></editdetail></code>
<code code="NHmEGwAheo">
<editdetail action="confirmed" attribution="Reuters BIP Coding Group" date="1996-10-30"></editdetail></code></codes>
<codes class="bip:topics:1.0">
<code code="NLfbDyKCCR">
<editdetail action="confirmed" attribution="Reuters BIP Coding Group" date="1996-10-30"></editdetail></code>
<code code="mhNgyeKNOK">
<editdetail action="confirmed" attribution="Reuters BIP Coding Group" date="1996-10-30"></editdetail></code></codes>
<dc element="dc.publisher" value="Reuters Holdings Plc"></dc>
<dc element="dc.datepublished" value="1996-10-30"></dc>
<dc element="dc.source" value="Reuters - Notícias em Português"></dc>
<dc element="dc.creator.location" value=""></dc>
<dc element="dc.creator.location.country.name" value=""></dc></metadata></newsitem>