<?xml version="1.0" encoding="UTF-8"?>

<newsitem date="1996-10-17" id="root" itemid="49868" xml:lang="pt">
<title></title>
<headline> DÉFICE BTC SOBE P/ 528 MC JAN-AGO 96 VS JAN-AGO 95. </headline>
<byline></byline>
<dateline></dateline>
<text>
<p> LISBOA, 17 Out (Reuter) - O défice da Balança de Transacções Correntes (BTC) numa base de liquidações subiu, no período de Janeiro a Agosto de 1996, para 528 milhões de contos (MC) contra -421 MC em idêntico período de 1995, anunciou o Banco de Portugal (BP) na conjuntura mensal de Setembro. </p>
<p> O aumento das transferências unilaterais, em cerca de 33,7 MC, e a redução do défice de liquidação de mercadorias, em cerca de 18,1 MC, não foram suficientes para compensar o aumento do défice da balança de rendimentos, em 120,5 MC e a diminuição do excedente da balança de serviços, em 38,4 MC. </p>
<p> Em Agosto de 1996, a BTC apresentou um saldo positivo de 35,1 MC contra 63,9 MC em Agosto de 1995. </p>
<p> - Lisboa Editorial, 351-1-3150035. </p>
<p> (c) Reuters Limited 1996. </p></text>
<copyright>(c) Reuters Limited 1996</copyright>
<metadata>
<codes class="bip:countries:1.0">
<code code="kptFXOKFSL">
<editdetail action="confirmed" attribution="Reuters BIP Coding Group" date="1996-10-17"></editdetail></code>
<code code="dMouFFyzmD">
<editdetail action="confirmed" attribution="Reuters BIP Coding Group" date="1996-10-17"></editdetail></code>
<code code="CKBSvgIdOk">
<editdetail action="confirmed" attribution="Reuters BIP Coding Group" date="1996-10-17"></editdetail></code></codes>
<codes class="bip:topics:1.0">
<code code="QZsrlKEvvK">
<editdetail action="confirmed" attribution="Reuters BIP Coding Group" date="1996-10-17"></editdetail></code>
<code code="QTtCjwHKQP">
<editdetail action="confirmed" attribution="Reuters BIP Coding Group" date="1996-10-17"></editdetail></code>
<code code="MOMcRxAZNx">
<editdetail action="confirmed" attribution="Reuters BIP Coding Group" date="1996-10-17"></editdetail></code>
<code code="ZezKmoJHxA">
<editdetail action="confirmed" attribution="Reuters BIP Coding Group" date="1996-10-17"></editdetail></code></codes>
<dc element="dc.publisher" value="Reuters Holdings Plc"></dc>
<dc element="dc.datepublished" value="1996-10-17"></dc>
<dc element="dc.source" value="Reuters - Notícias em Português"></dc>
<dc element="dc.creator.location" value=""></dc>
<dc element="dc.creator.location.country.name" value=""></dc></metadata></newsitem>