<?xml version="1.0" encoding="UTF-8"?>

<newsitem date="1996-09-06" id="root" itemid="48704" xml:lang="pt">
<title></title>
<headline> BANCO PORTUGAL CEDEU TRES MILHÕES DE CONTOS DE LIQUIDEZ. </headline>
<byline></byline>
<dateline></dateline>
<text>
<p> LISBOA, 6 Set (Reuter) - O Banco de Portugal (BP) cedeu hoje três milhões de contos (MC) de liquidez contra a recompra de bilhetes do Tesouro, Títulos de Depósito e obrigações do Tesouro (BT/TD/OT) a seis dias à taxa média ponderada (TMP) de 7,25 pct, anunciou a instituição. </p>
<p> O montante máximo proposto tinha sido de 20 MC. </p>
<p> Na anterior cedência, a TMP saiu a 7,25 pct. </p>
<p> O BP propôs absorver fundos do mercado contra Títulos de Regularização Monetária (TRM) a seis dias à taxa fixa de 6,80 pct, com entrega de propostas até às 1500 horas locais. </p>
<p> A entrega de propostas para a cedência de emergência decorre também até às 1500 horas locais. </p>
<p> - Lisboa Editorial, 351.1.315-00-35. </p>
<p> (c) Reuters Limited 1996. </p></text>
<copyright>(c) Reuters Limited 1996</copyright>
<metadata>
<codes class="bip:countries:1.0">
<code code="SxhBvgjokQ">
<editdetail action="confirmed" attribution="Reuters BIP Coding Group" date="1996-09-06"></editdetail></code>
<code code="JViXddEKWM">
<editdetail action="confirmed" attribution="Reuters BIP Coding Group" date="1996-09-06"></editdetail></code>
<code code="unIQbwSNcE">
<editdetail action="confirmed" attribution="Reuters BIP Coding Group" date="1996-09-06"></editdetail></code></codes>
<codes class="bip:topics:1.0">
<code code="LkKOLOSSKn">
<editdetail action="confirmed" attribution="Reuters BIP Coding Group" date="1996-09-06"></editdetail></code>
<code code="asGnPFrWDM">
<editdetail action="confirmed" attribution="Reuters BIP Coding Group" date="1996-09-06"></editdetail></code>
<code code="HBwwuUWBOQ">
<editdetail action="confirmed" attribution="Reuters BIP Coding Group" date="1996-09-06"></editdetail></code></codes>
<dc element="dc.publisher" value="Reuters Holdings Plc"></dc>
<dc element="dc.datepublished" value="1996-09-06"></dc>
<dc element="dc.source" value="Reuters - Notícias em Português"></dc>
<dc element="dc.creator.location" value=""></dc>
<dc element="dc.creator.location.country.name" value=""></dc></metadata></newsitem>