<?xml version="1.0" encoding="UTF-8"?>

<newsitem date="1996-10-02" id="root" itemid="49410" xml:lang="pt">
<title></title>
<headline> ACÇÕES PREVÊEM-SE LIQUIDEZ CONCENTRADA,BTA,LISNAVE. </headline>
<byline></byline>
<dateline></dateline>
<text>
<p> As acções do Contínuo deverão hoje abrir com a liquidez concentrada nos papéis habituais, como PT, BCP e PI, podendo surgir algum interesse, devido à subida das outras praças. Lisnave deverá reagir em alta às notícias da imprensa sobre o novo plano de reestruturação do Estado que está para breve, enquanto no BTA deverá sentir-se alguma pressão para se manter aos actuais níveis para que a última fase de privatização corra bem. A PT pode cair depois da puxada de ontem, afirmaram operadores. *Índice PSI20 fechou ontem subir para 4.756,29 pontos *Futuro PSI-20 Out/96 fechou ontem a 4.793 pontos. </p>
<p> *PT fechou em Nova Iorque a subir para 26 dólares *Privatização BTA com book building para Novembro - D.E. </p>
<p> - Paula Cordeiro, Lisboa Editorial, 351-1-3150035. (c) Reuters Limited 1996. </p></text>
<copyright>(c) Reuters Limited 1996</copyright>
<metadata>
<codes class="bip:countries:1.0">
<code code="nhVedIfSsE">
<editdetail action="confirmed" attribution="Reuters BIP Coding Group" date="1996-10-02"></editdetail></code>
<code code="wUFOtOXmxT">
<editdetail action="confirmed" attribution="Reuters BIP Coding Group" date="1996-10-02"></editdetail></code>
<code code="zHvrgopOTD">
<editdetail action="confirmed" attribution="Reuters BIP Coding Group" date="1996-10-02"></editdetail></code></codes>
<codes class="bip:topics:1.0">
<code code="QmEksqzLXo">
<editdetail action="confirmed" attribution="Reuters BIP Coding Group" date="1996-10-02"></editdetail></code>
<code code="qNpzeOecKP">
<editdetail action="confirmed" attribution="Reuters BIP Coding Group" date="1996-10-02"></editdetail></code></codes>
<dc element="dc.publisher" value="Reuters Holdings Plc"></dc>
<dc element="dc.datepublished" value="1996-10-02"></dc>
<dc element="dc.source" value="Reuters - Notícias em Português"></dc>
<dc element="dc.creator.location" value=""></dc>
<dc element="dc.creator.location.country.name" value=""></dc></metadata></newsitem>