<?xml version="1.0" encoding="UTF-8"?>

<newsitem date="1996-10-10" id="root" itemid="49645" xml:lang="pt">
<title></title>
<headline> ESCUDO LIGEIRA ALTA VS MARCO MANHÃ, SEGUE EUROPA. </headline>
<byline></byline>
<dateline></dateline>
<text>
<p> O escudo manteve-se calmo, mas em alta ligeira contra o marco ao longo da manhã, continuando a reagir em simpatia com as restantes moedas da Europa. Dealers dizem que o escudo se manterá num range entre 101,10 e 101,25 por marco. </p>
<p> *Escudo 101,15/17 por marco contra 101,18/21 na abertura </p>
<p> *Escudo oscilou entre 101,15 e 101,23 por marco </p>
<p> *Peseta 84,13/15 por marco contra 84,18/20 na abertura </p>
<p> *Dólar 1,5307/10 marcos vs 1,5283/88 na abertura Europa </p>
<p> *BP cede 19,5 MC a 4 dias, TMP estável em 7,1 pct </p>
<p> *Buba mantém duas próximas repos a 3 pct </p>
<p> *INE divulga inflação de Setembro às 1500 horas locais. </p>
<p>     ----Lisboa Editorial, 351.1.3113121. </p>
<p> (c) Reuters Limited 1996. </p></text>
<copyright>(c) Reuters Limited 1996</copyright>
<metadata>
<codes class="bip:countries:1.0">
<code code="dVvSWYjpQG">
<editdetail action="confirmed" attribution="Reuters BIP Coding Group" date="1996-10-10"></editdetail></code>
<code code="ORyFdjsjxf">
<editdetail action="confirmed" attribution="Reuters BIP Coding Group" date="1996-10-10"></editdetail></code>
<code code="oGlmpSbPCk">
<editdetail action="confirmed" attribution="Reuters BIP Coding Group" date="1996-10-10"></editdetail></code></codes>
<codes class="bip:topics:1.0">
<code code="AlgUuhsCjQ">
<editdetail action="confirmed" attribution="Reuters BIP Coding Group" date="1996-10-10"></editdetail></code>
<code code="psJRGDzBIS">
<editdetail action="confirmed" attribution="Reuters BIP Coding Group" date="1996-10-10"></editdetail></code>
<code code="vLYksiVQgO">
<editdetail action="confirmed" attribution="Reuters BIP Coding Group" date="1996-10-10"></editdetail></code></codes>
<dc element="dc.publisher" value="Reuters Holdings Plc"></dc>
<dc element="dc.datepublished" value="1996-10-10"></dc>
<dc element="dc.source" value="Reuters - Notícias em Português"></dc>
<dc element="dc.creator.location" value=""></dc>
<dc element="dc.creator.location.country.name" value=""></dc></metadata></newsitem>