<?xml version="1.0" encoding="UTF-8"?>

<newsitem date="1996-10-18" id="root" itemid="49895" xml:lang="pt">
<title></title>
<headline> ESCUDO SEM REACÇÃO CORTE BP, ESPERA ESTRANGEIROS. </headline>
<byline></byline>
<dateline></dateline>
<text>
<p> LISBOA, 18 Out (Reuter) - O escudo não mostrou qualquer reacção imediata ao tímido corte da taxa de cedência do BP, podendo continuar a apreciar-se. </p>
<p> Às 1328 TMG, o escudo cotava 100,72/75 por marco contra 100,69/73 imediatamente antes do anúnico do BP e 100,80/82 na abertura. </p>
<p> &quot;É possível que o escudo possa mostrar um ligeiro ajuste a esta decisão do BP, mas para já não fez nada disso e mesmo que possa corrigir qualquer coisa, depois vai continuar a testar níveis mais altos&quot;, disse um dealer que não quis ser identificado. </p>
<p> &quot;Vamos ver como é que os não-resientes vão reagir a este corte de taxa, mas para já o marco-escudo está a aguentar-se bem aqui nos 70 (100,70)&quot;, disse outro dealer. </p>
<p> &quot;O marco-escudo já foi pago a 100,72, logo depois do anúncio, mas não passou daqui, o que nos leva a pensar que o movimento é mais para baixo (queda do marco) do que para cima&quot;, disse outro operador. </p>
<p> Dealers disseram que este corte de taxa pode ser interpretado de uma multiplicidade de maneiras, além de que mais 10 ou menos 10 basis points não têm grande influência. </p>
<p> &quot;Um corte de taxas pode ser interpretado de várias formas e no caso de Portugal penso que pode ser interpretado como uma confiança na economia e na política monetária&quot;, disse um analista que não quis ser identificado. </p>
<p> &quot;Depois da credibilidade reconhecida à proposta de orçamento, com o mercado, especialmente os não-residentes, agradado pelo facto de Portugal poder cumprir os critérios da moeda única, este pode ser interpretado como mais um sinal de confiança na performance da economia portuguesa&quot;, acrescentou. </p>
<p> Às 1340 TMG, o escudo cotava 100,70/73 por marco. </p>
<p> Dealers dizem também que a firmeza da peseta, lira e franco francês contra o marco, bem como do dólar, ajudam a escudo a suportar esta decisão do BP. </p>
<p> O Banco de Portugal anunciou, esta tarde, um corte de 0,10 pontos na sua taxa de cedência para sete pct, com efeitos a partir de segunda-feira. </p>
<p> - José Barata, Lisboa Editorial, 351.1.3113121. </p>
<p> (c) Reuters Limited 1996. </p></text>
<copyright>(c) Reuters Limited 1996</copyright>
<metadata>
<codes class="bip:countries:1.0">
<code code="VcusfPgEfl">
<editdetail action="confirmed" attribution="Reuters BIP Coding Group" date="1996-10-18"></editdetail></code>
<code code="UjOIKfETHI">
<editdetail action="confirmed" attribution="Reuters BIP Coding Group" date="1996-10-18"></editdetail></code>
<code code="RTpZdGtOxr">
<editdetail action="confirmed" attribution="Reuters BIP Coding Group" date="1996-10-18"></editdetail></code></codes>
<codes class="bip:topics:1.0">
<code code="iOlmaIaKwk">
<editdetail action="confirmed" attribution="Reuters BIP Coding Group" date="1996-10-18"></editdetail></code>
<code code="HzpXyePIpE">
<editdetail action="confirmed" attribution="Reuters BIP Coding Group" date="1996-10-18"></editdetail></code>
<code code="oYsKwmclRL">
<editdetail action="confirmed" attribution="Reuters BIP Coding Group" date="1996-10-18"></editdetail></code></codes>
<dc element="dc.publisher" value="Reuters Holdings Plc"></dc>
<dc element="dc.datepublished" value="1996-10-18"></dc>
<dc element="dc.source" value="Reuters - Notícias em Português"></dc>
<dc element="dc.creator.location" value=""></dc>
<dc element="dc.creator.location.country.name" value=""></dc></metadata></newsitem>