<?xml version="1.0" encoding="UTF-8"?>

<newsitem date="1996-10-24" id="root" itemid="50041" xml:lang="pt">
<title></title>
<headline> VICTOR BENTO É PRESIDENTE INSTITUTO CRÉDITO PÚBLICO. </headline>
<byline></byline>
<dateline></dateline>
<text>
<p> LISBOA, 24 Out (Reuter) - O Governo aprovou uma resolução que nomeia o Conselho Directivo (CD) do Instituto de Gestão do Crédito Público (IGCP) que passa a contar com o actual director-geral do Tesouro como presidente, segundo o comunicado do Conselho de Ministros (CM). </p>
<p> O CD do Instituto conta ainda com dois vogais, lugares para os quais foram nomeados António Pontes Correia, director-geral da Junta de Crédito Público e Vasco Silva Pereira. </p>
<p> Segundo o ministro da Presidência e da DeVitorino, Vitor Bento irá acumular os dois cargos &quot;já que as duas funções são inerentes&quot;. </p>
<p> LISBOA, 24 Out (Reuter) - O Governo aprovou uma resolução que nomeia o Conselho Directivo (CD) do Instituto de Gestão do Crédito Público (IGCP) que passa a contar com o actual director-geral do Tesouro, Vitor Bento, como presidente, segundo o comunicado do Conselho de Ministros (CM). </p>
<p> O CD do Instituto conta ainda com dois vogais, lugares para os quais foram nomeados António Pontes Correia, director-geral da Junta de Crédito Público e Vasco Silva Pereira. </p>
<p> Silva Pereira foi director do Departamento de Balança de Pagamentos e Financiamento Externo, do Departamento de Estrangeiro e do de Supervisão Bancária do Banco de Portugal. </p>
<p> Actualmente é administrador da Caixa Central de Crédito Agrícola Mútuo (CCCAM). </p>
<p> (c) Reuters Limited 1996. </p></text>
<copyright>(c) Reuters Limited 1996</copyright>
<metadata>
<codes class="bip:countries:1.0">
<code code="CgUNYaTRIk">
<editdetail action="confirmed" attribution="Reuters BIP Coding Group" date="1996-10-24"></editdetail></code>
<code code="XhlkKoQgAn">
<editdetail action="confirmed" attribution="Reuters BIP Coding Group" date="1996-10-24"></editdetail></code>
<code code="mVsXOdviGg">
<editdetail action="confirmed" attribution="Reuters BIP Coding Group" date="1996-10-24"></editdetail></code></codes>
<codes class="bip:topics:1.0">
<code code="gnACuxjJQq">
<editdetail action="confirmed" attribution="Reuters BIP Coding Group" date="1996-10-24"></editdetail></code>
<code code="WBUbmOFcJl">
<editdetail action="confirmed" attribution="Reuters BIP Coding Group" date="1996-10-24"></editdetail></code></codes>
<dc element="dc.publisher" value="Reuters Holdings Plc"></dc>
<dc element="dc.datepublished" value="1996-10-24"></dc>
<dc element="dc.source" value="Reuters - Notícias em Português"></dc>
<dc element="dc.creator.location" value=""></dc>
<dc element="dc.creator.location.country.name" value=""></dc></metadata></newsitem>