<?xml version="1.0" encoding="UTF-8"?>

<newsitem date="1996-10-31" id="root" itemid="50215" xml:lang="pt">
<title></title>
<headline> PORTUGAL PERDE MUITOS MC RECUSA VENDA OURO. </headline>
<byline></byline>
<dateline></dateline>
<text>
<p> Por Sérgio Gonçalves LISBOA, 31 Out (Reuter) - A manutenção de elevadas reservas de ouro faz com que Portugal perca anualmente muitos milhões de contos (MC) por não as rentabilizar com a sua venda, disse João Costa Pinto, ex-vice-governador do Banco de Portugal (BP). </p>
<p> &quot;No caso do BP, a manutenção destas reservas de ouro tem como consequência uma menor rentabilização das reservas oficiais, ao que seja, o país perde por ano muitos milhões de contos (MC) pela circunstância de não poder rentabilizar as suas reservas em ouro&quot;, referiu o actual presidente do BCI. </p>
<p> &quot;Se teimosamente continuarmos a manter reservas de ouro pesadas, não as convertendo convenientemente noutro tipo de &apos;asset&apos; mais líquidos como divisas fortes, a prazo, o país vai perder&quot;, vaticinou. </p>
<p> &quot;Já está a perder, em matéria de rentabilização das suas reservas globais, e, a prazo, vai perder porque ficamos com reservas de ouro pesadas e concentradas no BP&quot;, adiantou. </p>
<p> &quot;Como vamos ter de ceder para o SEBC uma parte muito substancial das nossas reservas em divisas, significa que a margem de manobra do BP, nessa matéria, até será reduzida&quot;, explicou. </p>
<p> No final de 1995, segundo o relatório do Banco de Portugal, as reservas de ouro, de cerca de 500 toneladas de ouro fino, estava avaliadas em cerca de 775 milhões de contos. </p>
<p> No final de Setembro deste ano, segundo a Síntese de Conjuntura do Banco de Portugal, as reservas oficiais líquidas, que incluem o ouro, eram de 3.338 milhões de contos, com o ouro avaliado a preços de mercado. </p>
<p> Costa Pinto disse que a questão da venda das reservas em ouro devia ser desdramatizada e vista puramente de um ponto de vista técnico, deixando a responsabilidade ao BP, como lhe compete. </p>
<p> &quot;A minha posição é muito clara: acho que entre nós, e por razões históricas, o ouro está carregado de enorme simbolismo&quot;, lembrou o ex-vice-governador do BP. </p>
<p> &quot;Emergimos em 1974 como um país pobre, mas que tínhamos reservas de ouro muito substanciais, e as reservas são vistas pelo cidadão comum português como uma espécie de refúgio para ser usado num momento de emergência&quot;, adiantou. </p>
<p> &quot;A verdade, no entanto, é que o contexto de o mercado do ouro e da importância do ouro como reserva monetária tem vindo a alterar-se substancialmente&quot;, referiu Costa Pinto. </p>
<p> &quot;O problema é que com a criação do Sistema Europeu de Bancos Centrais (SEBC), cada banco central doméstico vai ter de fazer um &apos;apport&apos; de reservas e a parte do ouro vai ser apenas uma pequena parte&quot;. </p>
<p> &quot;Bancos centrais europeus, que tinham reservas de ouro substanciais, têm vindo a proceder a vendas de ouro ao longo dos últimos anos&quot;, frisou, lembrando que &quot;o mercado do ouro é hipersensível&quot; e que &quot;isso (venda) teria de ser feito com extremo cuidado&quot;. </p>
<p> &quot;Acho que esta questão devia ser desdramatizada e discutida a nível nacional, evitando a sua politização e partidarização&quot;. </p>
<p> &quot;Devia ser discutida com argumentos de natureza técnica e devia ser deixado ao BP, que é a instituição que tem a responsabilidade de gestão de reservas oficiais, a responsabilidade de tomar as opções em matéria dessas reservas que lhe competem&quot;, acrescentou. </p>
<p> &quot;Se passou pela ideia de alguém vender o ouro para poder utilizar as mais-valias a curto-prazo, isso seria um erro&quot;, disse, numa indirecta, mas clara, negação de a venda de ouro ser para cumprir critérios de Maastricht, nomeadamente do défice. </p>
<p> &quot;Numa perspectiva técnica, não percebo bem isso (utilizar reservas de ouro para cumprir critérios) porque o país vai ser julgado não só na posição que tem, em determinado momento (para a entrada Moeda Única), mas como na sua sustentabilidade a prazo&quot;, alertou. </p>
<p> &quot;Portanto, soluções ocasionais, com efeito momentâneo, penso que não caem no espírito daquilo que são os critérios do Tratado&quot;, concluiu. </p>
<p> - Lisboa Editorial, 351-1-3150035. </p>
<p> (c) Reuters Limited 1996. </p></text>
<copyright>(c) Reuters Limited 1996</copyright>
<metadata>
<codes class="bip:countries:1.0">
<code code="vfHQsRHZOM">
<editdetail action="confirmed" attribution="Reuters BIP Coding Group" date="1996-10-31"></editdetail></code>
<code code="JwscwomZen">
<editdetail action="confirmed" attribution="Reuters BIP Coding Group" date="1996-10-31"></editdetail></code>
<code code="QBhRyQkrDd">
<editdetail action="confirmed" attribution="Reuters BIP Coding Group" date="1996-10-31"></editdetail></code></codes>
<codes class="bip:topics:1.0">
<code code="CmwHNVJmOe">
<editdetail action="confirmed" attribution="Reuters BIP Coding Group" date="1996-10-31"></editdetail></code>
<code code="CjdLlpgnrx">
<editdetail action="confirmed" attribution="Reuters BIP Coding Group" date="1996-10-31"></editdetail></code>
<code code="cbDRIZEfCW">
<editdetail action="confirmed" attribution="Reuters BIP Coding Group" date="1996-10-31"></editdetail></code>
<code code="slETNWBibO">
<editdetail action="confirmed" attribution="Reuters BIP Coding Group" date="1996-10-31"></editdetail></code>
<code code="lIJSenaDPA">
<editdetail action="confirmed" attribution="Reuters BIP Coding Group" date="1996-10-31"></editdetail></code></codes>
<dc element="dc.publisher" value="Reuters Holdings Plc"></dc>
<dc element="dc.datepublished" value="1996-10-31"></dc>
<dc element="dc.source" value="Reuters - Notícias em Português"></dc>
<dc element="dc.creator.location" value=""></dc>
<dc element="dc.creator.location.country.name" value=""></dc></metadata></newsitem>