<?xml version="1.0" encoding="UTF-8"?>

<newsitem date="1996-09-30" id="root" itemid="49353" xml:lang="pt">
<title></title>
<headline> ESCUDO SONOLENTO MEIA SESSÃO E À ESPERA ESTÍMULOS. </headline>
<byline></byline>
<dateline></dateline>
<text>
<p> 1040 TMG - O escudo manteve-se calmo e estável contra o marco ao longo da manhã, oscilando num range muito apertado e com o mercado a revelar poucos interesses. Dealers dizem que, perante a apatia das restantes moedas, não caberá ao escudo quebrar esta monotonia, devendo oscilar entre 101,70 e 101,80 por marco, talvez mesmo num range mais apertado. </p>
<p> *Escudo 101,70/73 por marco contra 101,70/75 na abertura </p>
<p> *Escudo oscilou entre 101,70 e 101,73 por marco </p>
<p> *Peseta 84,11/12 por marco contra 84,12/15 na abertura </p>
<p> *Dólar 1,5274/80 marcos vs 1,5258/62 na abertura Europa </p>
<p> *BP cede 119 MC, 4 dias, TMP estável nos 7,25 pct. </p>
<p>     ----José Barata, Lisboa Editorial, 351.1.3113121. </p>
<p> (c) Reuters Limited 1996. </p></text>
<copyright>(c) Reuters Limited 1996</copyright>
<metadata>
<codes class="bip:countries:1.0">
<code code="NIvLsBumuS">
<editdetail action="confirmed" attribution="Reuters BIP Coding Group" date="1996-09-30"></editdetail></code>
<code code="UqXnnzFUVd">
<editdetail action="confirmed" attribution="Reuters BIP Coding Group" date="1996-09-30"></editdetail></code>
<code code="OVhqYwtFSV">
<editdetail action="confirmed" attribution="Reuters BIP Coding Group" date="1996-09-30"></editdetail></code></codes>
<codes class="bip:topics:1.0">
<code code="LQhaTcrBYI">
<editdetail action="confirmed" attribution="Reuters BIP Coding Group" date="1996-09-30"></editdetail></code>
<code code="lxSRJyqDHO">
<editdetail action="confirmed" attribution="Reuters BIP Coding Group" date="1996-09-30"></editdetail></code>
<code code="ARSkLpnzeb">
<editdetail action="confirmed" attribution="Reuters BIP Coding Group" date="1996-09-30"></editdetail></code></codes>
<dc element="dc.publisher" value="Reuters Holdings Plc"></dc>
<dc element="dc.datepublished" value="1996-09-30"></dc>
<dc element="dc.source" value="Reuters - Notícias em Português"></dc>
<dc element="dc.creator.location" value=""></dc>
<dc element="dc.creator.location.country.name" value=""></dc></metadata></newsitem>