<?xml version="1.0" encoding="UTF-8"?>

<newsitem date="1996-10-21" id="root" itemid="49927" xml:lang="pt">
<title></title>
<headline> NÚMERO LICENÇAS PRÉDIOS SOBE MAI, ÁREA CAI - ANEOP. </headline>
<byline></byline>
<dateline></dateline>
<text>
<p> LISBOA, 21 Out (Reuter) - O número de licenças para construção de edifícios subiu em Maio último 2,8 pct em relação a igual período do ano passado e 11,5 pct contra Abril, mas a área licenciada diminuiu, anunciou a Associação Nacional de Empresas de Obras Públicas (ANEOP), na conjuntura de Outubro. </p>
<p> &quot;De acordo com o INE (Instituto Nacional de Estatística), em Maio de 1996 as câmaras municipais concederam mais licenças (2,8 pct) que em igual mês de 1995&quot;, refere a ANEOP. </p>
<p> &quot;De Abril para Maio os municípios autorizaram mais 515 licenças, correspondendo a uma variação mensal positiva de 11,5 pct&quot;, acrescenta a associação. </p>
<p> Em termos acumulados, entre Janeiro e Maio deste ano há, no entanto, a registar uma queda de 1,6 pct no número de licenças passadas em relação ao período homólogo anterior, embora em franca recuperação sobre o panorama do final do primeiro trimestre. </p>
<p> &quot;De acordo com informação disponibilizada pela Construdata, apenas em relação a licenças concedidas superiores a 25 mil contos, constata-se que no primeiro trimestre do ano em curso a área licenciada está 23,3 pct abaixo da verificada no mesmo período do ano anterior&quot;, refere a ANEOP. </p>
<p> No primeiro trimestre de 1996 licenciaram-se menos 52,4 pct que no mesmo trimestre de 1995. </p>
<p> - Lisboa Editorial, 351.1.3113121. </p>
<p> (c) Reuters Limited 1996. </p></text>
<copyright>(c) Reuters Limited 1996</copyright>
<metadata>
<codes class="bip:countries:1.0">
<code code="uVrnTSpWks">
<editdetail action="confirmed" attribution="Reuters BIP Coding Group" date="1996-10-21"></editdetail></code>
<code code="ZZyCoOZHgg">
<editdetail action="confirmed" attribution="Reuters BIP Coding Group" date="1996-10-21"></editdetail></code>
<code code="ITEHHiYXNI">
<editdetail action="confirmed" attribution="Reuters BIP Coding Group" date="1996-10-21"></editdetail></code></codes>
<codes class="bip:topics:1.0">
<code code="xWyFlKMYqD">
<editdetail action="confirmed" attribution="Reuters BIP Coding Group" date="1996-10-21"></editdetail></code>
<code code="CXRiMFEXlP">
<editdetail action="confirmed" attribution="Reuters BIP Coding Group" date="1996-10-21"></editdetail></code>
<code code="ODudmvDbbe">
<editdetail action="confirmed" attribution="Reuters BIP Coding Group" date="1996-10-21"></editdetail></code></codes>
<dc element="dc.publisher" value="Reuters Holdings Plc"></dc>
<dc element="dc.datepublished" value="1996-10-21"></dc>
<dc element="dc.source" value="Reuters - Notícias em Português"></dc>
<dc element="dc.creator.location" value=""></dc>
<dc element="dc.creator.location.country.name" value=""></dc></metadata></newsitem>