<?xml version="1.0" encoding="UTF-8"?>

<newsitem date="1996-10-11" id="root" itemid="49683" xml:lang="pt">
<title></title>
<headline> DESPESA ESTADO CAI 97 POR RESTRIÇÕES MINISTÉRIOS. </headline>
<byline></byline>
<dateline></dateline>
<text>
<p>     LISBOA, 11 Out (Reuter) - A proposta de lei do Orçamento de </p>
<p> Estado para 1997 (OE97) prevê uma diminuição do peso da despesa </p>
<p> do Estado no PIB para 28,7 pct contra 29 pct em 1996. </p>
<p>     &quot;A despesa em aquisição de bens e serviços registará uma </p>
<p> variação negativa em resultado, nomeadamente, da forte restrição </p>
<p> imposta aos diversos Ministérios&quot;, refere o documento que hoje </p>
<p> foi entregue pelo Governo aos partidos da oposição. </p>
<p>     &quot;É também assinalável a diminuição prevista dos Encargos </p>
<p> Correntes da Dívida e que decorre da credibilidade da política </p>
<p> de desinflação e de consolidação orçamental executada pelo </p>
<p> Governo&quot;, acrescenta o mesmo documento. </p>
<p>     Em 1995, os encargos com a dívida atingiram 16,6 pct do </p>
<p> total da despesa, atingindo 15,7 pct este ano e 14,5 pct em </p>
<p> 1997. </p>
<p>     &quot;O total de transferências apresenta um crescimento previsto </p>
<p> da ordem dos oito pct, imputado, fundamentalmente, às </p>
<p> transferências para as Autarquias, Saúde, Segurança Social, </p>
<p> Educação e Serviço Nacional de saúde, bem como à componente de </p>
<p> transferências do capítulo 50 -Investimento do Plano&quot;, adianta. </p>
<p>     O documento, entregue pelo ministro das Finanças, António de </p>
<p> Sousa Franco, aos partidos da oposição com assento parlamentar, </p>
<p> adianta que a proposta de OE97 &quot;cumpre escrupulosamente, o </p>
<p> compromisso do Governo do não agravamento dos impostos e da </p>
<p> intenção, já iniciada no presente ano, de contrariar a </p>
<p> tradicional lógica incrementalista da despesa&quot;. </p>
<p>     &quot;Com efeito, o OE97 traduz uma forte contenção da despesa </p>
<p> corrente&quot;, refere o mesmo documento, acrescentando que &quot;se em </p>
<p> diversas áreas se regista um congelamento da despesa ao valor </p>
<p> nominal de 1996, outras há em que se verificam cortes </p>
<p> efectivos&quot;. </p>
<p>     &quot;Só com esta opção foi possível privilegiar quer o </p>
<p> investimento público --necessário para sustentar o crescimento </p>
<p> económico e a criação de emprego--, quer as áreas social e de </p>
<p> segurança social&quot;. </p>
<p>     Para 1997, a despesa total do sub-sector Estado (excluindo </p>
<p> contas de ordem, passivos e activos financeiros e Fundo de </p>
<p> Regularização da Dívida Pública (FRDP)) registará um crescimento </p>
<p> ligeiramente superior a 4,5 pct, quando comparada com a </p>
<p> estimativa de execução para o presente ano. </p>
<p>     &quot;Por comparação com a estimativa de execução, a primeira </p>
<p> (despesas correntes) apresenta um crescimento de apenas 4,6 pct </p>
<p> contra 7,1 pct de despesa de capital&quot;, conclui o documento. </p>
<p>   RECEITAS, DESPESAS E SALDOS DO SECTOR PÚBLICO       ADMINISTRATIVO EM % DO PIB   (Óptica da contabilidade pública)       1996 P     1997 P Receitas correntes   41,9  42,4 Despesa corrente     42,7  41,7 Saldo corrente       -0,8   0,7 Receita de capital    3,3   3,5 Despesa de capital    6,8   7,1 Saldo de capital     -3,5  -3,6 Receita total        45,3  45,9 Despesa total        48,8  48,8 Saldo primário        0,7   1,5 Saldo global    -4,3   -2,9 </p>
<p>     P - previsão. </p>
<p>     ----Lisboa Editorial, 351.1.3113121. </p>
<p> (c) Reuters Limited 1996. </p></text>
<copyright>(c) Reuters Limited 1996</copyright>
<metadata>
<codes class="bip:countries:1.0">
<code code="aPvdpYsrOR">
<editdetail action="confirmed" attribution="Reuters BIP Coding Group" date="1996-10-11"></editdetail></code>
<code code="NbupFqSdnX">
<editdetail action="confirmed" attribution="Reuters BIP Coding Group" date="1996-10-11"></editdetail></code>
<code code="zqEmWQxOcN">
<editdetail action="confirmed" attribution="Reuters BIP Coding Group" date="1996-10-11"></editdetail></code></codes>
<codes class="bip:topics:1.0">
<code code="cFGPrfSqpM">
<editdetail action="confirmed" attribution="Reuters BIP Coding Group" date="1996-10-11"></editdetail></code>
<code code="ArmjJBpFjp">
<editdetail action="confirmed" attribution="Reuters BIP Coding Group" date="1996-10-11"></editdetail></code>
<code code="zfVseTrUJA">
<editdetail action="confirmed" attribution="Reuters BIP Coding Group" date="1996-10-11"></editdetail></code></codes>
<dc element="dc.publisher" value="Reuters Holdings Plc"></dc>
<dc element="dc.datepublished" value="1996-10-11"></dc>
<dc element="dc.source" value="Reuters - Notícias em Português"></dc>
<dc element="dc.creator.location" value=""></dc>
<dc element="dc.creator.location.country.name" value=""></dc></metadata></newsitem>