<?xml version="1.0" encoding="UTF-8"?>

<newsitem date="1996-10-24" id="root" itemid="50031" xml:lang="pt">
<title></title>
<headline> ACÇÕES SEGUEM COM PAPÉIS MAIS LÍQUIDOS EM ALTA. </headline>
<byline></byline>
<dateline></dateline>
<text>
<p> As acções do Contínuo seguiam com papéis mais líquidos em alta e a liquidez no cash a somar 2,1 milhões de contos, destacando-se, como na abertura, as acções da Lusomundo-SGPS, BPI-SGPS E BES, estes dois últimos animados pelos resultados do terceiro trimestre. *Índice PSI-20 (.PSI20)cai 0,01 pct para 4.763,16 pontos *Futuro PSI20 Nov96 (PSI20X6)sobe p/ 4.798 pontos vs 4.795 *Lusomundo pref. sobe 56 esc p/1.410, com 181.100 *BES sobe 35 escudos para 2.677. Negociadas 148.377 *BPI-SGPS sobe 22 esc para 1.845. Negociadas 129.009. </p>
<p> - Paula Cordeiro, Lisboa Editorial, 351-1-3150035. (c) Reuters Limited 1996. </p></text>
<copyright>(c) Reuters Limited 1996</copyright>
<metadata>
<codes class="bip:countries:1.0">
<code code="kmmaKJOBFw">
<editdetail action="confirmed" attribution="Reuters BIP Coding Group" date="1996-10-24"></editdetail></code>
<code code="bRiijpbDVS">
<editdetail action="confirmed" attribution="Reuters BIP Coding Group" date="1996-10-24"></editdetail></code>
<code code="zdclulLXFo">
<editdetail action="confirmed" attribution="Reuters BIP Coding Group" date="1996-10-24"></editdetail></code></codes>
<codes class="bip:topics:1.0">
<code code="qkzdAmhJue">
<editdetail action="confirmed" attribution="Reuters BIP Coding Group" date="1996-10-24"></editdetail></code>
<code code="dIBFWYWtTt">
<editdetail action="confirmed" attribution="Reuters BIP Coding Group" date="1996-10-24"></editdetail></code></codes>
<dc element="dc.publisher" value="Reuters Holdings Plc"></dc>
<dc element="dc.datepublished" value="1996-10-24"></dc>
<dc element="dc.source" value="Reuters - Notícias em Português"></dc>
<dc element="dc.creator.location" value=""></dc>
<dc element="dc.creator.location.country.name" value=""></dc></metadata></newsitem>