<?xml version="1.0" encoding="UTF-8"?>

<newsitem date="1996-10-15" id="root" itemid="49771" xml:lang="pt">
<title></title>
<headline> RECEITAS IMPOSTOS 97 SOBEM 8,9 PCT PARA 4.021,8 MC. </headline>
<byline></byline>
<dateline></dateline>
<text>
<p>     LISBOA 15 Out (Reuter) - As receitas totais de impostos </p>
<p> deverão aumentar 8,9 pct em 1997 para 4.021,8 milhões de contos </p>
<p> (MC), segundo a proposta do Orçamento de Estado (OE) para 1997 </p>
<p> hoje entregue na Assembleia da República. </p>
<p>     O Imposto que regista um maior acréscimo é o IRC, que sobe </p>
<p> 15,8 pct para 590,8 MC face à estimativa de execução em 1996. </p>
<p>     O nível de fiscalidade, incluindo contribuições para a </p>
<p> Segurança Social, situar-se-á em 1997 em 32,8 pct, cerca 0,5 </p>
<p> pontos percentuais acima do de 1996, &quot;derivado fundamentalmente </p>
<p> do resultado previsto do aumento de eficiência fiscal e (...) do </p>
<p> próprio crescimento económico&quot;, afirma o projecto de OE. </p>
<p>     As Finanças destacam também um decréscimo do peso dos </p>
<p> impostos directos em percentagem das receitas fiscais, </p>
<p> compensado com um aumento do peso relativo da tributação </p>
<p> indirecta, designadamente IVA e ISP. </p>
<p>     Segue quadro, em milhões de contos. </p>
<p>        RECEITAS FISCAIS DO ESTADO PARA 1997        1996(1)     1997     Variação </p>
<p>     ---------------------------------------------------------- </p>
<p>     Impostos directos      1.530,2    1.711,3   +11,8 pct   IRS       1.007,8    1.107,3    +9,9 pct   IRC    510,2 590,8   +15,8 pct   Outros       12,2  13,2    +8,2 pct </p>
<p>     ---------------------------------------------------------- </p>
<p>     Impostos indirectos    2.161,6    2.310,5    +6,7 pct   ISP    452,5 481,1    +6,3 pct   IVA       1.170,6    1.267,0    +8,2 pct   I. Automóvel     155,5 168,9    +8,6 pct   I. Tabaco   164,0 174,1    +6,2 pct   I. Selo     179,0 178,3    -0,4 pct   Outros       40,0  41,1    +2,8 pct </p>
<p>     ---------------------------------------------------------- </p>
<p>   Total impostos 3.691,8    4.021,8    +8,9 pct </p>
<p>     (1)Estimativa de execução </p>
<p>     ---Fernanda Pargana, Lisboa Editorial, 351-1-3113126. </p>
<p> (c) Reuters Limited 1996. </p></text>
<copyright>(c) Reuters Limited 1996</copyright>
<metadata>
<codes class="bip:countries:1.0">
<code code="AqEzfEuabr">
<editdetail action="confirmed" attribution="Reuters BIP Coding Group" date="1996-10-15"></editdetail></code>
<code code="nQhVIyIdWr">
<editdetail action="confirmed" attribution="Reuters BIP Coding Group" date="1996-10-15"></editdetail></code>
<code code="IUxHcjpzoZ">
<editdetail action="confirmed" attribution="Reuters BIP Coding Group" date="1996-10-15"></editdetail></code></codes>
<codes class="bip:topics:1.0">
<code code="RKXsmuUakb">
<editdetail action="confirmed" attribution="Reuters BIP Coding Group" date="1996-10-15"></editdetail></code>
<code code="kuOwIzadJA">
<editdetail action="confirmed" attribution="Reuters BIP Coding Group" date="1996-10-15"></editdetail></code>
<code code="agvMWoHFUj">
<editdetail action="confirmed" attribution="Reuters BIP Coding Group" date="1996-10-15"></editdetail></code></codes>
<dc element="dc.publisher" value="Reuters Holdings Plc"></dc>
<dc element="dc.datepublished" value="1996-10-15"></dc>
<dc element="dc.source" value="Reuters - Notícias em Português"></dc>
<dc element="dc.creator.location" value=""></dc>
<dc element="dc.creator.location.country.name" value=""></dc></metadata></newsitem>