<?xml version="1.0" encoding="UTF-8"?>

<newsitem date="1996-10-03" id="root" itemid="49453" xml:lang="pt">
<title></title>
<headline> ACÇÕES PREVÊEM-SE SUPORTADAS EM ALTA, À ESPERA BP. </headline>
<byline></byline>
<dateline></dateline>
<text>
<p> As acções do Contínuo deverão hoje negociar com os preços suportados em ligeira alta, com o mercado à espera da atitude do BP logo à tarde, após o Banco de Espanha (BE) ter cortado a sua repo em 50 bp para 6,75 pct. A liquidez deverá continuar centrada em PT, Engil, Soares da Costa e Lisnave, disseram dealers. </p>
<p> &quot;O mercado vai ficar à espera do Banco de Portugal (BP), mas até às 1415 (locais), a maioria dos papéis devem mostrar-se mais fortes&quot;, disse um dealer. </p>
<p> &quot;Entretanto, o volume vai-se centrar em PT, Engil, Soares da Costa e Lisnave&quot;, disse. </p>
<p> &quot;Se o BP cortar taxas, mesmo que só 25 bp, as acções irão beneficiar bastante,com os índices a subirem todos&quot;,disse outro. </p></text>
<copyright>(c) Reuters Limited 1996</copyright>
<metadata>
<codes class="bip:countries:1.0">
<code code="bhtOStXFGj">
<editdetail action="confirmed" attribution="Reuters BIP Coding Group" date="1996-10-03"></editdetail></code>
<code code="clGEzXtMzP">
<editdetail action="confirmed" attribution="Reuters BIP Coding Group" date="1996-10-03"></editdetail></code>
<code code="AkppPEXOrt">
<editdetail action="confirmed" attribution="Reuters BIP Coding Group" date="1996-10-03"></editdetail></code></codes>
<codes class="bip:topics:1.0">
<code code="YucHacBdeL">
<editdetail action="confirmed" attribution="Reuters BIP Coding Group" date="1996-10-03"></editdetail></code>
<code code="XegTnrZeJw">
<editdetail action="confirmed" attribution="Reuters BIP Coding Group" date="1996-10-03"></editdetail></code></codes>
<dc element="dc.publisher" value="Reuters Holdings Plc"></dc>
<dc element="dc.datepublished" value="1996-10-03"></dc>
<dc element="dc.source" value="Reuters - Notícias em Português"></dc>
<dc element="dc.creator.location" value=""></dc>
<dc element="dc.creator.location.country.name" value=""></dc></metadata></newsitem>