<?xml version="1.0" encoding="UTF-8"?>

<newsitem date="1996-10-02" id="root" itemid="49429" xml:lang="pt">
<title></title>
<headline> ACÇÕES SEGUEM SEM ALTERAÇÕES À TENDÊNCIA ABERTURA. </headline>
<byline></byline>
<dateline></dateline>
<text>
<p> As acções do Contínuo seguiam sem alterações à tendência da abertura, com a liquidez a concentrar-se em papéis sem peso no índice PSI20. Operadores afirmaram que a direcção do mercado não deverá sofrer grandes movimentos, a não ser que Nova Iorque abra com bastante força e arraste os mercados. Negócios no cash somam 1,5 milhões de contos. Futuros sobre o PSI20 ilíquidos. *Índice PSI-20 sobe 0,05 pct para 4.758,58 pontos *Engil-SGPS sobe 40 escudos para 1.500. Negociadas 282.100 *Lisnave sobe 15 escudos para 428. Negociadas 150.818 *Reditus sobe 156 escudos para 415.Negociadas 134.322. </p>
<p> - Paula Cordeiro, Lisboa Editorial, 351-1-3150035. (c) Reuters Limited 1996. </p></text>
<copyright>(c) Reuters Limited 1996</copyright>
<metadata>
<codes class="bip:countries:1.0">
<code code="MryfQuHmeM">
<editdetail action="confirmed" attribution="Reuters BIP Coding Group" date="1996-10-02"></editdetail></code>
<code code="AvEDZInfYu">
<editdetail action="confirmed" attribution="Reuters BIP Coding Group" date="1996-10-02"></editdetail></code>
<code code="wUolmaBYUg">
<editdetail action="confirmed" attribution="Reuters BIP Coding Group" date="1996-10-02"></editdetail></code></codes>
<codes class="bip:topics:1.0">
<code code="kLXPWHvdHH">
<editdetail action="confirmed" attribution="Reuters BIP Coding Group" date="1996-10-02"></editdetail></code>
<code code="lgdJaaHmFJ">
<editdetail action="confirmed" attribution="Reuters BIP Coding Group" date="1996-10-02"></editdetail></code></codes>
<dc element="dc.publisher" value="Reuters Holdings Plc"></dc>
<dc element="dc.datepublished" value="1996-10-02"></dc>
<dc element="dc.source" value="Reuters - Notícias em Português"></dc>
<dc element="dc.creator.location" value=""></dc>
<dc element="dc.creator.location.country.name" value=""></dc></metadata></newsitem>