<?xml version="1.0" encoding="UTF-8"?>

<newsitem date="1996-10-01" id="root" itemid="49386" xml:lang="pt">
<title></title>
<headline> ACÇÕES ABREM POUCO VOLÁTEIS, PT INFLACIONA LIQUIDEZ. </headline>
<byline></byline>
<dateline></dateline>
<text>
<p> As acções do Contínuo e os Futuros sobre o PSI20 abriram sem fortes oscilações de preços e a liquidez no cash bastante influenciada pelo arranjo de acções da Portugal Telecom (PT). Operadores afirmaram que faltam notícias ao mercado e que também a privatização da Cimpor tem roubado algumas atenções. *Índice PSI-20 cai 0,08 pct para 4.739,97 pontos *PT sobe 17 escudos para 4.007. Negociadas 267.270 acções *Futuro PSI-20 Out/96 cai p/ 4.775 vs 4.783 ontem *PT fechou em Nova Iorque a subir para 25,3/4 dólares </p></text>
<copyright>(c) Reuters Limited 1996</copyright>
<metadata>
<codes class="bip:countries:1.0">
<code code="FLLxNPgOda">
<editdetail action="confirmed" attribution="Reuters BIP Coding Group" date="1996-10-01"></editdetail></code>
<code code="wbluAHRsNa">
<editdetail action="confirmed" attribution="Reuters BIP Coding Group" date="1996-10-01"></editdetail></code>
<code code="WmrtfAjXlb">
<editdetail action="confirmed" attribution="Reuters BIP Coding Group" date="1996-10-01"></editdetail></code></codes>
<codes class="bip:topics:1.0">
<code code="BwkakrHdIS">
<editdetail action="confirmed" attribution="Reuters BIP Coding Group" date="1996-10-01"></editdetail></code>
<code code="unmzNUxDuV">
<editdetail action="confirmed" attribution="Reuters BIP Coding Group" date="1996-10-01"></editdetail></code></codes>
<dc element="dc.publisher" value="Reuters Holdings Plc"></dc>
<dc element="dc.datepublished" value="1996-10-01"></dc>
<dc element="dc.source" value="Reuters - Notícias em Português"></dc>
<dc element="dc.creator.location" value=""></dc>
<dc element="dc.creator.location.country.name" value=""></dc></metadata></newsitem>