<?xml version="1.0" encoding="UTF-8"?>

<newsitem date="1996-09-20" id="root" itemid="49125" xml:lang="pt">
<title></title>
<headline> FUTUROS E CASH SEGUEM FORTEMENTE SUPORTADOS ALTA. </headline>
<byline></byline>
<dateline></dateline>
<text>
<p> LISBOA, 20 Set (Reuter) - As OT seguiam com grande liquidez e com os preços nos máximos, prevendo os dealers que se mantenham sustentadas até ao fecho. </p>
<p> &quot;O mercado continua forte, mesmo depois de ter subido para os máximos com Espanha que irá continuar a ditar a tendência&quot;, disse um director. </p>
<p> &quot;Os Futuros e o cash vão fechar junto dos máximos, não acredito em vacilações até ao fecho. Espanha está firme e Portugal vai manter-se também&quot;, referiu outro. </p>
<p> &quot;O mercado acalmou um pouco a euforia desta manhã, mas cedências de preços é que não me parece&quot;, disse um director. </p>
<p> - Sérgio Gonçalves, Lisboa Editorial, 351-1-3150035. </p>
<p> (c) Reuters Limited 1996. </p></text>
<copyright>(c) Reuters Limited 1996</copyright>
<metadata>
<codes class="bip:countries:1.0">
<code code="YKXkEtQWRv">
<editdetail action="confirmed" attribution="Reuters BIP Coding Group" date="1996-09-20"></editdetail></code>
<code code="KxvemRZRnL">
<editdetail action="confirmed" attribution="Reuters BIP Coding Group" date="1996-09-20"></editdetail></code>
<code code="OTJgYvwOOE">
<editdetail action="confirmed" attribution="Reuters BIP Coding Group" date="1996-09-20"></editdetail></code></codes>
<codes class="bip:topics:1.0">
<code code="zoJbDqmxqc">
<editdetail action="confirmed" attribution="Reuters BIP Coding Group" date="1996-09-20"></editdetail></code>
<code code="HyjEOAaAVL">
<editdetail action="confirmed" attribution="Reuters BIP Coding Group" date="1996-09-20"></editdetail></code></codes>
<dc element="dc.publisher" value="Reuters Holdings Plc"></dc>
<dc element="dc.datepublished" value="1996-09-20"></dc>
<dc element="dc.source" value="Reuters - Notícias em Português"></dc>
<dc element="dc.creator.location" value=""></dc>
<dc element="dc.creator.location.country.name" value=""></dc></metadata></newsitem>