<?xml version="1.0" encoding="UTF-8"?>

<newsitem date="1996-10-17" id="root" itemid="49846" xml:lang="pt">
<title></title>
<headline> FUTURO LISBOR JUN/97 EM 93,63 VS 93,58 ONTEM. </headline>
<byline></byline>
<dateline></dateline>
<text>
<p> LISBOA 17 Out (Reuter) - O vencimento de Junho de 1997 do futuro sobre a Lisbor a três meses está a 93,63 contra 93,58 no fecho de ontem, com 50 contratos. A maturidade de Março de 1997 está estável em 93,54 com 20 contratos. </p>
<p> *Reunião do Conselho de Ministros hoje </p>
<p> *Taxa máxima BT 364 dias cai 0,28 para 6,55 pct </p>
<p> *BP cede em leilão até 40 MC e absorve a 6,80 pct </p>
<p> - Lisboa Editorial, 351-1-3113126. </p>
<p> (c) Reuters Limited 1996. </p></text>
<copyright>(c) Reuters Limited 1996</copyright>
<metadata>
<codes class="bip:countries:1.0">
<code code="OqqpKbhMFH">
<editdetail action="confirmed" attribution="Reuters BIP Coding Group" date="1996-10-17"></editdetail></code>
<code code="CSEIwxMGJC">
<editdetail action="confirmed" attribution="Reuters BIP Coding Group" date="1996-10-17"></editdetail></code>
<code code="fLfDNARLkj">
<editdetail action="confirmed" attribution="Reuters BIP Coding Group" date="1996-10-17"></editdetail></code></codes>
<codes class="bip:topics:1.0">
<code code="UKlgMrotzZ">
<editdetail action="confirmed" attribution="Reuters BIP Coding Group" date="1996-10-17"></editdetail></code>
<code code="eMkYswpauN">
<editdetail action="confirmed" attribution="Reuters BIP Coding Group" date="1996-10-17"></editdetail></code>
<code code="NuHQYngoXa">
<editdetail action="confirmed" attribution="Reuters BIP Coding Group" date="1996-10-17"></editdetail></code></codes>
<dc element="dc.publisher" value="Reuters Holdings Plc"></dc>
<dc element="dc.datepublished" value="1996-10-17"></dc>
<dc element="dc.source" value="Reuters - Notícias em Português"></dc>
<dc element="dc.creator.location" value=""></dc>
<dc element="dc.creator.location.country.name" value=""></dc></metadata></newsitem>