<?xml version="1.0" encoding="UTF-8"?>

<newsitem date="1996-10-11" id="root" itemid="49701" xml:lang="pt">
<title></title>
<headline> ENCARGOS DÍVIDA PÚBLICA CAEM 2 PCT DA DESPESA-OE97. </headline>
<byline></byline>
<dateline></dateline>
<text>
<p> LISBOA, 11 Out (Reuter) - Os encargos do orçamento com juros de dívida pública deverão em 1997 registar uma diminuição corespondente a dois pct da despesa total do Orçamento de Estado (OE), disse o ministro das Finanças, António Sousa Franco, após a audição com partidos da oposição na Assembleia da República. </p>
<p> &quot;Os encargos (com dívida pública) diminuirão, no total da despesa, cerca de 2 pct&quot;, afirmou Sousa Franco. </p>
<p> Acrescentou que a contribuição dessa redução para a baixa do défice do OE em 1997 &quot;é muito menos do que em 1996. Em 1996 o que poupámos em relação à previsão orçamental foi 32,4 milhões de contos&quot;, disse. </p>
<p> Realçou no entanto que o que considera mais importante é o orçamento primário (sem serviço de dívida pública), por não estar sujeito às oscilações dos mercados financeiros. </p>
<p> &quot;Isso é que é importante, o equilíbrio do orçamento corrente é acompanhado por um muito significativo reforço do orçamento primário, ou seja, sem serviço de dívida. Isto significa que há uma correcção de substância, reduzindo desperdícios e aumentando a eficácia da cobrança da receita corrente. E não há uma dependência dos mercados financeiros, visto que os juros hoje aumentam e amanhã diminuem&quot;, acrescentou o ministro. </p>
<p> - Fernanda Pargana, Lisboa Editorial, 351-1-3113126. </p>
<p> (c) Reuters Limited 1996. </p></text>
<copyright>(c) Reuters Limited 1996</copyright>
<metadata>
<codes class="bip:countries:1.0">
<code code="MXtiDQdNCe">
<editdetail action="confirmed" attribution="Reuters BIP Coding Group" date="1996-10-11"></editdetail></code>
<code code="YhXbPxeSXa">
<editdetail action="confirmed" attribution="Reuters BIP Coding Group" date="1996-10-11"></editdetail></code>
<code code="IUNWIqYlhf">
<editdetail action="confirmed" attribution="Reuters BIP Coding Group" date="1996-10-11"></editdetail></code></codes>
<codes class="bip:topics:1.0">
<code code="iFNBnfmujC">
<editdetail action="confirmed" attribution="Reuters BIP Coding Group" date="1996-10-11"></editdetail></code>
<code code="TLBScbpjBn">
<editdetail action="confirmed" attribution="Reuters BIP Coding Group" date="1996-10-11"></editdetail></code>
<code code="sOsMgQWOxH">
<editdetail action="confirmed" attribution="Reuters BIP Coding Group" date="1996-10-11"></editdetail></code>
<code code="NUiueECqua">
<editdetail action="confirmed" attribution="Reuters BIP Coding Group" date="1996-10-11"></editdetail></code></codes>
<dc element="dc.publisher" value="Reuters Holdings Plc"></dc>
<dc element="dc.datepublished" value="1996-10-11"></dc>
<dc element="dc.source" value="Reuters - Notícias em Português"></dc>
<dc element="dc.creator.location" value=""></dc>
<dc element="dc.creator.location.country.name" value=""></dc></metadata></newsitem>