<?xml version="1.0" encoding="UTF-8"?>

<newsitem date="1996-09-12" id="root" itemid="48861" xml:lang="pt">
<title></title>
<headline> PROVÁVEL INFLAÇÃO RETOME TENDENCIA DESCENDENTE-INE. </headline>
<byline></byline>
<dateline></dateline>
<text>
<p> LISBOA 12 Set (Reuter) - A inflação deverá retomar uma trajectória descendente, logo que cessem os comportamentos anómalos de alguns bens alimentares, refere o Instituto Nacional de Estatística (INE), na sua síntese mensal de Agosto. </p>
<p> &quot;É bem provável, por isso, provável que a inflação retome uma trajectória descendente, logo que cessem os referidos comportamentos anómalos&quot;, afirma o INE. </p>
<p> &quot;A aceleração do crescimento dos preços no consumidor continua a resultar do comportamento anómalo de alguns bens alimentares&quot;, refere o INE. </p>
<p> &quot;Assim, o índice resultante da exclusão dos preços dos bens alimentares transaccionáveis apresentou uma variação homóloga relativamente estável, em torno de 3,5 pct, desde o início de 1996, mantendo ainda este valor em Julho&quot;, explica o INE. </p>
<p> &quot;A variação homóloga dos bens transaccionáveis não alimentares situou-se em apenas 1,7 pct em Julho, o seu nível mais baixo desde que há índice de preços no consumidor para o território do Continente, enquanto a variação homóloga dos bens não transaccionáveis se mantém estável, em torno de 4,5 pct&quot;, adianta. </p>
<p> A conclusão de que a inflação possa retomar uma tendência descendente baseia-se, segundo o INE, tanto nas expectativas empresariais como na evolução dos preços de produção em Portugal e nos seus principais países fornecedores, num quadro geral em que o escudo permanece relativamente estável. </p>
<p> Em Julho passado, os preços no consumidor subiram 0,2 pct, situando a inflação homóloga em 3,8 pct e a média anual em 3,4 pct. </p>
<p> O primeiro-ministro disse que a inflação média anual, em Agosto, deve cair para 3,3 pct, permitindo alcançar os três pct no final de 1997, refere o Diário Económico. </p>
<p> Uma poll de analistas contactados pela Reuters, apontava para que a variação mensal do índice de preços no consumidor (IPC) em Agosto saisse entre 0,1 pct e 0,3 pct contra 0,2 pct em Julho. </p>
<p> A verificar-se uma inflação mensal de 0,1, 0,2 ou 0,3 a homóloga cairá, respectivamente, para 3,4 pct, 3,5 pct ou 3,6 pct e a média para 3,3 pct. </p>
<p> - Lisboa Editorial, 351-1-3150035 *Os utilizadores de Reuter Terminal devem fazer duplo click em:. </p>
<p> (c) Reuters Limited 1996. </p></text>
<copyright>(c) Reuters Limited 1996</copyright>
<metadata>
<codes class="bip:countries:1.0">
<code code="AefcVhDxxL">
<editdetail action="confirmed" attribution="Reuters BIP Coding Group" date="1996-09-12"></editdetail></code>
<code code="BaNASClrCf">
<editdetail action="confirmed" attribution="Reuters BIP Coding Group" date="1996-09-12"></editdetail></code>
<code code="FEYhegBpuz">
<editdetail action="confirmed" attribution="Reuters BIP Coding Group" date="1996-09-12"></editdetail></code></codes>
<codes class="bip:topics:1.0">
<code code="ImNaGqgYUP">
<editdetail action="confirmed" attribution="Reuters BIP Coding Group" date="1996-09-12"></editdetail></code>
<code code="OaWtFUquim">
<editdetail action="confirmed" attribution="Reuters BIP Coding Group" date="1996-09-12"></editdetail></code>
<code code="wyyCcFyXDG">
<editdetail action="confirmed" attribution="Reuters BIP Coding Group" date="1996-09-12"></editdetail></code></codes>
<dc element="dc.publisher" value="Reuters Holdings Plc"></dc>
<dc element="dc.datepublished" value="1996-09-12"></dc>
<dc element="dc.source" value="Reuters - Notícias em Português"></dc>
<dc element="dc.creator.location" value=""></dc>
<dc element="dc.creator.location.country.name" value=""></dc></metadata></newsitem>