<?xml version="1.0" encoding="UTF-8"?>

<newsitem date="1996-09-27" id="root" itemid="49298" xml:lang="pt">
<title></title>
<headline> INDICE PSI20 CAI 0,14 PCT PARA 4.743,93. </headline>
<byline></byline>
<dateline></dateline>
<text>
<p> *Índice PSI-20 cai 0,14 pct para 4.743,93 pontos *Espart sobe 25 escudos para 790 com 2.700 acções *BCP cai 10 escudos para 1.870 com 1.300 títulos *Cimpor cai 28 escudos para 3.253, negociadas 2.100 *PT fechou em Nova Iorque nos 25,7/8 dólares vs 26,3/8 *Papelaria Fernandes suspensa pela CMVM *Efacec diz lucro líq. cons. 1ro sem 96 sobe 1,142 MC vs 0,102 *Res. operacional Efacec 1ro sem 96 em 0,620 MC vs 0,853 MC *Efacec prevê facturação consolidada 40 MC no exercício 1996. </p>
<p> - Sérgio Gonçalves, Lisboa Editorial, 351-1-3150035. (c) Reuters Limited 1996. </p></text>
<copyright>(c) Reuters Limited 1996</copyright>
<metadata>
<codes class="bip:countries:1.0">
<code code="IUDUWfnoJq">
<editdetail action="confirmed" attribution="Reuters BIP Coding Group" date="1996-09-27"></editdetail></code>
<code code="QLrVBRqVPV">
<editdetail action="confirmed" attribution="Reuters BIP Coding Group" date="1996-09-27"></editdetail></code>
<code code="xHgwJhNYfO">
<editdetail action="confirmed" attribution="Reuters BIP Coding Group" date="1996-09-27"></editdetail></code></codes>
<codes class="bip:topics:1.0">
<code code="ZyfvZqwXyx">
<editdetail action="confirmed" attribution="Reuters BIP Coding Group" date="1996-09-27"></editdetail></code>
<code code="CxnOzZkYuJ">
<editdetail action="confirmed" attribution="Reuters BIP Coding Group" date="1996-09-27"></editdetail></code></codes>
<dc element="dc.publisher" value="Reuters Holdings Plc"></dc>
<dc element="dc.datepublished" value="1996-09-27"></dc>
<dc element="dc.source" value="Reuters - Notícias em Português"></dc>
<dc element="dc.creator.location" value=""></dc>
<dc element="dc.creator.location.country.name" value=""></dc></metadata></newsitem>