<?xml version="1.0" encoding="UTF-8"?>

<newsitem date="1996-10-14" id="root" itemid="49752" xml:lang="pt">
<title></title>
<headline> RESUMO TRANSACÇÕES NO MERCADO CONTÍNUO - (PDNX). </headline>
<byline></byline>
<dateline></dateline>
<text>
<p>     LISBOA, 14 Out (Reuter) - Transacções no Contínuo (números </p>
<p> da sessão anterior entre parentesis): (MC=milhões de contos). </p>
<p>         Quantidade     Valor </p>
<p> Mercado Contínuo Acções   799.305(2.389.795) 1,802 MC( 7,174 MC) </p>
<p>        OT  415.440(  710.002) 3,980 MC( 7,873 MC) Futuros OT-10     1.229(    1.816)12,543 MC(18,685 MC) Futuros PSI20       195( 102) 0,094 MC( 0,049 MC) Índices  Oficial BVL (.BVLG)     1.087,79    - 0,09 pct     BVL30  (.BVL30)    2.010,65    + 0,03 pct     PSI-20 (.PSI20)    4.791,50    + 0,01 pct     ORF(TRM 7,2934 vs 7,2702 pct)   108,64    - 0,06 pct     FPI (Fincor Privatisation)    1.129,87    + 0,05 pct     ----Lisboa Editorial,1.1.31131211. </p>
<p> (c) Reuters Limited 1996. </p></text>
<copyright>(c) Reuters Limited 1996</copyright>
<metadata>
<codes class="bip:countries:1.0">
<code code="gyasjgfxwv">
<editdetail action="confirmed" attribution="Reuters BIP Coding Group" date="1996-10-14"></editdetail></code>
<code code="imyfabVgJZ">
<editdetail action="confirmed" attribution="Reuters BIP Coding Group" date="1996-10-14"></editdetail></code>
<code code="pIJHdMiKFO">
<editdetail action="confirmed" attribution="Reuters BIP Coding Group" date="1996-10-14"></editdetail></code></codes>
<codes class="bip:topics:1.0">
<code code="ggKrMHAViW">
<editdetail action="confirmed" attribution="Reuters BIP Coding Group" date="1996-10-14"></editdetail></code>
<code code="GGRpktcSZj">
<editdetail action="confirmed" attribution="Reuters BIP Coding Group" date="1996-10-14"></editdetail></code></codes>
<dc element="dc.publisher" value="Reuters Holdings Plc"></dc>
<dc element="dc.datepublished" value="1996-10-14"></dc>
<dc element="dc.source" value="Reuters - Notícias em Português"></dc>
<dc element="dc.creator.location" value=""></dc>
<dc element="dc.creator.location.country.name" value=""></dc></metadata></newsitem>