<?xml version="1.0" encoding="UTF-8"?>

<newsitem date="1996-09-02" id="root" itemid="48586" xml:lang="pt">
<title></title>
<headline> ACIDENTE AUTOESTRADA SUL PROVOCA 30 FERIDOS. </headline>
<byline></byline>
<dateline></dateline>
<text>
<p> LISBOA, 2 Set (Reuters) - Um autocarro de passageiros despistou-se, esta tarde, na auto-estrada do sul, tendo ficado feridas cerca de três dezenas de pessoas, algumas das quais em estado grave, disse uma fonte dos Bombeiros Sapadores de Setúbal. </p>
<p> O acidente ocorreu às 1555 horas locais, junto à estação de serviço de Palmela, no sentido norte-sul. </p>
<p> Na origem do acidente esteve o rebentamento de um pneu do autocarro que foi colidir num ligeiro, que se incendiou. </p>
<p> (c) Reuters Limited 1996. </p></text>
<copyright>(c) Reuters Limited 1996</copyright>
<metadata>
<codes class="bip:countries:1.0">
<code code="ezWcaUdBbU">
<editdetail action="confirmed" attribution="Reuters BIP Coding Group" date="1996-09-02"></editdetail></code>
<code code="zYkhBMdUaB">
<editdetail action="confirmed" attribution="Reuters BIP Coding Group" date="1996-09-02"></editdetail></code>
<code code="xwHBiqssOq">
<editdetail action="confirmed" attribution="Reuters BIP Coding Group" date="1996-09-02"></editdetail></code></codes>
<codes class="bip:topics:1.0">
<code code="zLVgmavhZP">
<editdetail action="confirmed" attribution="Reuters BIP Coding Group" date="1996-09-02"></editdetail></code>
<code code="LuFxrMEPKb">
<editdetail action="confirmed" attribution="Reuters BIP Coding Group" date="1996-09-02"></editdetail></code>
<code code="RaXmxVveWZ">
<editdetail action="confirmed" attribution="Reuters BIP Coding Group" date="1996-09-02"></editdetail></code></codes>
<dc element="dc.publisher" value="Reuters Holdings Plc"></dc>
<dc element="dc.datepublished" value="1996-09-02"></dc>
<dc element="dc.source" value="Reuters - Notícias em Português"></dc>
<dc element="dc.creator.location" value=""></dc>
<dc element="dc.creator.location.country.name" value=""></dc></metadata></newsitem>