<?xml version="1.0" encoding="UTF-8"?>

<newsitem date="1996-08-26" id="root" itemid="48399" xml:lang="pt">
<title></title>
<headline> PERSPECTIVAS BANCO MELLO MERCADOS FINANCEIROS. </headline>
<byline></byline>
<dateline></dateline>
<text>
<p> MERCADO CAMBIAL - Na semana que passou, o mercado cambial apresentou-se relativamente volátil. Apesar dos resultados do FOMC terem sido descontados pelos mercados tendo, consequentemente, pouco impacto sobre o dólar, a moeda americana apreciou-se em resultado da divulgação de uma redução no défice da balança comercial americana, com a diminuição do excedente da balança comercial japonesa, e com a decisão de corte de taxas do Bundesbank. </p>
<p> Apesar da queda verificada na sexta-feira, parece-nos que o dólar, beneficiando de um crescimento preliminar do PIB americano superior a quatro pct (segundo trimestre), deverá continuar a transaccionar-se acima de USD/DEM 1,48. </p>
<p> O escudo, à semelhança das restantes moedas do sul da Europa, depreciou-se face ao marco até meio da semana e recuperou depois do anúncio do corte nas taxas de juro alemãs. Esperamos que, esta semana, a moeda portuguesa continue a transaccionar em torno de DEM/PTE 102,5. </p>
<p> MERCADO MONETÁRIO - Depois de uma semana caracterizada por descidas significativas nas taxas de juro, esperamos que os mercados voltem a estabilizar. Em nossa opinião, é provável que a curva de rendimentos do mercado monetário se mantenha relativamente inclinada. Até ao final do ano são possíveis novas descidas na repo do Bundesbank e na taxa de cedência do Banco de Portugal. Porém, novos cortes na taxa de Desconto e na taxa Lombarda são pouco prováveis. </p>
<p> MERCADO DE OBRIGAÇÕES - Ao longo da semana, não se perspectivam valorizações significativas dos mercados americano e alemão. Logo no início da semana é previsível que se verifique uma queda dos preços das OT&apos;s. A reacção à queda dos principais mercados internacionais verificada na sexta-feira, deverá provocar uma subida das taxas a 10 anos para níveis entre os 8,7 pct e os 8,8 pct. </p>
<p> - Banco Mello Investimentos, 351.1.312.50.00. </p>
<p> (c) Reuters Limited 1996. </p></text>
<copyright>(c) Reuters Limited 1996</copyright>
<metadata>
<codes class="bip:countries:1.0">
<code code="lmsTMrhvLu">
<editdetail action="confirmed" attribution="Reuters BIP Coding Group" date="1996-08-26"></editdetail></code>
<code code="ejDVbNWCud">
<editdetail action="confirmed" attribution="Reuters BIP Coding Group" date="1996-08-26"></editdetail></code>
<code code="NMaSEPAGsD">
<editdetail action="confirmed" attribution="Reuters BIP Coding Group" date="1996-08-26"></editdetail></code></codes>
<codes class="bip:topics:1.0">
<code code="HqKvdohCxV">
<editdetail action="confirmed" attribution="Reuters BIP Coding Group" date="1996-08-26"></editdetail></code>
<code code="ERiyueQXKM">
<editdetail action="confirmed" attribution="Reuters BIP Coding Group" date="1996-08-26"></editdetail></code>
<code code="JntgTQZyNE">
<editdetail action="confirmed" attribution="Reuters BIP Coding Group" date="1996-08-26"></editdetail></code>
<code code="zrMWdpLxYV">
<editdetail action="confirmed" attribution="Reuters BIP Coding Group" date="1996-08-26"></editdetail></code>
<code code="rFhtOmJfRb">
<editdetail action="confirmed" attribution="Reuters BIP Coding Group" date="1996-08-26"></editdetail></code></codes>
<dc element="dc.publisher" value="Reuters Holdings Plc"></dc>
<dc element="dc.datepublished" value="1996-08-26"></dc>
<dc element="dc.source" value="Reuters - Notícias em Português"></dc>
<dc element="dc.creator.location" value=""></dc>
<dc element="dc.creator.location.country.name" value=""></dc></metadata></newsitem>