<?xml version="1.0" encoding="UTF-8"?>

<newsitem date="1996-09-26" id="root" itemid="49277" xml:lang="pt">
<title></title>
<headline> ACÇÕES SEGUEM MISTAS, PODE SUBIR C/FECHO TRIMESTRE. </headline>
<byline></byline>
<dateline></dateline>
<text>
<p> As acções do Contínuo seguiam mistas na meia sessão e a liquidez no cash a somar 2,5 milhões de contos, destacando-se a Mundial Confianca, Portugal Telecom (PT) e Tertir, não se prevendo, porém, forte alterações até ao fecho, a não ser que se começem a puxar alguns papéis com a aproximação do final do trimestre. *Índice PSI-20 cai 0,22 pct para 4.746,53 pontos *M.Confiança sobe 15 esc p/ 1.310. Negociadas 165.900 *Futuro PSI-20 Out/96 cai p/ 4.792 vs 4.804 ontem *PT cai em Nova Iorque para 26,1/8 dólares </p></text>
<copyright>(c) Reuters Limited 1996</copyright>
<metadata>
<codes class="bip:countries:1.0">
<code code="pEoYdkdoYA">
<editdetail action="confirmed" attribution="Reuters BIP Coding Group" date="1996-09-26"></editdetail></code>
<code code="DYDhBSqcYO">
<editdetail action="confirmed" attribution="Reuters BIP Coding Group" date="1996-09-26"></editdetail></code>
<code code="zdsaIwkDKq">
<editdetail action="confirmed" attribution="Reuters BIP Coding Group" date="1996-09-26"></editdetail></code></codes>
<codes class="bip:topics:1.0">
<code code="qOeCPBPoxk">
<editdetail action="confirmed" attribution="Reuters BIP Coding Group" date="1996-09-26"></editdetail></code>
<code code="FdQFAXotEV">
<editdetail action="confirmed" attribution="Reuters BIP Coding Group" date="1996-09-26"></editdetail></code></codes>
<dc element="dc.publisher" value="Reuters Holdings Plc"></dc>
<dc element="dc.datepublished" value="1996-09-26"></dc>
<dc element="dc.source" value="Reuters - Notícias em Português"></dc>
<dc element="dc.creator.location" value=""></dc>
<dc element="dc.creator.location.country.name" value=""></dc></metadata></newsitem>