<?xml version="1.0" encoding="UTF-8"?>

<newsitem date="1996-08-28" id="root" itemid="48482" xml:lang="pt">
<title></title>
<headline> ESCUDO ESTÁVEL MEIA SESSÃO VS MARCO, SEGUE PESETA. </headline>
<byline></byline>
<dateline></dateline>
<text>
<p> 1050 TMG - O escudo manteve-se estável contra o marco ao longo da manhã, limitando-se a acompanhar os movimentos da peseta, e com o mercado a revelar poucos interesses. Dealers dizem que o escudo se deverá manter entre 102,50 e 102,60 por marco. </p>
<p> *Escudo 102,60/63 por marco contra 102,55/58 na abertura </p>
<p> *Escudo oscilou entre 102,56 e 102,60 por marco </p>
<p> *Peseta 84,57/60 por marco contra 84,54/57 na abertura </p>
<p> *Dólar 1,4789/96 marcos vs 1,4788/93 na abertura Europa </p>
<p> *Colocado 25 MC BT 182 dias, rateio cai 0,09 para 7,08 pct </p>
<p> *Leilão amanhã 15 MC BT a 91 dias, anterior rateio 7,10 pct. </p>
<p>     ----Lisboa Editorial, 351.1.3113121. </p>
<p> (c) Reuters Limited 1996. </p></text>
<copyright>(c) Reuters Limited 1996</copyright>
<metadata>
<codes class="bip:countries:1.0">
<code code="PauEZzEKnQ">
<editdetail action="confirmed" attribution="Reuters BIP Coding Group" date="1996-08-28"></editdetail></code>
<code code="AyDPYvYmKk">
<editdetail action="confirmed" attribution="Reuters BIP Coding Group" date="1996-08-28"></editdetail></code>
<code code="LJTtLNeFLK">
<editdetail action="confirmed" attribution="Reuters BIP Coding Group" date="1996-08-28"></editdetail></code></codes>
<codes class="bip:topics:1.0">
<code code="RtuIgjiByg">
<editdetail action="confirmed" attribution="Reuters BIP Coding Group" date="1996-08-28"></editdetail></code>
<code code="IdchaRMwYM">
<editdetail action="confirmed" attribution="Reuters BIP Coding Group" date="1996-08-28"></editdetail></code>
<code code="THKWLpfvPD">
<editdetail action="confirmed" attribution="Reuters BIP Coding Group" date="1996-08-28"></editdetail></code></codes>
<dc element="dc.publisher" value="Reuters Holdings Plc"></dc>
<dc element="dc.datepublished" value="1996-08-28"></dc>
<dc element="dc.source" value="Reuters - Notícias em Português"></dc>
<dc element="dc.creator.location" value=""></dc>
<dc element="dc.creator.location.country.name" value=""></dc></metadata></newsitem>