<?xml version="1.0" encoding="UTF-8"?>

<newsitem date="1996-09-27" id="root" itemid="49325" xml:lang="pt">
<title></title>
<headline> ACÇÕES FECHAM A RECUPERAR DOS MÍNIMOS,FIM TRIMESTRE. </headline>
<byline></byline>
<dateline></dateline>
<text>
<p> As acções do Contínuo e os Futuros sobre o PSI20 fecharam em queda, mas acima do mínimos do dia, e a liquidez no cash a somar 3,2 milhões de contos, prevendo os operadores que segunda-feira seja uma sessão fraca e que algumas vendas possam persistir apesar de ser fim do trimestre.Fundos com pouca força. *Índice PSI-20 cai 0,13 pct para 4.744,23 pontos *Engil sobe 11 escudos para 1.448, com 176.800 acções *PT cai 22 escudos para 3.998. Negociadas 106.643 *Tertir cai 79 escudos para 720. Negociadas 97.100 *Inapa estável 2.900 escudos, com 93.600 acções *Futuro PSI-20 Out/96 cai 21 pontos para 4.780, 347 contratos. </p>
<p> - Paula Cordeiro, Lisboa Editorial, 351-1-3150035. (c) Reuters Limited 1996. </p></text>
<copyright>(c) Reuters Limited 1996</copyright>
<metadata>
<codes class="bip:countries:1.0">
<code code="SDtMhuTpSe">
<editdetail action="confirmed" attribution="Reuters BIP Coding Group" date="1996-09-27"></editdetail></code>
<code code="iBahZHTBqV">
<editdetail action="confirmed" attribution="Reuters BIP Coding Group" date="1996-09-27"></editdetail></code>
<code code="EIUdNFBzVT">
<editdetail action="confirmed" attribution="Reuters BIP Coding Group" date="1996-09-27"></editdetail></code></codes>
<codes class="bip:topics:1.0">
<code code="UJXkUewuHW">
<editdetail action="confirmed" attribution="Reuters BIP Coding Group" date="1996-09-27"></editdetail></code>
<code code="AONydgoHeB">
<editdetail action="confirmed" attribution="Reuters BIP Coding Group" date="1996-09-27"></editdetail></code></codes>
<dc element="dc.publisher" value="Reuters Holdings Plc"></dc>
<dc element="dc.datepublished" value="1996-09-27"></dc>
<dc element="dc.source" value="Reuters - Notícias em Português"></dc>
<dc element="dc.creator.location" value=""></dc>
<dc element="dc.creator.location.country.name" value=""></dc></metadata></newsitem>