<?xml version="1.0" encoding="UTF-8"?>

<newsitem date="1996-10-03" id="root" itemid="49464" xml:lang="pt">
<title></title>
<headline> ESCUDO ACALMA MANHÃ VS MARCO, EXPECTATIVA DIRECÇÃO. </headline>
<byline></byline>
<dateline></dateline>
<text>
<p> O escudo acalmou depois de ter tocado no máximo de 100,90 por marco, encontrando-se estabilizado à volta dos 101,05, com o mercado a revelar-se nervoso e indeciso quanto aos próximos movimentos. &quot;O marco-escudo está parado entre os 101,07 e 101,12, mas a grande incógnita que se coloca agora é se é para subir ou descer. Está tudo à espera&quot;, disse um dealer. </p>
<p> *Escudo 101,07/10 por marco contra 101,18/23 na abertura </p>
<p> *Escudo oscilou entre 100,95 e 101,20 por marco </p>
<p> *Peseta 84,10/12 por marco contra 84,09/11 na abertura </p>
<p> *Dólar 1,5319/26 marcos vs 1,5322/27 na abertura Europa </p>
<p> *BP anuncia 1315 TMG condiçôes cedência MMI próximo período. </p>
<p>     ----Lisboa Editorial, 351.1.3113121. </p>
<p> (c) Reuters Limited 1996. </p></text>
<copyright>(c) Reuters Limited 1996</copyright>
<metadata>
<codes class="bip:countries:1.0">
<code code="YTleSSlbKp">
<editdetail action="confirmed" attribution="Reuters BIP Coding Group" date="1996-10-03"></editdetail></code>
<code code="oCpOHoFTWG">
<editdetail action="confirmed" attribution="Reuters BIP Coding Group" date="1996-10-03"></editdetail></code>
<code code="hEAAwXyNCK">
<editdetail action="confirmed" attribution="Reuters BIP Coding Group" date="1996-10-03"></editdetail></code></codes>
<codes class="bip:topics:1.0">
<code code="OieJvmPUmt">
<editdetail action="confirmed" attribution="Reuters BIP Coding Group" date="1996-10-03"></editdetail></code>
<code code="hrexAVYWvY">
<editdetail action="confirmed" attribution="Reuters BIP Coding Group" date="1996-10-03"></editdetail></code>
<code code="jjKTsXxjXg">
<editdetail action="confirmed" attribution="Reuters BIP Coding Group" date="1996-10-03"></editdetail></code></codes>
<dc element="dc.publisher" value="Reuters Holdings Plc"></dc>
<dc element="dc.datepublished" value="1996-10-03"></dc>
<dc element="dc.source" value="Reuters - Notícias em Português"></dc>
<dc element="dc.creator.location" value=""></dc>
<dc element="dc.creator.location.country.name" value=""></dc></metadata></newsitem>