<?xml version="1.0" encoding="UTF-8"?>

<newsitem date="1996-10-21" id="root" itemid="49936" xml:lang="pt">
<title></title>
<headline> ACÇÕES FECHAM CALMAS, LIQUIDEZ DEVE AUMENTAR AMANHÃ. </headline>
<byline></byline>
<dateline></dateline>
<text>
<p> As acções do Contínuo fecharam sem forte volatilidade e a liquidez no cash a somar 1,55 milhões de contos, destacando-se a Cimpor, BCP e PT, ao representarem 67 pct do totol. Amanhã a liquidez poderá aumentar, devido à entrada nos corretores das ordens dos bancos, e concentrar-se nos mesmos papéis de hoje com os preços a manterem a mesma apatia. Futuros PSI20 sobem e negoceiam 1.026 contratos. *Índice PSI-20 (.PSI20)cai 0,10 pct para 4.768,87 pontos *Cimpor estável nos 3.260 escudos. Negociadas 146.196 *PT cai 5 escudos para 4.045. Negociadas 97.122 *BCP cai dois escudos para 1.877. Negociadas 91.215 *Futuro PSI20 Nov96 (PSI20X6)sobe p/ 4.870 pontos vs 4.814. </p>
<p> - Paula Cordeiro, Lisboa Editorial, 351-1-3150035. (c) Reuters Limited 1996. </p></text>
<copyright>(c) Reuters Limited 1996</copyright>
<metadata>
<codes class="bip:countries:1.0">
<code code="kcNSTQawNJ">
<editdetail action="confirmed" attribution="Reuters BIP Coding Group" date="1996-10-21"></editdetail></code>
<code code="nuzjAGAZmK">
<editdetail action="confirmed" attribution="Reuters BIP Coding Group" date="1996-10-21"></editdetail></code>
<code code="NgurLcGfXh">
<editdetail action="confirmed" attribution="Reuters BIP Coding Group" date="1996-10-21"></editdetail></code></codes>
<codes class="bip:topics:1.0">
<code code="KkUrpGrjqf">
<editdetail action="confirmed" attribution="Reuters BIP Coding Group" date="1996-10-21"></editdetail></code>
<code code="CsJYMsQaMV">
<editdetail action="confirmed" attribution="Reuters BIP Coding Group" date="1996-10-21"></editdetail></code></codes>
<dc element="dc.publisher" value="Reuters Holdings Plc"></dc>
<dc element="dc.datepublished" value="1996-10-21"></dc>
<dc element="dc.source" value="Reuters - Notícias em Português"></dc>
<dc element="dc.creator.location" value=""></dc>
<dc element="dc.creator.location.country.name" value=""></dc></metadata></newsitem>