<?xml version="1.0" encoding="UTF-8"?>

<newsitem date="1996-10-14" id="root" itemid="49748" xml:lang="pt">
<title></title>
<headline> DESPACHO FINANÇAS SOBRE &apos;PLANO MATEUS&apos; EM DR. </headline>
<byline></byline>
<dateline></dateline>
<text>
<p> LISBOA, 14 Out (Reuter) - O despacho do ministro das Finanças, António Sousa Franco, sobre a compatibilização do &apos;Plano Mateus&apos; com os procedimentos criminais decorrentes de incumprimentos, foi hoje publicado em Diário da República. </p>
<p> &quot;Os objectivos pretendidos por aquele diploma (de recuperação de dívidas fiscais e à Segurança Social) pressupõem o estabelecimento de uma relação de confiança entre a administração fiscal e os contribuintes que adiram ao novo sistema de regularização de dívidas&quot;, afirma o despacho. </p>
<p> Adianta que, passado o prazo para a regularização, aqueles que não o façam ficam sujeitos a procedimento criminal. </p>
<p> &quot;Em relação aos contribuintes aderentes, os serviços devem, na avaliação da respectiva situação concreta, valorar positivamente, para todos os efeitos, incluindo para efeitos de aplicação de contra-ordenações e não instauração de processo de averiguações, como manifestações de boa fé, todas as iniciativas daqueles destinadas à reposição da verdade fiscal e ao pagamento, a pronto ou em plano de prestações credível, das importâncias em dívida&quot;, afirma o despacho de Sousa Franco. </p>
<p> &quot;Em relação aos contribuintes não aderentes, que a não adesão seja considerada como intenção de manutenção de uma situação ilegal, pelo que os serviços devem, logo que terminado o período de adesão, proceder à instauração de processos de averiguações relativas a infracções fiscais cometidas&quot;, acrescenta. </p>
<p> O ministro das Finanças recusa que a Procuradoria Geral da República tenha questionado a legalidade deste despacho e, em declarações recentes, Sousa Franco afirmou não ter sequer conhecimento de quaisquer dúvidas por parte do Procurador, como alguns órgãos de comunicação já noticiaram. </p>
<p> - Fernanda Pargana, Lisboa Editorial, 351-1-3113126. </p>
<p> (c) Reuters Limited 1996. </p></text>
<copyright>(c) Reuters Limited 1996</copyright>
<metadata>
<codes class="bip:countries:1.0">
<code code="NVeqmxzpob">
<editdetail action="confirmed" attribution="Reuters BIP Coding Group" date="1996-10-14"></editdetail></code>
<code code="HRrrmvSoqT">
<editdetail action="confirmed" attribution="Reuters BIP Coding Group" date="1996-10-14"></editdetail></code>
<code code="kdJOvljGHG">
<editdetail action="confirmed" attribution="Reuters BIP Coding Group" date="1996-10-14"></editdetail></code></codes>
<codes class="bip:topics:1.0">
<code code="GtmsoWOsRw">
<editdetail action="confirmed" attribution="Reuters BIP Coding Group" date="1996-10-14"></editdetail></code>
<code code="TqApWEEASu">
<editdetail action="confirmed" attribution="Reuters BIP Coding Group" date="1996-10-14"></editdetail></code>
<code code="wXCkRAbrZa">
<editdetail action="confirmed" attribution="Reuters BIP Coding Group" date="1996-10-14"></editdetail></code></codes>
<dc element="dc.publisher" value="Reuters Holdings Plc"></dc>
<dc element="dc.datepublished" value="1996-10-14"></dc>
<dc element="dc.source" value="Reuters - Notícias em Português"></dc>
<dc element="dc.creator.location" value=""></dc>
<dc element="dc.creator.location.country.name" value=""></dc></metadata></newsitem>