<?xml version="1.0" encoding="UTF-8"?>

<newsitem date="1996-10-10" id="root" itemid="49665" xml:lang="pt">
<title></title>
<headline> ESCUDO FECHA ESTÁVEL VS MARCO A SEGUIR EUROPEIAS. </headline>
<byline></byline>
<dateline></dateline>
<text>
<p> O escudo fechou estabilizado contra o marco nos níveis da abertura, numa sessão marcada por alguma volatilidade, sempre a seguir as outras moedas europeias, mas também por algum equilíbrio. </p>
<p> *Escudo 101,19/21 por marco contra 101,18/21 na abertura </p>
<p> *Escudo oscilou entre 101,14 e 101,28 por marco </p>
<p> *Peseta 84,17/18 por marco contra 84,18/20 na abertura </p>
<p> *Dólar 1,5283/98 marcos vs 1,5283/88 na abertura Europa </p>
<p> *INE diz inflação nula Set, média anual 3,3%, homóloga 3,4% </p>
<p> *BP anuncia amanhã condições cedência MMI próximo período </p>
<p> (c) Reuters Limited 1996. </p></text>
<copyright>(c) Reuters Limited 1996</copyright>
<metadata>
<codes class="bip:countries:1.0">
<code code="sHLpsxDTTc">
<editdetail action="confirmed" attribution="Reuters BIP Coding Group" date="1996-10-10"></editdetail></code>
<code code="uWhDMTTJph">
<editdetail action="confirmed" attribution="Reuters BIP Coding Group" date="1996-10-10"></editdetail></code>
<code code="decRaxOGDe">
<editdetail action="confirmed" attribution="Reuters BIP Coding Group" date="1996-10-10"></editdetail></code></codes>
<codes class="bip:topics:1.0">
<code code="IvjoVXagEw">
<editdetail action="confirmed" attribution="Reuters BIP Coding Group" date="1996-10-10"></editdetail></code>
<code code="DyKeQavPxD">
<editdetail action="confirmed" attribution="Reuters BIP Coding Group" date="1996-10-10"></editdetail></code>
<code code="GPzjlaNrCa">
<editdetail action="confirmed" attribution="Reuters BIP Coding Group" date="1996-10-10"></editdetail></code></codes>
<dc element="dc.publisher" value="Reuters Holdings Plc"></dc>
<dc element="dc.datepublished" value="1996-10-10"></dc>
<dc element="dc.source" value="Reuters - Notícias em Português"></dc>
<dc element="dc.creator.location" value=""></dc>
<dc element="dc.creator.location.country.name" value=""></dc></metadata></newsitem>