<?xml version="1.0" encoding="UTF-8"?>

<newsitem date="1996-08-20" id="root" itemid="48257" xml:lang="pt">
<title></title>
<headline> ÍNDICE PSI-20 CAI 0,04 PCT PARA 4.629,58 PONTOS. </headline>
<byline></byline>
<dateline></dateline>
<text>
<p> *Índice PSI-20 cai 0,04 pct para 4.629,58 pontos *Engil cai 3 escudos para 1.299, com 3.500 acções *Portucel cai 3 escudos para 1.025, com 2.640 acções *Cimpor estável 3.365 escudos, com 2.100 acções *BES cai 10 escudos para 2.490, com 3.100 acções *BCP estável 1.804 escudos, com 3.300 acções *PT Nova Iorque cai 0,125 dólares para 25,625 (3.915 esc) *Futuro PSI-20 Out/96 cai 8 pontos para 4.670, 60 contratos *M3 alemão de Julho abranda para 8,6 pct vs 9,6 pct Junho *Reunião FOMC da Reserva Federal americana hoje, Buba quinta. </p>
<p> - Lisboa Editorial, 351-1-3150035. (c) Reuters Limited 1996. </p></text>
<copyright>(c) Reuters Limited 1996</copyright>
<metadata>
<codes class="bip:countries:1.0">
<code code="ofroOusMXh">
<editdetail action="confirmed" attribution="Reuters BIP Coding Group" date="1996-08-20"></editdetail></code>
<code code="UCiLvAKLqe">
<editdetail action="confirmed" attribution="Reuters BIP Coding Group" date="1996-08-20"></editdetail></code>
<code code="yFtVDAVeFy">
<editdetail action="confirmed" attribution="Reuters BIP Coding Group" date="1996-08-20"></editdetail></code></codes>
<codes class="bip:topics:1.0">
<code code="YPtNKkWmGh">
<editdetail action="confirmed" attribution="Reuters BIP Coding Group" date="1996-08-20"></editdetail></code>
<code code="sFuStAXcPB">
<editdetail action="confirmed" attribution="Reuters BIP Coding Group" date="1996-08-20"></editdetail></code></codes>
<dc element="dc.publisher" value="Reuters Holdings Plc"></dc>
<dc element="dc.datepublished" value="1996-08-20"></dc>
<dc element="dc.source" value="Reuters - Notícias em Português"></dc>
<dc element="dc.creator.location" value=""></dc>
<dc element="dc.creator.location.country.name" value=""></dc></metadata></newsitem>