<?xml version="1.0" encoding="UTF-8"?>

<newsitem date="1996-09-16" id="root" itemid="48929" xml:lang="pt">
<title></title>
<headline> MONETÁRIO ABRE CURTO PRAZO RESISTIR À DESCIDA. </headline>
<byline></byline>
<dateline></dateline>
<text>
<p> LISBOA, 16 Set (Reuter) - O mercado monetário do escudo abriu com o curto prazo a resistir à descida das taxas, mantendo-se encostado aos níveis de cedência do Banco de Portugal (BP). </p>
<p> &quot;O curto prazo não está a dar sinais de abrandamento, pelo menos não tanto quanto se esperava e mantém-se encostado aos níveis a que o BP cede fundos (7,25 pct)&quot;, disse um dealer. </p>
<p> &quot;Perante a falta de liquidez que o mercado está a mostrar é natural que o BP venha a ceder grande parte, se não a totalidade dos 80 MC propostos&quot;, disse outro operador. </p>
<p> Os três meses abriram entre 7,12 e 7,16 pct, os seis meses entre 7,06 e 7,14 pct e os 12 meses entre 7,04 e 7,08 pct. </p>
<p> - José Barata, Lisboa Editorial, 351-1-311.31.26 </p>
<p> (c) Reuters Limited 1996. </p></text>
<copyright>(c) Reuters Limited 1996</copyright>
<metadata>
<codes class="bip:countries:1.0">
<code code="gwdQtzYiwW">
<editdetail action="confirmed" attribution="Reuters BIP Coding Group" date="1996-09-16"></editdetail></code>
<code code="uRVcUUmORi">
<editdetail action="confirmed" attribution="Reuters BIP Coding Group" date="1996-09-16"></editdetail></code>
<code code="fkpkUWEqJn">
<editdetail action="confirmed" attribution="Reuters BIP Coding Group" date="1996-09-16"></editdetail></code></codes>
<codes class="bip:topics:1.0">
<code code="iovZwzSibM">
<editdetail action="confirmed" attribution="Reuters BIP Coding Group" date="1996-09-16"></editdetail></code>
<code code="YJUxmRtSUX">
<editdetail action="confirmed" attribution="Reuters BIP Coding Group" date="1996-09-16"></editdetail></code>
<code code="dUkqnVFKGZ">
<editdetail action="confirmed" attribution="Reuters BIP Coding Group" date="1996-09-16"></editdetail></code></codes>
<dc element="dc.publisher" value="Reuters Holdings Plc"></dc>
<dc element="dc.datepublished" value="1996-09-16"></dc>
<dc element="dc.source" value="Reuters - Notícias em Português"></dc>
<dc element="dc.creator.location" value=""></dc>
<dc element="dc.creator.location.country.name" value=""></dc></metadata></newsitem>