<?xml version="1.0" encoding="UTF-8"?>

<newsitem date="1996-09-16" id="root" itemid="48941" xml:lang="pt">
<title></title>
<headline> ESCUDO GANHA VS MARCO MEIA SESSÃO POR COMERCIAIS. </headline>
<byline></byline>
<dateline></dateline>
<text>
<p> O escudo fortaleceu-se contra o marco ao longo da manhã, essencialmente à custa de interesse comercial internamente. &quot;Não era de esperar uma tão grande apreciação do escudo, mas a realidade é que há uma comercial na praça de venda de marco-escudo e o escudo está a subir&quot;, disse um dealer que não quis ser identificado. Dealers dizem que existe um suporte forte nos 102,20 escudos por marco. </p>
<p> *Escudo 102,20/21 por marco contra 102,27/30 na abertura </p>
<p> *Escudo oscilou entre 102,21 e 102,29 por marco </p>
<p> *Peseta 84,30/32 por marco contra 84,37/39 na abertura </p>
<p> *Dólar 1,5116/26 marcos vs 1,5114/16 na abertura Europa </p>
<p> *BP cede 38,855 MC, 3 dias, TMP estável nos 7,25 pct. </p>
<p>     ----Lisboa Editorial, 351.1.3113121. </p>
<p> (c) Reuters Limited 1996. </p></text>
<copyright>(c) Reuters Limited 1996</copyright>
<metadata>
<codes class="bip:countries:1.0">
<code code="GdDGXtlqGE">
<editdetail action="confirmed" attribution="Reuters BIP Coding Group" date="1996-09-16"></editdetail></code>
<code code="KDiuxefPJm">
<editdetail action="confirmed" attribution="Reuters BIP Coding Group" date="1996-09-16"></editdetail></code>
<code code="lqgJEYuxMQ">
<editdetail action="confirmed" attribution="Reuters BIP Coding Group" date="1996-09-16"></editdetail></code></codes>
<codes class="bip:topics:1.0">
<code code="MXOAhKwieL">
<editdetail action="confirmed" attribution="Reuters BIP Coding Group" date="1996-09-16"></editdetail></code>
<code code="ASdTWEheAJ">
<editdetail action="confirmed" attribution="Reuters BIP Coding Group" date="1996-09-16"></editdetail></code>
<code code="zbkpLhTAvQ">
<editdetail action="confirmed" attribution="Reuters BIP Coding Group" date="1996-09-16"></editdetail></code></codes>
<dc element="dc.publisher" value="Reuters Holdings Plc"></dc>
<dc element="dc.datepublished" value="1996-09-16"></dc>
<dc element="dc.source" value="Reuters - Notícias em Português"></dc>
<dc element="dc.creator.location" value=""></dc>
<dc element="dc.creator.location.country.name" value=""></dc></metadata></newsitem>