<?xml version="1.0" encoding="UTF-8"?>

<newsitem date="1996-10-29" id="root" itemid="50138" xml:lang="pt">
<title></title>
<headline> ACÇÕES BCP E BES ILUMINAM BOLSA NA MEIA SESSÃO. </headline>
<byline></byline>
<dateline></dateline>
<text>
<p> LISBOA, 29 Out (Reuter) - As acções do Contínuo seguiam com a maioria dos papéis em queda, acompanhando as praças europeias, mas dealers disseram que o facto da Bolsa de Nova Iorque ter aberto em alta pode ajudar o mercado a recuperar até ao fecho. </p>
<p> &quot;Se a subida de Nova Iorque se mantiver e for sustentada pode ser que alguns papéis, principalmente a Portugal Telecom (PT), recuperem antes do fecho e ajudem o índice&quot;, disse um dealer. </p>
<p> Operadores afirmaram que se os resultados do terceiro trimestre de 1996 do BCP forem divulgados antes do mercado fechar o movimento neste título deverá aumentar. </p>
<p> &quot;Fortes subidas no BCP não são de esperar, porque todos nós sabemos que o banco tem registado dificuldades naturais e previsiveis com a absorção do BPA &quot;, disse um operador. </p>
<p> Adiantou, ainda, que se os resultados do banco sairem dentro das expectativas do mercado, o preço do BCP pode voltar a mostrar sustentação nos 1.900 escudos, mas dificilmente subirá muito acima. </p>
<p> A cotação do BCP variou hoje entre 1.885 e 1.900 escudos, um range bastante apertado. O BCP fechou, os primeiros nove meses de 1995, com um lucro líquido consolidado de 14,222 milhões de contos. </p>
<p> As acções do Banco Espírito Santo (BES) variaram hoje entre 2.690 e 2.725 escudos, o máximo do ano atingido ontem. O lucro líquido consolidado do banco cresceu, nos primeiros nove meses do ano, 17 pct para 15,8 milhões de contos. </p>
<p> Em Nova Iorque, a PT abriu estável nos 25,1/2 dólares e com pouco volume (4.000), ainda abaixo do nível de Lisboa, 3.929 escudos, mas operadores disseram que se a Bolsa de Nova Iorque continuar positiva a cotação da empresa de telecomunicações pode recuperar dos mínimos. </p>
<p> A PT variou entre 3.921 e 3.960 escudos. </p>
<p> A Inapa está sustentada nos 2.900 escudos. </p>
<p> Dealers disseram de manhã que a transacção de mais de 100.000 acções da Inapa está relacionada com vendas provenientes de instituições que tomaram firme no aumento de capital e agora estão a desfazer as suas posições. O aumento foi efectuado a 2.900 escudos. </p>
<p> - Paula Cordeiro, Lisboa Editorial, 351-1-3150035. (c) Reuters Limited 1996. </p></text>
<copyright>(c) Reuters Limited 1996</copyright>
<metadata>
<codes class="bip:countries:1.0">
<code code="DyeSYydXKO">
<editdetail action="confirmed" attribution="Reuters BIP Coding Group" date="1996-10-29"></editdetail></code>
<code code="cTNftRcCuA">
<editdetail action="confirmed" attribution="Reuters BIP Coding Group" date="1996-10-29"></editdetail></code>
<code code="UVeEMBZMFS">
<editdetail action="confirmed" attribution="Reuters BIP Coding Group" date="1996-10-29"></editdetail></code></codes>
<codes class="bip:topics:1.0">
<code code="LDPmJeYBrX">
<editdetail action="confirmed" attribution="Reuters BIP Coding Group" date="1996-10-29"></editdetail></code>
<code code="fZoFzKmsBE">
<editdetail action="confirmed" attribution="Reuters BIP Coding Group" date="1996-10-29"></editdetail></code></codes>
<dc element="dc.publisher" value="Reuters Holdings Plc"></dc>
<dc element="dc.datepublished" value="1996-10-29"></dc>
<dc element="dc.source" value="Reuters - Notícias em Português"></dc>
<dc element="dc.creator.location" value=""></dc>
<dc element="dc.creator.location.country.name" value=""></dc></metadata></newsitem>