<?xml version="1.0" encoding="UTF-8"?>

<newsitem date="1996-09-20" id="root" itemid="49118" xml:lang="pt">
<title></title>
<headline> ESCUDO FORTE MANHÃ VS MARCO, SEMPRE LADO EUROPEIAS. </headline>
<byline></byline>
<dateline></dateline>
<text>
<p> O escudo manteve-se forte contra o marco ao longo da manhã e com perspectiva de acentuar os seus ganhos contra a moeda alemã, porque esta é também a direcção da peseta, do franco francês e do dólar. &quot;As moedas europeias estão com espaço para respirar, sobretudo agora com o marco dá sinais de debilidade perante o optimismo à volta da moeda única&quot;, disse um dealer de um banco estrangeiro. </p>
<p> *Escudo 101,87/89 por marco contra 101,89/92 na abertura </p>
<p> *Escudo oscilou entre 101,88 e 101,93 por marco </p>
<p> *Peseta 84,06/09 por marco contra 84,13/15 na abertura </p>
<p> *Dólar 1,5159/64 marcos vs 1,5134/39 na abertura Europa </p>
<p> *BP cede 22 MC, 6 dias, TMP 7,25 pct (7,2556 pct antes). </p></text>
<copyright>(c) Reuters Limited 1996</copyright>
<metadata>
<codes class="bip:countries:1.0">
<code code="hiAqvIUhKz">
<editdetail action="confirmed" attribution="Reuters BIP Coding Group" date="1996-09-20"></editdetail></code>
<code code="wBGlcVmgqc">
<editdetail action="confirmed" attribution="Reuters BIP Coding Group" date="1996-09-20"></editdetail></code>
<code code="BlkAWimVVE">
<editdetail action="confirmed" attribution="Reuters BIP Coding Group" date="1996-09-20"></editdetail></code></codes>
<codes class="bip:topics:1.0">
<code code="BPbBPeGvyO">
<editdetail action="confirmed" attribution="Reuters BIP Coding Group" date="1996-09-20"></editdetail></code>
<code code="aJLphxeVUQ">
<editdetail action="confirmed" attribution="Reuters BIP Coding Group" date="1996-09-20"></editdetail></code>
<code code="hPvjahFckh">
<editdetail action="confirmed" attribution="Reuters BIP Coding Group" date="1996-09-20"></editdetail></code></codes>
<dc element="dc.publisher" value="Reuters Holdings Plc"></dc>
<dc element="dc.datepublished" value="1996-09-20"></dc>
<dc element="dc.source" value="Reuters - Notícias em Português"></dc>
<dc element="dc.creator.location" value=""></dc>
<dc element="dc.creator.location.country.name" value=""></dc></metadata></newsitem>