<?xml version="1.0" encoding="UTF-8"?>

<newsitem date="1996-10-16" id="root" itemid="49809" xml:lang="pt">
<title></title>
<headline> GUTERRES DIZ BP TEM ESPAÇO PARA DESCER TAXAS - D.E. </headline>
<byline></byline>
<dateline></dateline>
<text>
<p> LISBOA, 16 Out (Reuter) - O Banco de Portugal (BP) tem espaço para descer as suas taxas directoras e o critério da inflação é o mais difícil de alcançar, recomendando, por isso, moderação salarial, disse o primeiro ministro, António Guterres, em entrevista ao Diário Económico (D.E.). </p>
<p> &quot;O Governo respeita a autonomia do BP. Naturalmente que tenho a convicção de que existe alguma margem de manobra (corte de taxas)&quot;, disse António Guterres. </p>
<p> Sobre a prudência com que o BP tem colocado na sua política monetária, António Guterres disse que &quot;mas a prudência do BP também é um factor de credibilidade da economia portuguesa&quot;. </p>
<p> Falando sobre critérios de convergência, o primeiro ministro disse que o grande esforço, no próximo ano, terá que ser feito em termos de inflação. </p>
<p> O Governo prevê que a inflação possa terminar 1997 entre 2,25 e 2,5 pct contra 3,25 pct este ano. </p>
<p> &quot;É evidente que, para garantir uma taxa de inflação compatível com a integração na moeda única, não podemos permitir aumentos dos salários reais muito significativos&quot;, disse António Guterres. </p>
<p> O primeiro ministro disse que a proposta de aumento salarial de 2,375 pct para a função pública pode ainda subir. </p>
<p> &quot;Há uma negociação em curso e eu não vou obviamente dizer qual é o limite, porque senão as negociações terminariam aqui&quot;, disse António Guterres. </p>
<p> &quot;Mas não escondo que os negociadores sabem exactamente qual é o limite e a margem de manobra é extremamente reduzida&quot;, concluiu. </p>
<p> Guterres disse, ainda, que as perspectivas para o segundo semestre do ano são muito encorajadoras, dando sinais de que o objectivo inicial de crescimento do Governo de 2,75 pct &quot;pode mais coisa, menos coisa ser alcançado&quot;. </p>
<p> - Lisboa Editorial, 351.1.3113121. </p>
<p> (c) Reuters Limited 1996. </p></text>
<copyright>(c) Reuters Limited 1996</copyright>
<metadata>
<codes class="bip:countries:1.0">
<code code="SfVelUWMLl">
<editdetail action="confirmed" attribution="Reuters BIP Coding Group" date="1996-10-16"></editdetail></code>
<code code="rewVRIsYgo">
<editdetail action="confirmed" attribution="Reuters BIP Coding Group" date="1996-10-16"></editdetail></code>
<code code="CjHlfYzarO">
<editdetail action="confirmed" attribution="Reuters BIP Coding Group" date="1996-10-16"></editdetail></code></codes>
<codes class="bip:topics:1.0">
<code code="TtUDwftklP">
<editdetail action="confirmed" attribution="Reuters BIP Coding Group" date="1996-10-16"></editdetail></code>
<code code="zkUOdXRwQM">
<editdetail action="confirmed" attribution="Reuters BIP Coding Group" date="1996-10-16"></editdetail></code></codes>
<dc element="dc.publisher" value="Reuters Holdings Plc"></dc>
<dc element="dc.datepublished" value="1996-10-16"></dc>
<dc element="dc.source" value="Reuters - Notícias em Português"></dc>
<dc element="dc.creator.location" value=""></dc>
<dc element="dc.creator.location.country.name" value=""></dc></metadata></newsitem>