<?xml version="1.0" encoding="UTF-8"?>

<newsitem date="1996-09-17" id="root" itemid="48980" xml:lang="pt">
<title></title>
<headline> FUTURO LISBOR 3 MESES SET/97 ABRE A 93,00 VS 93,09. </headline>
<byline></byline>
<dateline></dateline>
<text>
<p> *Futuro Lisbor 3 meses Set/97 abre 93,00 vs 93,09 </p>
<p> *Dólar 1,5112/17 marcos vs 1,5114/19 no fecho Europa ontem </p>
<p> *BP cede até 100 MC, 2 dias, em leilão e absorve a 6,8 pct </p>
<p> - Lisboa Editorial, 351-1-311.31.26 </p>
<p> (c) Reuters Limited 1996. </p></text>
<copyright>(c) Reuters Limited 1996</copyright>
<metadata>
<codes class="bip:countries:1.0">
<code code="UNRIhrvmjf">
<editdetail action="confirmed" attribution="Reuters BIP Coding Group" date="1996-09-17"></editdetail></code>
<code code="ZwtVzVrAZa">
<editdetail action="confirmed" attribution="Reuters BIP Coding Group" date="1996-09-17"></editdetail></code>
<code code="cVAieLimGr">
<editdetail action="confirmed" attribution="Reuters BIP Coding Group" date="1996-09-17"></editdetail></code></codes>
<codes class="bip:topics:1.0">
<code code="RiOffGiSkG">
<editdetail action="confirmed" attribution="Reuters BIP Coding Group" date="1996-09-17"></editdetail></code>
<code code="sTGPTXLzZu">
<editdetail action="confirmed" attribution="Reuters BIP Coding Group" date="1996-09-17"></editdetail></code>
<code code="XWPuQLuhjv">
<editdetail action="confirmed" attribution="Reuters BIP Coding Group" date="1996-09-17"></editdetail></code>
<code code="utFJJDckPK">
<editdetail action="confirmed" attribution="Reuters BIP Coding Group" date="1996-09-17"></editdetail></code></codes>
<dc element="dc.publisher" value="Reuters Holdings Plc"></dc>
<dc element="dc.datepublished" value="1996-09-17"></dc>
<dc element="dc.source" value="Reuters - Notícias em Português"></dc>
<dc element="dc.creator.location" value=""></dc>
<dc element="dc.creator.location.country.name" value=""></dc></metadata></newsitem>