<?xml version="1.0" encoding="UTF-8"?>

<newsitem date="1996-10-09" id="root" itemid="49598" xml:lang="pt">
<title></title>
<headline> FUTURO PSI20 OUT96 SOBE UM PONTO PARA 4.815. </headline>
<byline></byline>
<dateline></dateline>
<text>
<p> *Futuro PSI20 Out96 sobe p/ 4.815 pontos vs 4.814 *Índice PSI-20 cai 0,06 pct para 4.775,83 pontos *BCP sobe 3 escudos para 1.873. Negociadas 11.134 *C.Amorim cai 10 escudos p/ 1.660. Negociadas 10.000 *Somague cai 19 escudos para 1.271. Negociadsa 7.000 *Lisnave cai 4 escudos para 421. Negociadas 2.400 *Reditus sobe 14 escudos para 454. Negocidas 2.300 *PT cai 8 escudos para 4.072. Negociadas 2.233 *BPSM sobe 4 escudos para 1.035. Negociadas 1.000 *Prejuízo Reditus 1ro sem 96 em 0,201 MC vs prejuízo 0,649 MC. </p>
<p> (c) Reuters Limited 1996. </p></text>
<copyright>(c) Reuters Limited 1996</copyright>
<metadata>
<codes class="bip:countries:1.0">
<code code="LbwTuNsWxv">
<editdetail action="confirmed" attribution="Reuters BIP Coding Group" date="1996-10-09"></editdetail></code>
<code code="xbceDLIJnp">
<editdetail action="confirmed" attribution="Reuters BIP Coding Group" date="1996-10-09"></editdetail></code>
<code code="cRVCuTRdvV">
<editdetail action="confirmed" attribution="Reuters BIP Coding Group" date="1996-10-09"></editdetail></code></codes>
<codes class="bip:topics:1.0">
<code code="VfhFINFVUg">
<editdetail action="confirmed" attribution="Reuters BIP Coding Group" date="1996-10-09"></editdetail></code>
<code code="PQjlzvHuIQ">
<editdetail action="confirmed" attribution="Reuters BIP Coding Group" date="1996-10-09"></editdetail></code></codes>
<dc element="dc.publisher" value="Reuters Holdings Plc"></dc>
<dc element="dc.datepublished" value="1996-10-09"></dc>
<dc element="dc.source" value="Reuters - Notícias em Português"></dc>
<dc element="dc.creator.location" value=""></dc>
<dc element="dc.creator.location.country.name" value=""></dc></metadata></newsitem>