<?xml version="1.0" encoding="UTF-8"?>

<newsitem date="1996-10-15" id="root" itemid="49778" xml:lang="pt">
<title></title>
<headline> DÉFICE SPA EM 1997 EM 2,9% PIB VS 4,0% 96 - OE 97. </headline>
<byline></byline>
<dateline></dateline>
<text>
<p>     LISBOA, 15 Out (Reuter) - O défice orçamental do Sector </p>
<p> Público Administrativo (SPA) deverá fixar-se em 1997 nos 2,9 pct </p>
<p> do Produto Interno Bruto (PIB) contra 4,0 pct do PIB estimados </p>
<p> para 1996, refere a proposta de Orçamento de Estado para 1997, </p>
<p> apresentada à Assembleia da República (AR). </p>
<p>     &quot;O défice orçamental do SPA previsto para 1997, na óptica </p>
<p> das contas públicas, é de 508,8 milhões de contos (MC), </p>
<p> representando 2,9 pct do PIB&quot;, refere esta proposta de OE. </p>
<p>     &quot;Quando avaliado na óptica das contas nacionais o défice </p>
<p> global assume o valor de 512,8 MC, 2,9 pct do PIB&quot;, adianta. </p>
<p>     &quot;A melhoria de 1,1 pontos percentuais do PIB em relação à </p>
<p> estimativa de execução para 1996, é explicada, no caso das </p>
<p> contas públicas, pelo aumento do peso da receita corrente no </p>
<p> PIB em cerca de 0,8 pontos percentuais e pelo decréscimo do </p>
<p> peso da despesa corrente em cerca de 0,3 pontos percentuais do </p>
<p> PIB&quot;, refere. </p>
<p>     &quot;Prevê-se que a componente do Orçamento registe um excedente </p>
<p> de 0,7 pct do PIB (0,8 pct na óptica das contas nacionais), o </p>
<p> que compara com um défice estimado para 1996 de cerca de 0,4 pct </p>
<p> do PIB, em termos de contas públicas e de 0,3 pct em termos de </p>
<p> contas nacionais&quot;, adianta. </p>
<p>     &quot;O esforço de consolidação orçamental continua portanto a </p>
<p> ser inteiramente realizado na componente corrente do Orçamento, </p>
<p> mantendo-se o défice de capital em percentagem do PIB ao nível </p>
<p> estimado para 1996&quot;, explica. </p>
<p>     &quot;O esforço de convergência nominal e os custos potenciais de </p>
<p> curto-prazo associados a esse processo são assim minorados&quot;. </p>
<p>     &quot;Por um lado, porque ao diminuirem as necessidades de </p>
<p> financiamento do Estado, diminui tendencialmente a pressão sobre </p>
<p> as taxas de juro, potenciando o crescimento do investimento </p>
<p> privado&quot;, adianta. </p>
<p>      &quot;Por outro porque, contribuindo positivamente o Sector </p>
<p> Público Administrativo (SPA) para a poupança nacional, reforça e </p>
<p> potencia esse movimento&quot;, esclarece. </p>
<p>     &quot;Por fim, prevê-se que a própria participação do sector </p>
<p> público no esforço de investimento aumente, passando o </p>
<p> investimento público de 4,3 pct do PIB em 1996, para 4,6 pct do </p>
<p> PIB em 1997&quot;, refere. </p>
<p>     Segue quadro: </p>
<p>    RECEITAS E DESPESAS TOTAIS DO SPA (em MC): </p>
<p> --------------------------------------------------------------- </p>
<p>         Em percentagem do PIB       Estimativa OE   1996     1997        1996     1997 </p>
<p> --------------------------------------------------------------- </p>
<p> Receitas Correntes   6.906,3  7.495,5 41,6     42,4 </p>
<p>  das quais Impostos </p>
<p>  e contrib. sociais  5.374,5  5.790,5 32,4     32,8 Despesas Correntes   6.968,6  7.376,6 42,0     41,7 Saldo Corrente    -62,3    118,9 -0,4 0,7 Receitas Capital  541,0    623,2  3,3 3,5 Despesas Capital     1.138,2  1.250,9  6,9 7,1 Saldo Capital    -597,2   -627,7 -3,6     -3,6 Receita Total   7.447,3  8.118,7 44,8     45,9 Despesa Total   8.106,8  8.627,5 48,8     48,8 Saldo Primário    141,3    267,9  0,9 1,5 </p>
<p> ---------------------------------------------------------------- </p>
<p> Saldo Global     -659,5   -508,8 -4,0     -2,9 </p>
<p> ------------------------------------------------------------. </p>
<p> (c) Reuters Limited 1996. </p></text>
<copyright>(c) Reuters Limited 1996</copyright>
<metadata>
<codes class="bip:countries:1.0">
<code code="BxsAUOtYRi">
<editdetail action="confirmed" attribution="Reuters BIP Coding Group" date="1996-10-15"></editdetail></code>
<code code="MesmyiKtce">
<editdetail action="confirmed" attribution="Reuters BIP Coding Group" date="1996-10-15"></editdetail></code>
<code code="cjFSuPPPwG">
<editdetail action="confirmed" attribution="Reuters BIP Coding Group" date="1996-10-15"></editdetail></code></codes>
<codes class="bip:topics:1.0">
<code code="BwrZBVAyKD">
<editdetail action="confirmed" attribution="Reuters BIP Coding Group" date="1996-10-15"></editdetail></code>
<code code="SChMBzqwsV">
<editdetail action="confirmed" attribution="Reuters BIP Coding Group" date="1996-10-15"></editdetail></code>
<code code="gFlxkcbUbk">
<editdetail action="confirmed" attribution="Reuters BIP Coding Group" date="1996-10-15"></editdetail></code></codes>
<dc element="dc.publisher" value="Reuters Holdings Plc"></dc>
<dc element="dc.datepublished" value="1996-10-15"></dc>
<dc element="dc.source" value="Reuters - Notícias em Português"></dc>
<dc element="dc.creator.location" value=""></dc>
<dc element="dc.creator.location.country.name" value=""></dc></metadata></newsitem>