<?xml version="1.0" encoding="UTF-8"?>

<newsitem date="1996-08-29" id="root" itemid="48516" xml:lang="pt">
<title></title>
<headline> FUTURO LISBOR 3 MESES PREVÊ-SE C/LIQUIDEZ-ANALISTAS. </headline>
<byline></byline>
<dateline></dateline>
<text>
<p> Por Fernanda Pargana LISBOA, 29 Ago (Reuter) - O contrato de futuro sobre a taxa Lisbor a três meses, que arranca segunda-feira na Bolsa de Derivados do Porto (BDP), deverá ter mais liquidez que os actuais contratos, disseram analistas. </p>
<p> &quot;Acho que o contrato tem uma base de alcance ampla quer de clientela final quer de empresas industriais&quot;, disse Francisco Santos, responsável no Banco Chemical pelos mercados futuros. </p>
<p> &quot;Há algum optimismo, porque este futuro tem um subjacente relativamente forte que são os FRA (forward rate agreements)&quot;, disse António Pedro Azevedo, do Banco Mello Investimentos. </p>
<p> &quot;O montante mínimo normal no mercado cash é de um milhão e contos (MC) e nos FRA é de quatro MC. Como cada contrato de futuro sobre a Lisbor é de 100 mil contos, cada FRA que se faz são logo 40 contratos de futuro. Penso que vai ter mais liquidez que os dois contratos (de acções e obrigações) que já existem&quot;, disse um terceiro operador, que não quis ser identificado, de outro banco market-maker dos futuros sobre a Lisbor a 3 meses. </p>
<p> &quot;As vantagens que (os futuros sobre a Lisbor) trazem é porque é um mercado organizado, o risco de liquidez é menor e o risco de contrapartida é nulo&quot;, disse outro responsável de um grupo bancário, para esta área, que pediu anonimato. </p>
<p> &quot;O volume negociado por dia no mercado de FRA varia entre 50 milhões de contos (MC) e 70 MC. Se conseguirmos trazer para bolsa metade desse valor em um ou dois anos, e tendo em conta que, em média, as comissões cerca de metade das actuais, isso já era bom&quot;, disse uma fonte da BDP. </p>
<p> &quot;Estou optimista e penso que o mercado vai começar bem e pode arrancar com mais liquidez que os outros contratos. Mas a prazo penso que o volume negociado pode ser menor&quot;, disse José Carlos André, chief-dealer do Banco de Comércio e Indústria. </p>
<p> &quot;Considero que, para quem quer especular, os futuros sobre as OT e o PSI20 são mais atractivos, daí eu considerar que o volume possa diminuir um pouco&quot;, acrescentou. </p>
<p> Realçou ainda o facto de o volume em futuros de taxa de curto prazo em Espanha ser bastante menor que o das obrigações de longo prazo, ainda que o valor dos contratos sobre Mibor 3 meses seja cerca de 10 vezes superior ao dos sobre Bonos 10 anos. </p>
<p> Sobre os problemas que ainda existem, as fontes contactadas são relativamente unânimes em considerar que, quer a inexistência ainda do mercado de reportes quer a ausência de legislação para a intervenção do fundos de investimento no mercado de futuros inibem um maior desenvolvimento. </p>
<p> Acerca do papel dos não residentes, as opiniões divergem. </p>
<p> &quot;Penso que a adesão (dos não residentes) será boa porque tem a figura de market-maker instituída e têm os FRA e o mercado monetário como cobertura&quot;,disse o responsável do grupo bancário. </p>
<p> &quot;Os não residentes dão atenção a estes pormenores (não haver normas para os fundos de investimento e ausência de mercado de repo) e também ao volume e, se não virem volume, não se envolvem&quot;, considerou Pedro Azevedo. </p>
<p> Os vários responsáveis contactados destacaram a relevância deste novo instrumento para a gestão de tesouraria das empresas. </p>
<p> &quot;Qualquer gestor de tesouraria não deve ignorar este instrumento de cobertura de risco&quot;, disse uma das fontes. </p>
<p> Os market-makers dos futuros sobre a Lisbor a três meses são o Banco Português do Atlântico, Banco Chemical, Banco de Fomento e Exterior, Banco Espírito Santo, Banco Mello de Investimentos, Banco Nacional Ultramarino, Banco Português de Investimentos, Banco Totta e Açores e Caixa Geral de Depósitos. </p>
<p> A cotação dos futuros sobre a Lisbor, embora a taxa de referência seja a taxa Lisfra a três meses, tem como &quot;taxa de juro implícita o complementar para 100 do preço&quot;, segundo explicou um dealer. </p>
<p> Exemplificou que a cotação de um futuro para uma taxa de juro esperada de 7,15 pct é 92,85. </p>
<p> Tal como vem definido nas condições destes futuros, o último dia de transacção é dois dias úteis antes da terceira quarta-feira do mês do contrato. </p>
<p> A variação unitária (tick-value) é de 2.500 escudos, a margem é de 120 ticks ou 300.000 escudos por contrato e a variação máxima é de 40 ticks ou 100.000 escudos, sendo a amplitude máxima é de 80 ticks. </p>
<p> A 20 de Julho deste ano arrancou a Bolsa de Derivados do Porto, com contratos sobre os obigações do Tesouro a 10 anos e sobre o índice PSI de acções. </p>
<p> - Lisboa Editorial, 351-1-3113126. </p>
<p> (c) Reuters Limited 1996. </p></text>
<copyright>(c) Reuters Limited 1996</copyright>
<metadata>
<codes class="bip:countries:1.0">
<code code="fdoOgWldlY">
<editdetail action="confirmed" attribution="Reuters BIP Coding Group" date="1996-08-29"></editdetail></code>
<code code="gpFYvnznlY">
<editdetail action="confirmed" attribution="Reuters BIP Coding Group" date="1996-08-29"></editdetail></code>
<code code="qYlvmuyznv">
<editdetail action="confirmed" attribution="Reuters BIP Coding Group" date="1996-08-29"></editdetail></code></codes>
<codes class="bip:topics:1.0">
<code code="dtLayKviTI">
<editdetail action="confirmed" attribution="Reuters BIP Coding Group" date="1996-08-29"></editdetail></code>
<code code="WaeSmkGWTm">
<editdetail action="confirmed" attribution="Reuters BIP Coding Group" date="1996-08-29"></editdetail></code>
<code code="lnYYSmuNqz">
<editdetail action="confirmed" attribution="Reuters BIP Coding Group" date="1996-08-29"></editdetail></code>
<code code="UqBijpVQJL">
<editdetail action="confirmed" attribution="Reuters BIP Coding Group" date="1996-08-29"></editdetail></code></codes>
<dc element="dc.publisher" value="Reuters Holdings Plc"></dc>
<dc element="dc.datepublished" value="1996-08-29"></dc>
<dc element="dc.source" value="Reuters - Notícias em Português"></dc>
<dc element="dc.creator.location" value=""></dc>
<dc element="dc.creator.location.country.name" value=""></dc></metadata></newsitem>