<?xml version="1.0" encoding="UTF-8"?>

<newsitem date="1996-09-03" id="root" itemid="48625" xml:lang="pt">
<title></title>
<headline> ACÇÕES RECUPERAM FECHO COM NOVA IORQUE,FUTUROS CAEM. </headline>
<byline></byline>
<dateline></dateline>
<text>
<p> 1550 TMG - As acções do Contínuo recuperaram no fecho em sintonia com Nova Iorque, depois de terem caido com esta logo após a sua abertura. Destaque para BFE, Portugal Telecom (PT) e Semapa, que fechou num novo máximo do ano. Futuros sobre o PSI20 descem com pouca liquidez. Amanhã prevê-se uma sessão animada com os investidores a manterem o interesse em papéis que apresentam expectativas de bons resultados para o semestre. *Índice PSI-20 cai 0,05 pct para 4.720,08 pontos *BFE sobe 2 escudos para 2.553. Negociadas 328.354 *PT sobe 1 escudo p/ 4.070. Negociadas 119.607 *PT negoceia em Nova Iorque estável nos 26,5/8 dólares. </p>
<p> *Semapa sobe 67 escudos para 2.197.Negociadas 106.100 *Lusomundo sobe 111 escudos p/1.256.Negociadas 55.300 *Futuro PSI-20 Set/96 cai para 4.723 vs 4.730 ontem </p>
<p> - Paula Cordeiro, Lisboa Editorial, 351-1-3150035. (c) Reuters Limited 1996. </p></text>
<copyright>(c) Reuters Limited 1996</copyright>
<metadata>
<codes class="bip:countries:1.0">
<code code="hsnsSDgIAZ">
<editdetail action="confirmed" attribution="Reuters BIP Coding Group" date="1996-09-03"></editdetail></code>
<code code="WqzbNjkcPB">
<editdetail action="confirmed" attribution="Reuters BIP Coding Group" date="1996-09-03"></editdetail></code>
<code code="wOxtYYJdxK">
<editdetail action="confirmed" attribution="Reuters BIP Coding Group" date="1996-09-03"></editdetail></code></codes>
<codes class="bip:topics:1.0">
<code code="cPgZHJMtbi">
<editdetail action="confirmed" attribution="Reuters BIP Coding Group" date="1996-09-03"></editdetail></code>
<code code="GcMrmnknGy">
<editdetail action="confirmed" attribution="Reuters BIP Coding Group" date="1996-09-03"></editdetail></code></codes>
<dc element="dc.publisher" value="Reuters Holdings Plc"></dc>
<dc element="dc.datepublished" value="1996-09-03"></dc>
<dc element="dc.source" value="Reuters - Notícias em Português"></dc>
<dc element="dc.creator.location" value=""></dc>
<dc element="dc.creator.location.country.name" value=""></dc></metadata></newsitem>