<?xml version="1.0" encoding="UTF-8"?>

<newsitem date="1996-09-27" id="root" itemid="49323" xml:lang="pt">
<title></title>
<headline> ESCUDO FECHA GANHAR VS MARCO, NUMA SESSÃO CALMA. </headline>
<byline></byline>
<dateline></dateline>
<text>
<p> LISBOA, 27 Set (Reuter) - O escudo fechou a ganhar terreno contra o marco, após uma sessão calma e com pouco movimento, extensível às outras moedas. </p>
<p> Às 1543 TMG, o escudo cotava 101,67/72 por marco contra 101,752 na cotação indicativa do Banco de Portugal (BP) e 101,77/80 na abertura. </p>
<p> &quot;Só agora para o final da sessão é que houve alguma pressão vendedora de marcos, porque a sessão foi muito calma, aliás como lá fora&quot;, disse um dealer. </p>
<p> &quot;Uma maior apreciação do escudo e das outras europeias contra o marco está dependente do rumo que o dólar tomar&quot;, disse outro. </p>
<p> (c) Reuters Limited 1996. </p></text>
<copyright>(c) Reuters Limited 1996</copyright>
<metadata>
<codes class="bip:countries:1.0">
<code code="SKZhAmrGxf">
<editdetail action="confirmed" attribution="Reuters BIP Coding Group" date="1996-09-27"></editdetail></code>
<code code="kbUfvkInBX">
<editdetail action="confirmed" attribution="Reuters BIP Coding Group" date="1996-09-27"></editdetail></code>
<code code="AlfbLYftcL">
<editdetail action="confirmed" attribution="Reuters BIP Coding Group" date="1996-09-27"></editdetail></code></codes>
<codes class="bip:topics:1.0">
<code code="rjSAWnJHpk">
<editdetail action="confirmed" attribution="Reuters BIP Coding Group" date="1996-09-27"></editdetail></code>
<code code="HjQYARJEBi">
<editdetail action="confirmed" attribution="Reuters BIP Coding Group" date="1996-09-27"></editdetail></code>
<code code="uPkfPeyBIt">
<editdetail action="confirmed" attribution="Reuters BIP Coding Group" date="1996-09-27"></editdetail></code></codes>
<dc element="dc.publisher" value="Reuters Holdings Plc"></dc>
<dc element="dc.datepublished" value="1996-09-27"></dc>
<dc element="dc.source" value="Reuters - Notícias em Português"></dc>
<dc element="dc.creator.location" value=""></dc>
<dc element="dc.creator.location.country.name" value=""></dc></metadata></newsitem>