<?xml version="1.0" encoding="UTF-8"?>

<newsitem date="1996-09-26" id="root" itemid="49265" xml:lang="pt">
<title></title>
<headline> TAXAS A 10 ANOS BAIXAM PARA MÍNIMO DE SEMPRE. </headline>
<byline></byline>
<dateline></dateline>
<text>
<p> LISBOA 26 Set (Reuter) - A yield das OT/Fev/96/06 está nos 7,96 pct, o nível mínimo histórico, tendo caído dos oito pct, pela primeira vez, disseram dealers. </p>
<p> &quot;O mercado, apesar de ser maioritariamente de nacionais e de ainda não ter muita liquidez, levou o Futuro Dez/96 a subir aproximando-se dos 100 pontos e as taxas dos 10 anos caíram para um mínimo histórico abaixo dos oito pct&quot;, disse um director. </p>
<p> O Futuro de Dezembro de 1996 está a subir 0,49 pct para 99,98 pontos, estando o seu homólogo espanhol a apreciar-se 0,59 pct para 106,43 pontos. </p>
<p> As OT/Fev/06 está a negociar com uma yield de 7,96 pct, ou seja um spread de quatro basis points (bp) positivos para os Bonos/Jan/06 e um diferencial positivo de 190 bp para os Bund/Abr/06. </p>
<p> &quot;Esta força (dos Futuros e cash) está em linha com Espanha e deve-se ainda à aposta na convergência da nossa economia para a Moeda Única. Espera-se que os países do Sul da Europa apresentem Orçamento (para 1997) rigorosos e nós não somos excepção&quot;, referiu outro. </p>
<p> &quot;Nos 10 anos, os spreads positivos para Espanha, que temos agora, ajuda a aumentar o suporte deste segmento, apesar da tentação de realização de mais-valias&quot;, disse um dealer. </p></text>
<copyright>(c) Reuters Limited 1996</copyright>
<metadata>
<codes class="bip:countries:1.0">
<code code="OprhucSPoQ">
<editdetail action="confirmed" attribution="Reuters BIP Coding Group" date="1996-09-26"></editdetail></code>
<code code="rtcIGBpydm">
<editdetail action="confirmed" attribution="Reuters BIP Coding Group" date="1996-09-26"></editdetail></code>
<code code="KwqkQXwyrd">
<editdetail action="confirmed" attribution="Reuters BIP Coding Group" date="1996-09-26"></editdetail></code></codes>
<codes class="bip:topics:1.0">
<code code="xrBgmdNjWo">
<editdetail action="confirmed" attribution="Reuters BIP Coding Group" date="1996-09-26"></editdetail></code>
<code code="HINZmhdcKW">
<editdetail action="confirmed" attribution="Reuters BIP Coding Group" date="1996-09-26"></editdetail></code></codes>
<dc element="dc.publisher" value="Reuters Holdings Plc"></dc>
<dc element="dc.datepublished" value="1996-09-26"></dc>
<dc element="dc.source" value="Reuters - Notícias em Português"></dc>
<dc element="dc.creator.location" value=""></dc>
<dc element="dc.creator.location.country.name" value=""></dc></metadata></newsitem>