<?xml version="1.0" encoding="UTF-8"?>

<newsitem date="1996-08-23" id="root" itemid="48358" xml:lang="pt">
<title></title>
<headline> FUTURO SET/96 ABRE CAIR 0,07 PONTOS PARA 95,80. </headline>
<byline></byline>
<dateline></dateline>
<text>
<p> *Futuro Set/96 cai 0,07 pontos para 95,80 </p>
<p> *Futuro Bono Set96 cai 0,11 pontos para 101,10 </p>
<p> *BP não anúncia cedência MMI, condições próximo às 1315 TMG </p>
<p> *Dólar 152,90 escudos contra 152,960 fixing ontem BP. </p>
<p> - Lisboa Editorial, 351-1-3150035 *Os utilizadores de Reuter Terminal devem fazer duplo click em:. </p>
<p> (c) Reuters Limited 1996. </p></text>
<copyright>(c) Reuters Limited 1996</copyright>
<metadata>
<codes class="bip:countries:1.0">
<code code="ljYFgJHCDE">
<editdetail action="confirmed" attribution="Reuters BIP Coding Group" date="1996-08-23"></editdetail></code>
<code code="otjJVecHEO">
<editdetail action="confirmed" attribution="Reuters BIP Coding Group" date="1996-08-23"></editdetail></code>
<code code="cPZAwSMhte">
<editdetail action="confirmed" attribution="Reuters BIP Coding Group" date="1996-08-23"></editdetail></code></codes>
<codes class="bip:topics:1.0">
<code code="OAWvxAKjau">
<editdetail action="confirmed" attribution="Reuters BIP Coding Group" date="1996-08-23"></editdetail></code>
<code code="vZKoPttlwu">
<editdetail action="confirmed" attribution="Reuters BIP Coding Group" date="1996-08-23"></editdetail></code></codes>
<dc element="dc.publisher" value="Reuters Holdings Plc"></dc>
<dc element="dc.datepublished" value="1996-08-23"></dc>
<dc element="dc.source" value="Reuters - Notícias em Português"></dc>
<dc element="dc.creator.location" value=""></dc>
<dc element="dc.creator.location.country.name" value=""></dc></metadata></newsitem>