<?xml version="1.0" encoding="UTF-8"?>

<newsitem date="1996-10-10" id="root" itemid="49642" xml:lang="pt">
<title></title>
<headline> ORÇAMENTO 1997 ENTREGUE DIA 15 NA AR - FINANÇAS. </headline>
<byline></byline>
<dateline></dateline>
<text>
<p> LISBOA, 10 Out (Reuter) - A proposta do Orçamento de Estado para 1997 será formalmente entregue na Assembleia da República (AR) no próximo dia 15, terça-feira, a data limite do prazo legal para o efeito, segundo disse fonte oficial. </p>
<p> Hoje, em Conselho de Ministros, o documento será discutido e aprovado na generalidade e amanhã, pelas 1000 horas, começa a audição aos grupos parlamentares na AR, aos quais será entregue um resumo da proposta de OE hoje aprovada. </p>
<p> Amanhã na AR estarão o ministro das Finanças, António Sousa Franco, e a secretária de Estado do Orçamento, Manuela Arcanjo. </p>
<p> Na segunda-feira, em Conselho de Ministros extraordinário a decorrer no final do dia, será aprovado o documento a entregar no dia seguinte na AR, disse a mesma fonte. </p>
<p> Segundo fonte do Conselho Económico e Social (CES), na segunda-feira de manhã, pelas 1000 horas, em sessão plenária, este órgão irá aprovar o seu parecer sobre as Grandes Opções do Plano (GOP), o qual é, legalmente, um documento necessário para integrar o processo do Orçamento para o próximo ano. </p>
<p> O parecer do CES é legalmente obrigatório mas não é vinculativo. </p>
<p> - Fernanda Pargana, Lisboa Editorial, 351-1-3113126. </p>
<p> (c) Reuters Limited 1996. </p></text>
<copyright>(c) Reuters Limited 1996</copyright>
<metadata>
<codes class="bip:countries:1.0">
<code code="tiTqmPYqMc">
<editdetail action="confirmed" attribution="Reuters BIP Coding Group" date="1996-10-10"></editdetail></code>
<code code="FobDYLStbu">
<editdetail action="confirmed" attribution="Reuters BIP Coding Group" date="1996-10-10"></editdetail></code>
<code code="WafZMjWuDc">
<editdetail action="confirmed" attribution="Reuters BIP Coding Group" date="1996-10-10"></editdetail></code></codes>
<codes class="bip:topics:1.0">
<code code="rUiVzincZY">
<editdetail action="confirmed" attribution="Reuters BIP Coding Group" date="1996-10-10"></editdetail></code>
<code code="zTSwIpMylI">
<editdetail action="confirmed" attribution="Reuters BIP Coding Group" date="1996-10-10"></editdetail></code>
<code code="WssaaJciwo">
<editdetail action="confirmed" attribution="Reuters BIP Coding Group" date="1996-10-10"></editdetail></code></codes>
<dc element="dc.publisher" value="Reuters Holdings Plc"></dc>
<dc element="dc.datepublished" value="1996-10-10"></dc>
<dc element="dc.source" value="Reuters - Notícias em Português"></dc>
<dc element="dc.creator.location" value=""></dc>
<dc element="dc.creator.location.country.name" value=""></dc></metadata></newsitem>