<?xml version="1.0" encoding="UTF-8"?>

<newsitem date="1996-09-25" id="root" itemid="49233" xml:lang="pt">
<title></title>
<headline> FUTURO LISBOR 3 MESES DEZ/96 ABRE A 93,12 VS 93,11. </headline>
<byline></byline>
<dateline></dateline>
<text>
<p> *Futuro Lisbor 3 meses Dez/96 abre 93,12 vs 93,11 </p>
<p> *Dólar 1,5063/68 marcos vs 1,5115/20 no fecho Europa ontem </p>
<p> *BP cede até 10 MC, 1 dia, em leilão e absorve a 6,8% </p>
<p> *Reserva Federal dos Estados Unidos mantém taxas </p>
<p> *BP anuncia 1315 TMG condições cedência MMI próximo período </p>
<p> - Lisboa Editorial, 351-1-311.31.26 </p>
<p> (c) Reuters Limited 1996. </p></text>
<copyright>(c) Reuters Limited 1996</copyright>
<metadata>
<codes class="bip:countries:1.0">
<code code="dFIJmwhgcw">
<editdetail action="confirmed" attribution="Reuters BIP Coding Group" date="1996-09-25"></editdetail></code>
<code code="lGZSobmqJI">
<editdetail action="confirmed" attribution="Reuters BIP Coding Group" date="1996-09-25"></editdetail></code>
<code code="AbfjatOOau">
<editdetail action="confirmed" attribution="Reuters BIP Coding Group" date="1996-09-25"></editdetail></code></codes>
<codes class="bip:topics:1.0">
<code code="EUVukRQZbz">
<editdetail action="confirmed" attribution="Reuters BIP Coding Group" date="1996-09-25"></editdetail></code>
<code code="oFAwwlPqUe">
<editdetail action="confirmed" attribution="Reuters BIP Coding Group" date="1996-09-25"></editdetail></code>
<code code="aeIUERMsGj">
<editdetail action="confirmed" attribution="Reuters BIP Coding Group" date="1996-09-25"></editdetail></code></codes>
<dc element="dc.publisher" value="Reuters Holdings Plc"></dc>
<dc element="dc.datepublished" value="1996-09-25"></dc>
<dc element="dc.source" value="Reuters - Notícias em Português"></dc>
<dc element="dc.creator.location" value=""></dc>
<dc element="dc.creator.location.country.name" value=""></dc></metadata></newsitem>