<?xml version="1.0" encoding="UTF-8"?>

<newsitem date="1996-10-24" id="root" itemid="50019" xml:lang="pt">
<title></title>
<headline> ACÇÕES ABREM CALMAS, DESTAQUE LUSOMUNDO E BANCA. </headline>
<byline></byline>
<dateline></dateline>
<text>
<p> As acções do Contínuo abriram pouco líquidas e as cotações mistas, denotando-se alguma animação no sector da banca, pelas perspectivas de bons resultados para o terceiro trimestre de 1996, afirmaram dealers. Destaque para a Lusomundo-SGPS - preferenciais sem voto -, BPI e BESCL. *Índice PSI-20 (.PSI20)cai 0,03 pontos para 4.763,62 pontos *Futuro PSI20 Nov96 (PSI20X6)cai p/ 4.792 pontos vs 4.795 *Lusomundo-SGPS pref. sobe 56 esc p/1.410. Negociadas 138.900 *BPI-SGPS sobe 12 escudos para 1.835. Negociadas 102.900 . </p>
<p> As acções da Portugal Telecom (PT) estão a cair 30 escudos para 3.975 escudos com 47.306 papéis negociados. </p>
<p> Dealers afirmaram que a fraqueza da PT volta a estar relacionada com a operação de venda da Deutsche Telecom, que também tem afectado a negociação em Nova Iorque. </p>
<p> Ontem, em Nova Iorque, a PT fechou a cair 25,3/4 dólares (3.953 escudos). </p>
<p> - Paula Cordeiro, Lisboa Editorial, 351-1-3150035. </p>
<p> (c) Reuters Limited 1996. </p></text>
<copyright>(c) Reuters Limited 1996</copyright>
<metadata>
<codes class="bip:countries:1.0">
<code code="JGaKKYeYgA">
<editdetail action="confirmed" attribution="Reuters BIP Coding Group" date="1996-10-24"></editdetail></code>
<code code="KkyKbddxsQ">
<editdetail action="confirmed" attribution="Reuters BIP Coding Group" date="1996-10-24"></editdetail></code>
<code code="dhfMSGKTBJ">
<editdetail action="confirmed" attribution="Reuters BIP Coding Group" date="1996-10-24"></editdetail></code></codes>
<codes class="bip:topics:1.0">
<code code="sNqboLLOCY">
<editdetail action="confirmed" attribution="Reuters BIP Coding Group" date="1996-10-24"></editdetail></code>
<code code="HFnyIqGuVI">
<editdetail action="confirmed" attribution="Reuters BIP Coding Group" date="1996-10-24"></editdetail></code></codes>
<dc element="dc.publisher" value="Reuters Holdings Plc"></dc>
<dc element="dc.datepublished" value="1996-10-24"></dc>
<dc element="dc.source" value="Reuters - Notícias em Português"></dc>
<dc element="dc.creator.location" value=""></dc>
<dc element="dc.creator.location.country.name" value=""></dc></metadata></newsitem>