<?xml version="1.0" encoding="UTF-8"?>

<newsitem date="1996-10-16" id="root" itemid="49834" xml:lang="pt">
<title></title>
<headline> RESUMO TRANSACÇÕES NO MERCADO CONTÍNUO - (PDNX). </headline>
<byline></byline>
<dateline></dateline>
<text>
<p>     LISBOA, 16 Out (Reuter) - Transacções no Contínuo (números </p>
<p> da sessão anterior entre parentesis): (MC=milhões de contos). </p>
<p>         Quantidade     Valor </p>
<p> Mercado Contínuo Acções 2.381.540(1.354.960) 5,871 MC( 3,868 MC) </p>
<p>        OT  918.159(  882.725) 9,697 MC( 9,293 MC) Futuros OT-10     2.811(    2.235)28,667 MC(22,920 MC) Futuros PSI20       985(  35) 0,473 MC( 0,017 MC) Índices  Oficial BVL (.BVLG)     1.085,12    - 0,21 pct     BVL30  (.BVL30)    2.005,52    - 0,19 pct     PSI-20 (.PSI20)    4.779,28    - 0,21 pct     ORF(TRM 7,1631 vs 7,1270 pct)   109,05    - 0,10 pct     FPI (Fincor Privatisation)    1.125,61    - 0,21 pct     ----Lisboa Editorial,1.1.31131211. </p>
<p> (c) Reuters Limited 1996. </p></text>
<copyright>(c) Reuters Limited 1996</copyright>
<metadata>
<codes class="bip:countries:1.0">
<code code="cwnGZvHOVk">
<editdetail action="confirmed" attribution="Reuters BIP Coding Group" date="1996-10-16"></editdetail></code>
<code code="dfwOIindgD">
<editdetail action="confirmed" attribution="Reuters BIP Coding Group" date="1996-10-16"></editdetail></code>
<code code="XftPcsntra">
<editdetail action="confirmed" attribution="Reuters BIP Coding Group" date="1996-10-16"></editdetail></code></codes>
<codes class="bip:topics:1.0">
<code code="UNcjXKxmvR">
<editdetail action="confirmed" attribution="Reuters BIP Coding Group" date="1996-10-16"></editdetail></code>
<code code="igVncGEHaw">
<editdetail action="confirmed" attribution="Reuters BIP Coding Group" date="1996-10-16"></editdetail></code></codes>
<dc element="dc.publisher" value="Reuters Holdings Plc"></dc>
<dc element="dc.datepublished" value="1996-10-16"></dc>
<dc element="dc.source" value="Reuters - Notícias em Português"></dc>
<dc element="dc.creator.location" value=""></dc>
<dc element="dc.creator.location.country.name" value=""></dc></metadata></newsitem>