<?xml version="1.0" encoding="UTF-8"?>

<newsitem date="1996-09-25" id="root" itemid="49220" xml:lang="pt">
<title></title>
<headline> ACÇÕES FECHAM CALMAS, PODE SUBIR COM FIM TRIMESTRE. </headline>
<byline></byline>
<dateline></dateline>
<text>
<p> As acções do Contínuo fecharam sem fortes oscilações e a liquidez no cash a somar 3,3 milhões de contos (MC), destacando-se a Tertir, Portugal Telecom (PT) e Inapa. Amanhã as cotações podem mostrar tendência de subida em preparação para o fecho do mês e do trimestre. Subida dos Futuros PSI evidencia optimismo quanto à evolução do mercado. *Índice PSI-20 sobe 0,04 pct para 4.754,69 pontos *Tertir sobe 119 escudos para 799. Negociadas 176.700 *PT cai 25 escudos para 4.045. Negociadas 161.185 *Inapa sobe 50 escudos para 2.900. Negociadas 131.930 *Futuro PSI-20 Out/96 sobe p/ 4.805 vs 4.804 ontem. </p>
<p> - Paula Cordeiro, Lisboa Editorial, 351-1-3150035. (c) Reuters Limited 1996. </p></text>
<copyright>(c) Reuters Limited 1996</copyright>
<metadata>
<codes class="bip:countries:1.0">
<code code="IKbQLqsGFX">
<editdetail action="confirmed" attribution="Reuters BIP Coding Group" date="1996-09-25"></editdetail></code>
<code code="aASjPcVGfx">
<editdetail action="confirmed" attribution="Reuters BIP Coding Group" date="1996-09-25"></editdetail></code>
<code code="VJjXnKprxw">
<editdetail action="confirmed" attribution="Reuters BIP Coding Group" date="1996-09-25"></editdetail></code></codes>
<codes class="bip:topics:1.0">
<code code="DuhvSXUyzV">
<editdetail action="confirmed" attribution="Reuters BIP Coding Group" date="1996-09-25"></editdetail></code>
<code code="XdIWDKprOE">
<editdetail action="confirmed" attribution="Reuters BIP Coding Group" date="1996-09-25"></editdetail></code></codes>
<dc element="dc.publisher" value="Reuters Holdings Plc"></dc>
<dc element="dc.datepublished" value="1996-09-25"></dc>
<dc element="dc.source" value="Reuters - Notícias em Português"></dc>
<dc element="dc.creator.location" value=""></dc>
<dc element="dc.creator.location.country.name" value=""></dc></metadata></newsitem>