<?xml version="1.0" encoding="UTF-8"?>

<newsitem date="1996-10-04" id="root" itemid="49517" xml:lang="pt">
<title></title>
<headline> RESUMO TRANSACÇÕES NO MERCADO CONTÍNUO. </headline>
<byline></byline>
<dateline></dateline>
<text>
<p>     LISBOA, 4 Out (Reuter) - Transacções no Contínuo (números da </p>
<p> sessão anterior entre parentesis): (MC=milhões de contos). </p>
<p>         Quantidade     Valor </p>
<p> Mercado Contínuo Acções 1.371.878(1.807.632) 2,396 MC( 4,275 MC) </p>
<p>        OT     1.157.699(1.592.258)12,633 MC(17,103 MC) Futuros OT-10     1.184(    1.752)12,038 MC(17,856 MC) Futuros PSI20       312( 175) 0,151 MC( 0,084 MC) Índices  Oficial BVL      1.082,33    + 0,12 pct     BVL30      2.003,47    + 0,16 pct     PSI-20     4.777,34    + 0,12 pct     ORF(TRM 7,5591 vs 7,5588 pct)   107,82 0,00 pct     FPI (Fincor Privatisation)    1.125,12    + 0,08 pct     ----Lisboa Editorial,1.1.31131211. </p>
<p> (c) Reuters Limited 1996. </p></text>
<copyright>(c) Reuters Limited 1996</copyright>
<metadata>
<codes class="bip:countries:1.0">
<code code="xWLRLMfaCo">
<editdetail action="confirmed" attribution="Reuters BIP Coding Group" date="1996-10-04"></editdetail></code>
<code code="ahMNhkRfbV">
<editdetail action="confirmed" attribution="Reuters BIP Coding Group" date="1996-10-04"></editdetail></code>
<code code="filsMGrHuh">
<editdetail action="confirmed" attribution="Reuters BIP Coding Group" date="1996-10-04"></editdetail></code></codes>
<codes class="bip:topics:1.0">
<code code="coCYRWGpCg">
<editdetail action="confirmed" attribution="Reuters BIP Coding Group" date="1996-10-04"></editdetail></code>
<code code="QGeSJogBhO">
<editdetail action="confirmed" attribution="Reuters BIP Coding Group" date="1996-10-04"></editdetail></code></codes>
<dc element="dc.publisher" value="Reuters Holdings Plc"></dc>
<dc element="dc.datepublished" value="1996-10-04"></dc>
<dc element="dc.source" value="Reuters - Notícias em Português"></dc>
<dc element="dc.creator.location" value=""></dc>
<dc element="dc.creator.location.country.name" value=""></dc></metadata></newsitem>