<?xml version="1.0" encoding="UTF-8"?>

<newsitem date="1996-10-31" id="root" itemid="50227" xml:lang="pt">
<title></title>
<headline> MONETÁRIO FECHA CALMO, POSSÍVEL CORTE ABSORÇÃO. </headline>
<byline></byline>
<dateline></dateline>
<text>
<p> O mercado monetário do escudo fechou calmo, depois de um sessão sem destaques. A expectativa vai para o impacto da entrada, segunda-feira, de 311,146 milhões e contos de vencimentos de Títulos de Depósito, assim como alguns dealers esperam uma descida da taxa de absorção do BP no mesmo dia. * o/n e tom/next em 7,05/7,10 pct, semelhante à abertura * Prazo 30 dias em 6,95/7,00 pct, o mesmo da manhã * Leilão segunda-feira 15 MC BT 182 dias, antes rateio 6,58 pct * BP cede 68,531 MC a 5 dias a 7,0%, absorve 15,730 MC a 6,8% * BP baixa remuneração Títulos Depósito 0,40 pontos para 6,30% </p>
<p> Os Títulos de Depósito resultaram da titulação da liquidez libertada com a redução do coeficente de reservas do Banco de Portugal de 17 pct para 2,0 pct, no início de Novembro de 1994. </p>
<p> Vencem com data de segunda-feira 311,146 milhões de contos de TD, correspondentes a uma parte desse montante &apos;congelado&apos;. </p>
<p> Estes títulos são cerca de metade da parcela de TD que não tinha remuneração e correspondente a perto de 35 pct do montante &apos;secado&apos; com a emissão de TD pelo Banco de Portugal. </p>
<p> Os restantes 65 pct eram remunerados a 6,70 pct e passam a partir de segunda-feira a sê-lo a 6,30 pct. A fixação desta taxa pelo BP é trimestral. </p>
<p> No fecho, os três meses estavam em 6,80/6,85 pct, os seis meses em 6,69/6,72 pct e o ano em 6,66/6,70 pct. </p>
<p> - Fernanda Pargana, Lisboa Editorial, 351-1-311.31.26 </p>
<p> (c) Reuters Limited 1996. </p></text>
<copyright>(c) Reuters Limited 1996</copyright>
<metadata>
<codes class="bip:countries:1.0">
<code code="aXMmrFKDik">
<editdetail action="confirmed" attribution="Reuters BIP Coding Group" date="1996-10-31"></editdetail></code>
<code code="NkjOQLQbjs">
<editdetail action="confirmed" attribution="Reuters BIP Coding Group" date="1996-10-31"></editdetail></code>
<code code="tETqxqFMMC">
<editdetail action="confirmed" attribution="Reuters BIP Coding Group" date="1996-10-31"></editdetail></code></codes>
<codes class="bip:topics:1.0">
<code code="DvjoJRSIjy">
<editdetail action="confirmed" attribution="Reuters BIP Coding Group" date="1996-10-31"></editdetail></code>
<code code="hWwdMYfvSE">
<editdetail action="confirmed" attribution="Reuters BIP Coding Group" date="1996-10-31"></editdetail></code>
<code code="wBeJSKJJQc">
<editdetail action="confirmed" attribution="Reuters BIP Coding Group" date="1996-10-31"></editdetail></code>
<code code="kvMmlPdFva">
<editdetail action="confirmed" attribution="Reuters BIP Coding Group" date="1996-10-31"></editdetail></code></codes>
<dc element="dc.publisher" value="Reuters Holdings Plc"></dc>
<dc element="dc.datepublished" value="1996-10-31"></dc>
<dc element="dc.source" value="Reuters - Notícias em Português"></dc>
<dc element="dc.creator.location" value=""></dc>
<dc element="dc.creator.location.country.name" value=""></dc></metadata></newsitem>