<?xml version="1.0" encoding="UTF-8"?>

<newsitem date="1996-08-26" id="root" itemid="48403" xml:lang="pt">
<title></title>
<headline> ESCUDO ABRE CAIR VS MARCO, SOLIDÁRIO COM EUROPEIAS. </headline>
<byline></byline>
<dateline></dateline>
<text>
<p> LISBOA, 26 Ago (Reuter) - O escudo abriu a perder terreno contra o marco, num movimento em sintonia com as restantes moedas europeias. </p>
<p> O escudo abriu 102,52/55 por marco contra 102,46/51 no fecho de sexta. Às 0853 TMG, o escudo cotava 102,60/62 por marco. </p>
<p> &quot;O mercado está muito calmo, até porque temos o feriado em Londres, mas o escudo está a cair contra o marco, a acompanhar as europeias&quot;, disse um dealer que não quis ser identificado. </p>
<p> &quot;O escudo poderá continuar a perder terreno, não por vontade própria, porque não há clientela, mas a acompanhar o franco francês e a peseta, afectadas pelo dólar&quot;, disse outro. </p>
<p> (c) Reuters Limited 1996. </p></text>
<copyright>(c) Reuters Limited 1996</copyright>
<metadata>
<codes class="bip:countries:1.0">
<code code="UpFfHnhiqY">
<editdetail action="confirmed" attribution="Reuters BIP Coding Group" date="1996-08-26"></editdetail></code>
<code code="RNkaToLIKc">
<editdetail action="confirmed" attribution="Reuters BIP Coding Group" date="1996-08-26"></editdetail></code>
<code code="FMTmBBTsmb">
<editdetail action="confirmed" attribution="Reuters BIP Coding Group" date="1996-08-26"></editdetail></code></codes>
<codes class="bip:topics:1.0">
<code code="ieOhCWXPJt">
<editdetail action="confirmed" attribution="Reuters BIP Coding Group" date="1996-08-26"></editdetail></code>
<code code="blMtRzfBrG">
<editdetail action="confirmed" attribution="Reuters BIP Coding Group" date="1996-08-26"></editdetail></code>
<code code="siAaWpyrgy">
<editdetail action="confirmed" attribution="Reuters BIP Coding Group" date="1996-08-26"></editdetail></code></codes>
<dc element="dc.publisher" value="Reuters Holdings Plc"></dc>
<dc element="dc.datepublished" value="1996-08-26"></dc>
<dc element="dc.source" value="Reuters - Notícias em Português"></dc>
<dc element="dc.creator.location" value=""></dc>
<dc element="dc.creator.location.country.name" value=""></dc></metadata></newsitem>