<?xml version="1.0" encoding="UTF-8"?>

<newsitem date="1996-09-06" id="root" itemid="48705" xml:lang="pt">
<title></title>
<headline> MONETÁRIO ABRE MAIS LÍQUIDO, PRAZOS C/QUEDA LIGEIRA. </headline>
<byline></byline>
<dateline></dateline>
<text>
<p> LISBOA, 6 Set (Reuter) - O mercado monetário do escudo abriu calmo, com mais alguma liquidez no curto prazo e com as maturidades mais longas com uma ligeira tendência de baixa. </p>
<p> &quot;O mercado está a cair um pouco porque há oferta no curto prazo, e os (prazos) mais longos estão a fazer-se um pouco mais abaixo&quot;, disse um operador. </p>
<p> O mercado de futuros sobre a Lisbor ainda não abriu. </p>
<p> &quot;O mercado de futuros é mais sensível à envolvente do que o &apos;cash&apos;. Como não se sabe o impacto que os indicadores económicos vão ter sobre as taxas americanas, justifica-se a retração, porque se fala de uma possível subida de taxas&quot;, disse outro. </p>
<p> O vencimento Dezembro/96 efectuou entretanto 40 contratos a cair 0,01 pontos para 92,96. </p>
<p> Nos prazos mais longos do mercado &apos;cash&apos;, os três meses estão em 7,17/7,20 pct, cerca de trrês basis points abaixo de ontem. </p>
<p> Os seis meses estão em 7,13/7,18 pct e o ano em 7,13/7,16 pct, marginalmente abaixo de ontem à tarde. </p>
<p> - Fernanda Pargana, Lisboa Editorial, 351-1-311.31.26 </p>
<p> (c) Reuters Limited 1996. </p></text>
<copyright>(c) Reuters Limited 1996</copyright>
<metadata>
<codes class="bip:countries:1.0">
<code code="wBTzzffNtW">
<editdetail action="confirmed" attribution="Reuters BIP Coding Group" date="1996-09-06"></editdetail></code>
<code code="FUcZGvOWXe">
<editdetail action="confirmed" attribution="Reuters BIP Coding Group" date="1996-09-06"></editdetail></code>
<code code="OMOLgjgGkE">
<editdetail action="confirmed" attribution="Reuters BIP Coding Group" date="1996-09-06"></editdetail></code></codes>
<codes class="bip:topics:1.0">
<code code="rJJbqaxmIV">
<editdetail action="confirmed" attribution="Reuters BIP Coding Group" date="1996-09-06"></editdetail></code>
<code code="XXvetgbknc">
<editdetail action="confirmed" attribution="Reuters BIP Coding Group" date="1996-09-06"></editdetail></code>
<code code="zQSVCHaYEP">
<editdetail action="confirmed" attribution="Reuters BIP Coding Group" date="1996-09-06"></editdetail></code></codes>
<dc element="dc.publisher" value="Reuters Holdings Plc"></dc>
<dc element="dc.datepublished" value="1996-09-06"></dc>
<dc element="dc.source" value="Reuters - Notícias em Português"></dc>
<dc element="dc.creator.location" value=""></dc>
<dc element="dc.creator.location.country.name" value=""></dc></metadata></newsitem>