<?xml version="1.0" encoding="UTF-8"?>

<newsitem date="1996-09-30" id="root" itemid="49358" xml:lang="pt">
<title></title>
<headline> ACÇÕES SEGUEM CALMAS, FUTUROS PSI20 INTERROMPIDOS. </headline>
<byline></byline>
<dateline></dateline>
<text>
<p> LISBOA, 30 Set (Reuter) - As acções do Contínuo seguiam calmas na meia sessão e a liquidez a somar pouco mais de um milhão de contos com operadores a afirmarem que, apesar de ser fim do mês e do trimestre, não se denota tendência para puxar os preços. </p>
<p> &quot;O mercado está muito calmo e deve ficar assim até ao final da sessão&quot;, afirmou um operador. </p>
<p> &quot;Há um interesse pontual em certos papéis, mas nada de muito relevante&quot;, disse outro. </p>
<p> As acções do Banco Totta &amp; Açores (BTA) que, na sexta-feira foram penalizadas, estão hoje mais positivas a subirem 1,4 pct. </p>
<p> &quot;É natural que até ao fecho se denote uma recuperação das cotações dos mínimos do dia, mas a força do mercado não é muita para um fecho do trimestre&quot;, disse outro dealer. </p>
<p> - Paula Cordeiro, Lisboa Editorial, 351-1-3150035. (c) Reuters Limited 1996. </p></text>
<copyright>(c) Reuters Limited 1996</copyright>
<metadata>
<codes class="bip:countries:1.0">
<code code="oErXZvyLcz">
<editdetail action="confirmed" attribution="Reuters BIP Coding Group" date="1996-09-30"></editdetail></code>
<code code="kSHyZjhouZ">
<editdetail action="confirmed" attribution="Reuters BIP Coding Group" date="1996-09-30"></editdetail></code>
<code code="IBWqUuDEqA">
<editdetail action="confirmed" attribution="Reuters BIP Coding Group" date="1996-09-30"></editdetail></code></codes>
<codes class="bip:topics:1.0">
<code code="AsQWnXjiFp">
<editdetail action="confirmed" attribution="Reuters BIP Coding Group" date="1996-09-30"></editdetail></code>
<code code="DxIIgVsUNQ">
<editdetail action="confirmed" attribution="Reuters BIP Coding Group" date="1996-09-30"></editdetail></code></codes>
<dc element="dc.publisher" value="Reuters Holdings Plc"></dc>
<dc element="dc.datepublished" value="1996-09-30"></dc>
<dc element="dc.source" value="Reuters - Notícias em Português"></dc>
<dc element="dc.creator.location" value=""></dc>
<dc element="dc.creator.location.country.name" value=""></dc></metadata></newsitem>