<?xml version="1.0" encoding="UTF-8"?>

<newsitem date="1996-10-18" id="root" itemid="49890" xml:lang="pt">
<title></title>
<headline> DIFERENÇAS PIB NÃO AFECTAM CONVERGÊNCIA - FINANÇAS. </headline>
<byline></byline>
<dateline></dateline>
<text>
<p> Por Fernanda Pargana LISBOA, 18 Out (Reuter) - As diferenças no Produto Interno Bruto entre o Ministério das Finanças e o Instituto Nacional de Estatística (INE) não afectam o critério do défice para a moeda única, disse o director do Gabinete de Estudos das Finanças. </p>
<p> &quot;A diferença (entre o PIB do INE e das Finanças) dá um agravamento do défice (em percentagem do PIB) de 0,1 pontos percentuais e portanto não compromete o critério de convergência de Maastricht (em 1997)&quot;, afirmou, à Reuters, Emanuel Santos. </p>
<p> O défice previsto pelo Governo para 1997 é de 2,9 pct do PIB e o máximo definido para a moeda única é de 3,0 pct. </p>
<p> Afirmou que o valor do PIB a preços correntes em 1997 da proposta de Orçamento de Estado é de 17.669 milhões de contos (MC) e, sendo o défice previsto, na óptica das contas nacionais, de 512,8 MC, o valor em percentagem do PIB é de 2,90 pct. </p>
<p> O INE não faz previsões, e o último valor do PIB conhecido é para 1995, o qual, segundo uma primeira estimativa que foi enviada para os serviços da Comissão Europeia, ascende a 15.073 MC. </p>
<p> Para 1995, o valor do PIB a preços correntes utilizado pelo Ministério das Finanças foi de 15.576 MC, o que dá um diferencial, em 1995, para o valor do INE, de 503 MC. </p>
<p> Emanuel Santos explicou que o diferencial das estimativas do INE vem apenas de 1995, devido a alterações realizadas pelo INE mas sobre as quais tanto as Finanças como o Banco de Portugal mantêm reservas. </p>
<p> Se o diferencial de 503 MC for subtraído do PIB de 1997 das Finanças, o valor apurado é de 17.166 MC. Utilizando este PIB, o rácio com o défice orçamental de 512,8 MC fica em 2,99 pct, ou seja abaixo dos 3 pct de Maastricht. Este responsável disse que o diferencial, todavia, era da ordem de pouco mais de 400 MC. </p>
<p> Disse ainda que as principais dúvidas que subsistem sobre as alterações no PIB têm que ver com a actividade da construção. </p>
<p> Acrescentou que foi criado um grupo de trabalho para estudar a questão e confirmou que esteve recentemente em Portugal uma delegação de técnicos do Eurostat, que tratou também de averiguar sobre estas diferenças do PIB, embora só produzam um relatório posteriormente. </p>
<p> &quot;As Finanças teriam até todo o interesse em que o PIB fosse mais baixo, nomeadamente para efeitos de contribuições para a União Europeia&quot;, disse Emanuel Santos. </p>
<p> &quot;Mas quando o INE fez a revisão do PIB em Outubro de 1995 a questão foi discutida no Conselho Superior de Estatística e houve duas entidades a levantar reservas, o Banco de Portugal e o Ministério das Finanças&quot;, referiu. </p>
<p> Disse que as reservas do Banco de Portugal eram sobre a avaliação do valor acrescentado bruto (VAB) da construção e sobre a Balança de Pagamentos, mas este segundo está resolvido. </p>
<p> Em relação ao primeiro, &quot;o Conselho Superior de Estatística tem dúvidas, tecnicamente não conseguimos explicação, o INE está a fazer novos inquéritos...&quot;, acrescentou. </p>
<p> Em 1995, o valor do PIB a preços correntes utilizado pelas Finanças foi de 15.576 MC, em 1996 foi de 16.610 MC e em 1997 de 17.669 MC. </p>
<p> Emanuel Santos disse também que as discrepâncias começaram em 1995, uma vez que em 1994 o valor do PIB utilizado pelas Finanças e pelo INE era o mesmo. </p>
<p> - Lisboa Editorial, 351-1-3113126. </p>
<p> (c) Reuters Limited 1996. </p></text>
<copyright>(c) Reuters Limited 1996</copyright>
<metadata>
<codes class="bip:countries:1.0">
<code code="oMOXVZPVnB">
<editdetail action="confirmed" attribution="Reuters BIP Coding Group" date="1996-10-18"></editdetail></code>
<code code="krJFaAIrcj">
<editdetail action="confirmed" attribution="Reuters BIP Coding Group" date="1996-10-18"></editdetail></code>
<code code="ufYyPqDFdK">
<editdetail action="confirmed" attribution="Reuters BIP Coding Group" date="1996-10-18"></editdetail></code></codes>
<codes class="bip:topics:1.0">
<code code="qAQjdXEMYk">
<editdetail action="confirmed" attribution="Reuters BIP Coding Group" date="1996-10-18"></editdetail></code>
<code code="qkxFCROBNZ">
<editdetail action="confirmed" attribution="Reuters BIP Coding Group" date="1996-10-18"></editdetail></code></codes>
<dc element="dc.publisher" value="Reuters Holdings Plc"></dc>
<dc element="dc.datepublished" value="1996-10-18"></dc>
<dc element="dc.source" value="Reuters - Notícias em Português"></dc>
<dc element="dc.creator.location" value=""></dc>
<dc element="dc.creator.location.country.name" value=""></dc></metadata></newsitem>