<?xml version="1.0" encoding="UTF-8"?>

<newsitem date="1996-09-18" id="root" itemid="49022" xml:lang="pt">
<title></title>
<headline> ESCUDO ABRE FORTE VS MARCO E PROCURA NOVOS GANHOS. </headline>
<byline></byline>
<dateline></dateline>
<text>
<p> LISBOA, 18 Set (Reuter) - O escudo abriu forte contra o marco e com vontade de voltar a quebrar o nível psicológico de 102,00 por marco, à semelhança do que ontem aconteceu, a seguir os movimentos do dólar e das restantes moedas europeias. </p>
<p> O escudo abriu 102,00/05 por marco contra 101,92/02 no fecho de ontem. Às 0845 TMG, o escudo cotava 101,98/01 por marco. </p>
<p> &quot;O mercado está oferecido de marcos, daí ser previsível que a figura (102,00 escudos por marco) possa voltar a ser atacada, até porque o dólar também está firme&quot;, disse um dealer. </p>
<p> &quot;Há um suporte forte à figura, nem que seja psicológico, mas o mercado está longo de marcos e vai quebrá-la&quot;, disse outro. </p>
<p> Ontem, o escudo foi transaccionado a 101,97 por marco, o valor mais forte desde o final de Novembro de 1994. </p>
<p> &quot;Há bancos longos de marcos e que estejam a resistir à espera que possam aparecer comerciais&quot;, disse um dealer de um broker. </p>
<p> &quot;O marco-escudo não terá caminho para cair muito mais, podendo mesmo consolidar aqui à volta da figura e, posteriormente, possa mesmo subir um bocadinho&quot;, acrescentou. </p>
<p> &quot;O problema agora chama-se dólar que continua a mostrar firmeza, arrastando consigo na subida contra o marco as moedas do sul da Europa&quot;, disse outro operador. </p>
<p>     ----José Barata, Lisboa Editorial, 351.1.3113121. </p>
<p> (c) Reuters Limited 1996. </p></text>
<copyright>(c) Reuters Limited 1996</copyright>
<metadata>
<codes class="bip:countries:1.0">
<code code="gvgvBUaXPW">
<editdetail action="confirmed" attribution="Reuters BIP Coding Group" date="1996-09-18"></editdetail></code>
<code code="TRoJgXxeOR">
<editdetail action="confirmed" attribution="Reuters BIP Coding Group" date="1996-09-18"></editdetail></code>
<code code="tUNxgXxxbB">
<editdetail action="confirmed" attribution="Reuters BIP Coding Group" date="1996-09-18"></editdetail></code></codes>
<codes class="bip:topics:1.0">
<code code="kZkSebNZZf">
<editdetail action="confirmed" attribution="Reuters BIP Coding Group" date="1996-09-18"></editdetail></code>
<code code="klRfcPzIBU">
<editdetail action="confirmed" attribution="Reuters BIP Coding Group" date="1996-09-18"></editdetail></code>
<code code="YNWjwvdDWA">
<editdetail action="confirmed" attribution="Reuters BIP Coding Group" date="1996-09-18"></editdetail></code></codes>
<dc element="dc.publisher" value="Reuters Holdings Plc"></dc>
<dc element="dc.datepublished" value="1996-09-18"></dc>
<dc element="dc.source" value="Reuters - Notícias em Português"></dc>
<dc element="dc.creator.location" value=""></dc>
<dc element="dc.creator.location.country.name" value=""></dc></metadata></newsitem>