<?xml version="1.0" encoding="UTF-8"?>

<newsitem date="1996-09-09" id="root" itemid="48743" xml:lang="pt">
<title></title>
<headline> ACÇÕES PREVÊEM-SE POUCO LÍQUIDAS MAS SUPORTADAS. </headline>
<byline></byline>
<dateline></dateline>
<text>
<p> As acções do Contínuo prevêem-se pouco líquidas mas suportadas em leve alta, a beneficiar da retoma da maioria das praças europeias, após um fecho forte de Nova Iorque, e da apreciação do dólar, prevendo-se a manutenção de interesse selectivo por PT, PI, BCP, BFE e Engil, disseram dealers. </p>
<p> &quot;Nova Iorque fechou em alta e está a ajudar a maioria das praças europeias, o dólar está mais forte, o que faz prever uma abertura com os preços suportados em leve alta&quot;,disse um dealer. </p>
<p> &quot;Será um dia de fraca liquidez, mas com os papéis a subirem um pouco.O interesse vai manter-se em PT,PI, BCP, BFE e Engil &quot;, disse outro. </p>
<p> &quot;Os resultados do primeiro semestre da Engil confirmam uma boa performance esperada para 1996&quot;, adiantou. </p>
<p> *Lucro liq. cons. 1ro sem 96 Engil-SGPS ascende 0,616 MC </p>
<p> *ENGIL diz prevê fechar 1996 com 1,5 mc lucro liq. cons. </p>
<p> *DJ Industrial fecha a subir 0,94 pct para 5.659,86 pontos </p>
<p> *Dólar 1,4909/16 marcos vs 1,4925/30 fecho Europa de sexta </p>
<p> - Lisboa Editorial, 351-1-3150035. (c) Reuters Limited 1996. </p></text>
<copyright>(c) Reuters Limited 1996</copyright>
<metadata>
<codes class="bip:countries:1.0">
<code code="PVmpKmZRxf">
<editdetail action="confirmed" attribution="Reuters BIP Coding Group" date="1996-09-09"></editdetail></code>
<code code="VPTRYtPVjc">
<editdetail action="confirmed" attribution="Reuters BIP Coding Group" date="1996-09-09"></editdetail></code>
<code code="nGylouxSGe">
<editdetail action="confirmed" attribution="Reuters BIP Coding Group" date="1996-09-09"></editdetail></code></codes>
<codes class="bip:topics:1.0">
<code code="hJXXqjxUGr">
<editdetail action="confirmed" attribution="Reuters BIP Coding Group" date="1996-09-09"></editdetail></code>
<code code="pTmofalwqv">
<editdetail action="confirmed" attribution="Reuters BIP Coding Group" date="1996-09-09"></editdetail></code></codes>
<dc element="dc.publisher" value="Reuters Holdings Plc"></dc>
<dc element="dc.datepublished" value="1996-09-09"></dc>
<dc element="dc.source" value="Reuters - Notícias em Português"></dc>
<dc element="dc.creator.location" value=""></dc>
<dc element="dc.creator.location.country.name" value=""></dc></metadata></newsitem>