<?xml version="1.0" encoding="UTF-8"?>

<newsitem date="1996-10-11" id="root" itemid="49690" xml:lang="pt">
<title></title>
<headline> ESCUDO EMPAREDADO 101,10 E 101,20 POR MARCO MANHÃ. </headline>
<byline></byline>
<dateline></dateline>
<text>
<p> O escudo manteve-se emparedado entre os 101,10 e os 101,20 por marco ao longo da manhã e sem dar sinais de querer abandonar este range, até porque a peseta também mostra grande estabilidade. O franco francês caiu contra o marco, sob rumores de demissão do primeiro ministro francês, prontamente desmentidas pelo seu gabinete. </p>
<p> *Escudo 101,16/18 por marco contra 101,16/19 na abertura </p>
<p> *Escudo oscilou entre 101,11 e 101,20 por marco </p>
<p> *Peseta 84,14/16 por marco contra 84,14/15 na abertura </p>
<p> *Dólar 1,5290/00 marcos vs 1,5305/10 na abertura Europa </p>
<p> *BP divulga 1315 TMG condições cedência MMI próximo período </p>
<p> *PPI EUA (ex-food/energy) Set prevê 0,2 pct vs -0,1 pct Ago. </p>
<p>     ----Lisboa Editorial, 351.1.3113121. </p>
<p> (c) Reuters Limited 1996. </p></text>
<copyright>(c) Reuters Limited 1996</copyright>
<metadata>
<codes class="bip:countries:1.0">
<code code="icBsuswGtJ">
<editdetail action="confirmed" attribution="Reuters BIP Coding Group" date="1996-10-11"></editdetail></code>
<code code="tOksqwySdq">
<editdetail action="confirmed" attribution="Reuters BIP Coding Group" date="1996-10-11"></editdetail></code>
<code code="JcfqejDewP">
<editdetail action="confirmed" attribution="Reuters BIP Coding Group" date="1996-10-11"></editdetail></code></codes>
<codes class="bip:topics:1.0">
<code code="PWUdNDSSyE">
<editdetail action="confirmed" attribution="Reuters BIP Coding Group" date="1996-10-11"></editdetail></code>
<code code="RcIwiHoOfT">
<editdetail action="confirmed" attribution="Reuters BIP Coding Group" date="1996-10-11"></editdetail></code>
<code code="zoNIfJfcpq">
<editdetail action="confirmed" attribution="Reuters BIP Coding Group" date="1996-10-11"></editdetail></code></codes>
<dc element="dc.publisher" value="Reuters Holdings Plc"></dc>
<dc element="dc.datepublished" value="1996-10-11"></dc>
<dc element="dc.source" value="Reuters - Notícias em Português"></dc>
<dc element="dc.creator.location" value=""></dc>
<dc element="dc.creator.location.country.name" value=""></dc></metadata></newsitem>