<?xml version="1.0" encoding="UTF-8"?>

<newsitem date="1996-10-18" id="root" itemid="49879" xml:lang="pt">
<title></title>
<headline> ACÇÕES PREVÊEM-SE CALMAS, INTERESSE CONCENTRADO. </headline>
<byline></byline>
<dateline></dateline>
<text>
<p> As acções do Contínuo deverão abrir sem fortes oscilações e a liquidez bastante concentrada, prevendo-se que não acompanhem o &apos;mood&apos; positivo das outras praças, como tem sido habitual, e que o interesse dos investidores se mantenha na Cimpor, Portucel e Portugal Telecom (PT). Acções do CPP podem reagir ao anúncio do aumento de capital, mas com calma, porque este já era esperado, afirmaram dealers. </p>
<p> (c) Reuters Limited 1996. </p></text>
<copyright>(c) Reuters Limited 1996</copyright>
<metadata>
<codes class="bip:countries:1.0">
<code code="YBGmFlzKVJ">
<editdetail action="confirmed" attribution="Reuters BIP Coding Group" date="1996-10-18"></editdetail></code>
<code code="NoXBxXTZFI">
<editdetail action="confirmed" attribution="Reuters BIP Coding Group" date="1996-10-18"></editdetail></code>
<code code="qiUOpACorf">
<editdetail action="confirmed" attribution="Reuters BIP Coding Group" date="1996-10-18"></editdetail></code></codes>
<codes class="bip:topics:1.0">
<code code="WwVoCxVgUh">
<editdetail action="confirmed" attribution="Reuters BIP Coding Group" date="1996-10-18"></editdetail></code>
<code code="ydLfMMwaEp">
<editdetail action="confirmed" attribution="Reuters BIP Coding Group" date="1996-10-18"></editdetail></code></codes>
<dc element="dc.publisher" value="Reuters Holdings Plc"></dc>
<dc element="dc.datepublished" value="1996-10-18"></dc>
<dc element="dc.source" value="Reuters - Notícias em Português"></dc>
<dc element="dc.creator.location" value=""></dc>
<dc element="dc.creator.location.country.name" value=""></dc></metadata></newsitem>