<?xml version="1.0" encoding="UTF-8"?>

<newsitem date="1996-08-27" id="root" itemid="48437" xml:lang="pt">
<title></title>
<headline> MONETÁRIO ABRE CALMO, PRAZOS E FRA ESTÁVEIS. </headline>
<byline></byline>
<dateline></dateline>
<text>
<p> 0900 TMG - O mercado monetário do escudo abriu calmo, sem problemas de liquidez no curto prazo e com as maturidades mais longas em baixa, mas sem muitas alterações face a ontem. Forward rate agreements (FRA) estáveis e sem muito movimento. * o/n e tom/next em 7,10/7,20 pct vs 7,15/7,20 pct ontem * Prazo 30 dias em 7,17/7,23 pct vs 7,18/7,25 pct ontem * Leilão amanhã 20 MC BT a 182 dias, anterior rateio 7,17 pct * BP diz cedência 8 dias sem procura, anterior taxa 7,25 pct * Riksbank corta repo em 0,15 pontos para 5,25 pct * Escudo 102,58/61 por marco contra 102,52/55 fecho de ontem </p></text>
<copyright>(c) Reuters Limited 1996</copyright>
<metadata>
<codes class="bip:countries:1.0">
<code code="glKJPmMhGA">
<editdetail action="confirmed" attribution="Reuters BIP Coding Group" date="1996-08-27"></editdetail></code>
<code code="EgylupUrSV">
<editdetail action="confirmed" attribution="Reuters BIP Coding Group" date="1996-08-27"></editdetail></code>
<code code="MQbCsbVwDD">
<editdetail action="confirmed" attribution="Reuters BIP Coding Group" date="1996-08-27"></editdetail></code></codes>
<codes class="bip:topics:1.0">
<code code="dptpVmsTzX">
<editdetail action="confirmed" attribution="Reuters BIP Coding Group" date="1996-08-27"></editdetail></code>
<code code="NsoHPPggKf">
<editdetail action="confirmed" attribution="Reuters BIP Coding Group" date="1996-08-27"></editdetail></code>
<code code="svrUZXljiL">
<editdetail action="confirmed" attribution="Reuters BIP Coding Group" date="1996-08-27"></editdetail></code></codes>
<dc element="dc.publisher" value="Reuters Holdings Plc"></dc>
<dc element="dc.datepublished" value="1996-08-27"></dc>
<dc element="dc.source" value="Reuters - Notícias em Português"></dc>
<dc element="dc.creator.location" value=""></dc>
<dc element="dc.creator.location.country.name" value=""></dc></metadata></newsitem>