<?xml version="1.0" encoding="UTF-8"?>

<newsitem date="1996-08-23" id="root" itemid="48383" xml:lang="pt">
<title></title>
<headline> DÉFICE OE JAN-JUL96 PIORA EM 114,7 MC. </headline>
<byline></byline>
<dateline></dateline>
<text>
<p> LISBOA, 23 Ago (Reuter) - O défice global do Orçamento de Estado (OE) foi, entre Janeiro e Julho de 1996, de 412,1 milhões de contos (MC), o que representa um agravamento de 114,7 MC em relação a igual período do ano anterior, disse o Ministério das Finanças em comunicado. </p>
<p> &quot;Por sua vez, o saldo corrente e o saldo primário registaram agravamentos, respectivamente, da ordem dos 46,6 MC e 103,9 MC. esta situação resulta, fundamentalmente, do crescimento da despesa corrente (8,1 pct) face ao comportamento da receita corrente (6,4 pct)&quot;, afirma o comunicado das Finanças. </p>
<p> Outra razão apontada é &quot;o facto de o valor da receita global não reflectir a contabilização das mais valias existentes em operações de tesouraria, regularização que está considerada no valor da receita em igual período de 1995&quot;. </p>
<p> &quot;Acresce ainda que o total da despesa corrente está influenciado pelo facto de neste ano (de 1996) os recursos disponibilizados à Segurança Social o serem através de transferências. Assim, enquanto até Julho de 1995 tinham sido transferidos 88,7 MC, em Julho de 1996 estãso transferidos 186,7 MC&quot;, explica a informação das Finanças. </p>
<p> &quot;O saldo incluindo activos financeiros apresenta igualmente valores mais agravados (41 pct) relativamente a igual período do ano anterior, uma vez que por esta altura não estava ainda reflectida a aquisição de créditos à Segurança Social&quot;, adianta. </p>
<p> A receita total aumentou 3,1 pct mas, dentro desta, há a destacar o aumento de 31,9 pct no IRC e de 4,4 pct no IRS. </p>
<p> &quot;De salientar que o montante de cobrança indicado para o IRS, no presente mês (de Julho) está afectado por uma maior celeridade no pagamento dos reembolsos&quot;. </p>
<p> Os impostos indirectos aumentaram 6,1 pct, &quot;explicado essencialmente pela variação positiva verificada nas cobranças dos impostos sobre os produtos petrolíferos, tabaco e imposto e automóvel, respectivamente, de 4,7 pct, 6,1 pct e 9,1 pct&quot;. </p>
<p> Na análise da despesa, as Finanças referem que &quot;a despesa total para este período ascendeu a 4.378 MC (incluindo passivos financeiros), o que traduz uma variação positiva de 17,1 pct face a igual período do ano anterior. Excluindo os encargos com a amortização da dívida, a despesa total cresce 9,7 pct&quot;. </p>
<p> &quot;A despesa corrente cresceu 8,1 pct comparativamente a igual período do ano anterior, variação que se ajusta ao previsto no Orçamento para 1996 quando comparado com a execução anual de 1995&quot;, afirma o a informação do boletim informativo sobre a execução orçamental da Direcção Geral da Contabilidade Pública. </p>
<p> A rúbrica com uma das maiores taxas de crescimento é a das transferências correntes com um aumento de 18,6 pct, embora seja referido que &quot;o grau de execução (está) dentro do padrão normal para os valores orçamentados&quot;. </p>
<p> Estão aqui incluídos mais 98 MC para a Segurança Social, mais 23 MC para a Saúde, mais 6,1 MC para a Educação e mais 2,3 MC para a Administração Local. </p>
<p> Refere que, até Julho de 1996, entraram nos cofres do Estado 150 MC derivados da privatização da Portugal Telecom, dos quais 69 MC foram para o Fundo de Regularização da Dívida Pública. </p>
<p> - Fernanda Pargana, Lisboa Editorial, 351-1-3113126. </p>
<p> (c) Reuters Limited 1996. </p></text>
<copyright>(c) Reuters Limited 1996</copyright>
<metadata>
<codes class="bip:countries:1.0">
<code code="czKfXytQxp">
<editdetail action="confirmed" attribution="Reuters BIP Coding Group" date="1996-08-23"></editdetail></code>
<code code="EXGLlpSTuL">
<editdetail action="confirmed" attribution="Reuters BIP Coding Group" date="1996-08-23"></editdetail></code>
<code code="opOAXKedyK">
<editdetail action="confirmed" attribution="Reuters BIP Coding Group" date="1996-08-23"></editdetail></code></codes>
<codes class="bip:topics:1.0">
<code code="SBFHSkikIT">
<editdetail action="confirmed" attribution="Reuters BIP Coding Group" date="1996-08-23"></editdetail></code>
<code code="bdKIcmyZDM">
<editdetail action="confirmed" attribution="Reuters BIP Coding Group" date="1996-08-23"></editdetail></code>
<code code="ySEbTeZgts">
<editdetail action="confirmed" attribution="Reuters BIP Coding Group" date="1996-08-23"></editdetail></code></codes>
<dc element="dc.publisher" value="Reuters Holdings Plc"></dc>
<dc element="dc.datepublished" value="1996-08-23"></dc>
<dc element="dc.source" value="Reuters - Notícias em Português"></dc>
<dc element="dc.creator.location" value=""></dc>
<dc element="dc.creator.location.country.name" value=""></dc></metadata></newsitem>