<?xml version="1.0" encoding="UTF-8"?>

<newsitem date="1996-09-25" id="root" itemid="49222" xml:lang="pt">
<title></title>
<headline> MONETÁRIO FECHA LÍQUIDO, FRA REFLECTEM CORTE TAXAS. </headline>
<byline></byline>
<dateline></dateline>
<text>
<p> LISBOA, 25 Set (Reuter) - O mercado monetário fechou líquido e com os FRA a caírem, reflectindo um corte de taxas do Banco de Portugal (BP) que deverá ocorrer até final do ano. </p>
<p> &quot;A dúvida que se coloca é quando é que o BP vai cortar taxas, designadamente a cedência, porque a convicção no mercado é que isso vai acontecer até final do ano, isso é pelo menos a conclusão que se pode tirar da queda dos FRA&quot;, disse um operador. </p>
<p> &quot;No próximo período vamos ter, no início, o curto prazo encostado aos 7,25 pct, aproximando-se progressivamente dos sete pct, uma vez que o mercado está liquido&quot;, disse outro operador. </p>
<p> O BP anuncia amanhã as condições de absorção para o novo período, sendo previsível que a mantenha nos 6,8 pct, depois de hoje ter decidido continuar a ceder fundos a 7,25 pct. </p>
<p> Os três meses fecharam entre 7,04 e 7,10 pct, ao nível da abertura, e os seis e 12 meses entre 6,98 e 7,04 pct, igualmente ao nível da abertura. </p>
<p> Fizeram-se 55 contratos sobre a Lisbor a três meses. </p>
<p> (c) Reuters Limited 1996. </p></text>
<copyright>(c) Reuters Limited 1996</copyright>
<metadata>
<codes class="bip:countries:1.0">
<code code="cPYAhPBksB">
<editdetail action="confirmed" attribution="Reuters BIP Coding Group" date="1996-09-25"></editdetail></code>
<code code="KEJlstqzzh">
<editdetail action="confirmed" attribution="Reuters BIP Coding Group" date="1996-09-25"></editdetail></code>
<code code="hpCoLPFach">
<editdetail action="confirmed" attribution="Reuters BIP Coding Group" date="1996-09-25"></editdetail></code></codes>
<codes class="bip:topics:1.0">
<code code="RkKdtPLAgJ">
<editdetail action="confirmed" attribution="Reuters BIP Coding Group" date="1996-09-25"></editdetail></code>
<code code="hqacdDLVvo">
<editdetail action="confirmed" attribution="Reuters BIP Coding Group" date="1996-09-25"></editdetail></code>
<code code="CCuLKKugNa">
<editdetail action="confirmed" attribution="Reuters BIP Coding Group" date="1996-09-25"></editdetail></code></codes>
<dc element="dc.publisher" value="Reuters Holdings Plc"></dc>
<dc element="dc.datepublished" value="1996-09-25"></dc>
<dc element="dc.source" value="Reuters - Notícias em Português"></dc>
<dc element="dc.creator.location" value=""></dc>
<dc element="dc.creator.location.country.name" value=""></dc></metadata></newsitem>