<?xml version="1.0" encoding="UTF-8"?>

<newsitem date="1996-10-28" id="root" itemid="50089" xml:lang="pt">
<title></title>
<headline> INDICADORES ECONÓMICOS E PREVISÕES 1997 - PORTUGAL. </headline>
<byline></byline>
<dateline></dateline>
<text>
<p>          ÚLTIMO VALOR   MÊS ANTES  ANO ANTES </p>
<p> --------------------------------------------------------------- </p>
<p> Índice Preços Consumidor (pct) </p>
<p>    -Var. mensal    Set  0,0  0,3   0,2    -Var. média anual    Set  3,3  3,3   4,2    -Var. homóloga anual Set  3,4  3,6   4,0      Índice (base 100 em 1991)  132,0     132,0 127,6 </p>
<p> --------------------------------------------------------------- </p>
<p> Índice vendas retalho (pct)  Jun     138,1     143,4 135,6 </p>
<p> --------------------------------------------------------------- </p>
<p> Índ. Produção Industrial(c)  Jul     104,4     104,1 103,3 </p>
<p> --------------------------------------------------------------- </p>
<p> Índ. vol. negóc. indústria   Jul     164,1     143,1 146,6 Índ. emprego indústria  Jul 81,8 81,6  84,6 </p>
<p> --------------------------------------------------------------- </p>
<p> Índice de preços na produção industrial: </p>
<p>     .       JUL96     JUN96 JUL95     Extractiva        117,5     118,1 116,5     Alim, beb. tabaco      125,1     125,0 117,3     Têxtil       117,1     117,2 117,2     Prod. petrolíferos      87,6 90,2  67,6     Químicos e fibras      116,3     116,7 118,2     Minerais não metálicos      130,2     130,1 126,7     Metalúrgicas e metais  109,3     110,0 113,6     Electric., gás, água   134,9     134,9 137,4 </p>
<p> --------------------------------------------------------------- </p>
<p> Importações totais   (MC)    Jun     387,8     453,9 432,3      - extra UE (MC)    Ago 79,1     132,0  95,0 Exportações totais   (MC)    Jun     283,5     324,4 314,6      - extra UE (MC)    Ago 49,8 74,2  45,4 Défice total    (MC)    Jun     104,3     129,5 117,7      - extra UE (MC)    Ago 29,3 57,8  49,6 Défice acumul. total (MC)  Jan-Jun   718,5     614,2 827,7 Défice acum. extra UE(MC)  Jan-Ago   382,9     353,6 401,7 </p>
<p> --------------------------------------------------------------- </p>
<p> BTC (saldo MC)     Ago    + 35,1    -  41,5    + 63,9 </p>
<p> BTC (saldo MC) (acumulado)Jan-Ago   -528,0     -563,1    -421,0 </p>
<p> --------------------------------------------------------------- </p>
<p> Taxa de Desemprego (%)    3ro trim     7,1   7,2  6,9 </p>
<p> --------------------------------------------------------------- </p>
<p> FBCF:(b) </p>
<p>    Variação pct (d)    4to tri 95 3,6  10,4  4,5 </p>
<p>    Valor p.correntes(MC) 95 a 93   3.687,5    3.389,9   3.074,9 </p>
<p> --------------------------------------------------------------- </p>
<p> Consumo em pct: (b)(d) </p>
<p>     Privado   4to tri 95     1,0   1,2  1,0     Público   4to tri 95     2,4   2,2  1,3 </p>
<p> --------------------------------------------------------------- </p>
<p> PIB: (b) </p>
<p>    Variação pct (d)     4to tri 95     1,9   1,6  0,7 </p>
<p>    Valor p.correntes(MC) 95 a 93    15.117     14.034    13.167 </p>
<p> --------------------------------------------------------------- </p>
<p> Res.oficiais liq(milhões USD)Set     +  74 + 182     - 680 </p>
<p> Reservas acum.(milhões USD)  Set    21.813     22.599    21.530 </p>
<p> --------------------------------------------------------------- </p>
<p> Liquidez (L-)(pct)      Ago  8,5   8,0  9,4 </p>
<p> --------------------------------------------------------------- </p>
<p> Ratings da República     S&amp;P  MOODY&apos;S Dívida interna      AAA    AAA Dívida externa longo prazo    AA-    A1 Dívida externa curto prazo    A-1    P-1 </p>
<p> --------------------------------------------------------------- </p>
<p>   PREVISÕES DO GOVERNO PARA 1997         1997    1996 Consumo privado     2,0/2,5%  2,0% Consumo público    0,75/1,25% 2,0% Investimento global      7,0/8,0%  6,5% Exportações    9,0/10,0%     11,6% Importações    8,0/9,0% 10,7% PIB      2,75/3,25% 2,8% Inflação      2,25/2,50% 3,25% </p>
<p>     RECEITAS, DESPESAS E SALDOS DO SECTOR PÚBLICO </p>
<p>       ADMINISTRATIVO EM % DO PIB   (Óptica da contabilidade pública)       1996 P     1997 P Receitas correntes   41,9  42,4 Despesa corrente     42,7  41,7 Saldo corrente       -0,8   0,7 Receita de capital    3,3   3,5 Despesa de capital    6,8   7,1 Saldo de capital     -3,5  -3,6 Receita total        45,3  45,9 Despesa total        48,8  48,8 Saldo primário        0,7   1,5 Saldo global    -4,3   -2,9 </p>
<p> ---------------------------------------------------------------- </p>
<p> Fontes: INE, Banco de Portugal e Ministério das Finanças </p>
<p> (a) Dados não disponíveis </p>
<p> (b) Estimativas das Contas Nacionais Trimestrais do INE </p>
<p> (c)base 1990=100 </p>
<p> (d)Preços constantes de 1990, variações no ano terminado em cada </p>
<p> trimestre. </p>
<p>     *****Actualizado dia 17 de Outubro de 1996***** </p>
<p>     ---Lisboa Editorial, 351-1-3150035. </p>
<p> (c) Reuters Limited 1996. </p></text>
<copyright>(c) Reuters Limited 1996</copyright>
<metadata>
<codes class="bip:countries:1.0">
<code code="rXjyoleffu">
<editdetail action="confirmed" attribution="Reuters BIP Coding Group" date="1996-10-28"></editdetail></code>
<code code="JcOkkMlhqk">
<editdetail action="confirmed" attribution="Reuters BIP Coding Group" date="1996-10-28"></editdetail></code>
<code code="xBNqSkXHsK">
<editdetail action="confirmed" attribution="Reuters BIP Coding Group" date="1996-10-28"></editdetail></code></codes>
<codes class="bip:topics:1.0">
<code code="uLELKCnQgk">
<editdetail action="confirmed" attribution="Reuters BIP Coding Group" date="1996-10-28"></editdetail></code>
<code code="ZuEJgXygNj">
<editdetail action="confirmed" attribution="Reuters BIP Coding Group" date="1996-10-28"></editdetail></code>
<code code="MlgWkhoTWl">
<editdetail action="confirmed" attribution="Reuters BIP Coding Group" date="1996-10-28"></editdetail></code></codes>
<dc element="dc.publisher" value="Reuters Holdings Plc"></dc>
<dc element="dc.datepublished" value="1996-10-28"></dc>
<dc element="dc.source" value="Reuters - Notícias em Português"></dc>
<dc element="dc.creator.location" value=""></dc>
<dc element="dc.creator.location.country.name" value=""></dc></metadata></newsitem>