<?xml version="1.0" encoding="UTF-8"?>

<newsitem date="1996-08-28" id="root" itemid="48488" xml:lang="pt">
<title></title>
<headline> BFE ILUMINA ACÇÕES, ANIMAÇÃO ESTENDE-SE AOS FUTUROS. </headline>
<byline></byline>
<dateline></dateline>
<text>
<p> LISBOA, 28 Ago (Reuter) - A forte transacção com acções do Banco de Fomento e Exterior (BFE) iluminou bastante a negociação na Bolsa, que tem sido fraca nos últimos dias, com a liquidez no cash a somar 4,7 milhões de contos e os Futuros do PSI20 a acompanharem este momento mais positivo, afirmaram dealers. </p>
<p> &quot;O mercado vai continuar com esta tendência até ao fecho, ou seja a liquidez muito concentrada em BFE, BPI e Portugal Telecom (PT)&quot;, disse um operador. &quot;O BFE encontrou um suporte nos 2.550 escudos e, por outro lado, o BPI nos 1.880 escudos&quot;, adiantou. </p>
<p> Também a Cimpor está a beneficiar do preço oferecido pelo BPI, uma vez que detém uma participação de 11 pct no BFE. </p>
<p> Com os 2.615 escudos oferecidos pelo BPI, a Cimpor vai realizar um encaixe de 23 milhões de contos (MC) com a venda da sua participação de 11 pct no BFE, ou seja mais 5,6 MC do que realizaria ao preço base do Governo (1.980 escudos). </p>
<p> A Cimpor subiu hoje até ao máximo do ano, nos 3.480 escudos, tendo-se negociado, até às 1407 TMG, 102.413 acções a subirem 42 escudos para 3.421. </p>
<p> Após o regresso do BFE à cotação, alguns dealers consideraram a possibilidade do preço cair até aos 2.500 escudos, devido às fortes vendas que apareceram. Adiantaram, porém, que as compras conseguiram sustentar o preço. </p>
<p> As acções do BFE atingiram hoje o máximo histórico nos 2.560 escudos, tendo alcançado o mínimo do dia nos 2.536 escudos. </p>
<p> Quanto à subida da PT, operadores afirmaram que esta se deve à expectativa do mercado quanto aos resultados do semestre, melhores do que os previstos, situação que deverá estar relacionada com a recuperação da TMN. </p>
<p> A PT vai anunciar os resultados a 19 de Setembro. </p>
<p> Recentemente, em entrevista à Reuters, o presidente da PT, Francisco Murteira Nabo, disse que previa que o lucro líquido consolidado, no primeiro semestre de 1996, tivesse crescido 39 pct para 20,5 milhões de contos. </p>
<p> - Paula Cordeiro, Lisboa Editorial, 351-1-3150035. (c) Reuters Limited 1996. </p></text>
<copyright>(c) Reuters Limited 1996</copyright>
<metadata>
<codes class="bip:countries:1.0">
<code code="tsVnveUjjt">
<editdetail action="confirmed" attribution="Reuters BIP Coding Group" date="1996-08-28"></editdetail></code>
<code code="aPrZyztxwF">
<editdetail action="confirmed" attribution="Reuters BIP Coding Group" date="1996-08-28"></editdetail></code>
<code code="QrGMqEtKIn">
<editdetail action="confirmed" attribution="Reuters BIP Coding Group" date="1996-08-28"></editdetail></code></codes>
<codes class="bip:topics:1.0">
<code code="ZFjWcdxVsi">
<editdetail action="confirmed" attribution="Reuters BIP Coding Group" date="1996-08-28"></editdetail></code>
<code code="bzZwUgToFz">
<editdetail action="confirmed" attribution="Reuters BIP Coding Group" date="1996-08-28"></editdetail></code></codes>
<dc element="dc.publisher" value="Reuters Holdings Plc"></dc>
<dc element="dc.datepublished" value="1996-08-28"></dc>
<dc element="dc.source" value="Reuters - Notícias em Português"></dc>
<dc element="dc.creator.location" value=""></dc>
<dc element="dc.creator.location.country.name" value=""></dc></metadata></newsitem>