<?xml version="1.0" encoding="UTF-8"?>

<newsitem date="1996-10-09" id="root" itemid="49596" xml:lang="pt">
<title></title>
<headline> ACÇÕES PREVÊEM-SE SUPORTADAS MAS FRACAS OSCILAÇÕES. </headline>
<byline></byline>
<dateline></dateline>
<text>
<p> As acções do Contínuo deverão hoje manter a acalmia dos dois últimos dias, prevendo-se que os preços evoluam suportados, mas com fracas oscilações. O interesse deverá permanecer concentrado em PT, Engil, Reditus e ITI, disseram dealers. </p>
<p> &quot;Não se espera grande liquidez e os preços vão continuar suportados, mas com poucas oscilações&quot;, disse um dealer. </p>
<p> &quot;A PT e a Engil vão continuar a despertar o interesse. A ITI, cuja concessão do jogo na Madeira foi estendida 10 anos até 2013. A Reditus apresentou agora um prejuízo menor do que no primeiro semestre de 1995, mas as vendas também cairam, o que deverá suscitar compras, mas sem os preços beneficiarem muito&quot;. </p>
<p> *Reditus diz prejuízo cons 1ro sem 96 em 0,201 MC vs(0,649 MC) *Concessão jogo da ITI na Madeira prolongada até 2013-Público </p>
<p> - Sérgio Gonçalves, Lisboa Editorial, 351-1-3150035. (c) Reuters Limited 1996. </p></text>
<copyright>(c) Reuters Limited 1996</copyright>
<metadata>
<codes class="bip:countries:1.0">
<code code="dCWUJaLOLM">
<editdetail action="confirmed" attribution="Reuters BIP Coding Group" date="1996-10-09"></editdetail></code>
<code code="fWoxtQoXwc">
<editdetail action="confirmed" attribution="Reuters BIP Coding Group" date="1996-10-09"></editdetail></code>
<code code="gpkcitHLNj">
<editdetail action="confirmed" attribution="Reuters BIP Coding Group" date="1996-10-09"></editdetail></code></codes>
<codes class="bip:topics:1.0">
<code code="pZXCGSCRyY">
<editdetail action="confirmed" attribution="Reuters BIP Coding Group" date="1996-10-09"></editdetail></code>
<code code="lSEaWiaMLY">
<editdetail action="confirmed" attribution="Reuters BIP Coding Group" date="1996-10-09"></editdetail></code></codes>
<dc element="dc.publisher" value="Reuters Holdings Plc"></dc>
<dc element="dc.datepublished" value="1996-10-09"></dc>
<dc element="dc.source" value="Reuters - Notícias em Português"></dc>
<dc element="dc.creator.location" value=""></dc>
<dc element="dc.creator.location.country.name" value=""></dc></metadata></newsitem>