<?xml version="1.0" encoding="UTF-8"?>

<newsitem date="1996-10-10" id="root" itemid="49648" xml:lang="pt">
<title></title>
<headline> FREGUESIAS COM AUMENTO 25 PCT VERBAS EM 1997-MEPAT. </headline>
<byline></byline>
<dateline></dateline>
<text>
<p> LISBOA, 10 Out (Reuter) - As transferências do Orçamento de Estado (OE) para as Juntas de Frequesia vão aumentar, em 1997, 25 pct para 20 milhões de contos (MC), disse o Ministério do Equipamento, do Planeamento e da Administração do Território (MEPAT) em comunicado. </p>
<p> &quot;Sem contar com as verbas que os municípios, por sua vontade, transferem para as respectivas freguesias, estas autarquias receberam directamente do Orçamento de Estado em 1995 cerca de 13 MC e em 1997 vão receber 20 MC&quot;, afirma. </p>
<p> Acrescenta o comunicado que, em 1998, o aumento destas transferências será também de 25 pct. </p>
<p> O MEPAT destaca que este aumento, que este ano ascende a 3,6743 MC, é um benefício para as autarquias, &quot;sem que isso corresponda à atribuição de quaisquer novas responsabilidades&quot;. </p>
<p> A este aumento, refere, há ainda a acrescentar a participação no Fundo de Equilíbrio Financeiro (FEF), prevista na Lei das Finanças Locais, mas não foi divulgado qual o aumento previsto para 1997 para o FEF. </p>
<p> Em 1997, é também aumentado em 251 pct para 1,055 MC o montante destinado às remunerações dos eleitos das freguesias, cujo estatuto remuneratório foi entretanto revisto. </p>
<p> Para a reparação ou construção dos edifícios sede das Juntas de Freguesia, o OE de 1997 destina uma verba de 500 mil contos, mais 100 mil contos do que em 1996, segundo ainda a informação do MEPAT. </p>
<p> - Fernanda Pargana, Lisboa Editorial, 351-1-3113126. </p>
<p> (c) Reuters Limited 1996. </p></text>
<copyright>(c) Reuters Limited 1996</copyright>
<metadata>
<codes class="bip:countries:1.0">
<code code="VhFpFpFHsx">
<editdetail action="confirmed" attribution="Reuters BIP Coding Group" date="1996-10-10"></editdetail></code>
<code code="VuNxkMqIPG">
<editdetail action="confirmed" attribution="Reuters BIP Coding Group" date="1996-10-10"></editdetail></code>
<code code="NIaepseXCU">
<editdetail action="confirmed" attribution="Reuters BIP Coding Group" date="1996-10-10"></editdetail></code></codes>
<codes class="bip:topics:1.0">
<code code="KUbIRMYYXP">
<editdetail action="confirmed" attribution="Reuters BIP Coding Group" date="1996-10-10"></editdetail></code>
<code code="LZocImnCQJ">
<editdetail action="confirmed" attribution="Reuters BIP Coding Group" date="1996-10-10"></editdetail></code>
<code code="BJREvlPJwq">
<editdetail action="confirmed" attribution="Reuters BIP Coding Group" date="1996-10-10"></editdetail></code></codes>
<dc element="dc.publisher" value="Reuters Holdings Plc"></dc>
<dc element="dc.datepublished" value="1996-10-10"></dc>
<dc element="dc.source" value="Reuters - Notícias em Português"></dc>
<dc element="dc.creator.location" value=""></dc>
<dc element="dc.creator.location.country.name" value=""></dc></metadata></newsitem>