<?xml version="1.0" encoding="UTF-8"?>

<newsitem date="1996-09-11" id="root" itemid="48845" xml:lang="pt">
<title></title>
<headline> FRENTE COMUM QUER AUMENTOS SALARIAIS 7 PCT EM 1997. </headline>
<byline></byline>
<dateline></dateline>
<text>
<p> LISBOA 11 Set (Reuter) - A Frente Comum de Sindicatos da Administração Pública quer que os seus sindicatos discutam com os respectivos associados uma proposta de sete pct de aumento salarial para 1997, refere a Frente Comum em comunicado. </p>
<p> &quot;(...) Tendo em conta, por um lado, as previsões para a evolução da inflação e da produtividade e, por outro lado, que os sindicatos não podem abdicar do objectivo de equiparar o salário mínimo da Função Pública ao Salário Mínimo nacional, a Coordenadora propõe aos sindicatos da Frente Comum que discutam com os seus associados uma proposta de sete pct de aumento salarial para 1997&quot;, acrescenta a Frente Comum. </p>
<p> Esta discussão entre sindicatos e associados deve decorrer até à Cimeira de Sindicatos do dia 2 de Outubro. </p>
<p> &quot;Os sindicatos manifestam as suas reservas quanto às previsões do Governo, nomeadamente quanto à inflação (que dificilmente descerá dos três pct) e ao emprego (dada a evolução conhecida é mais provável que se situe entre os zero e os 0,5 pct)&quot;, refere a Frente Comum. </p>
<p> Segundo a Frente Comum, o cenário macro-económico apresentado pelo Governo prevê que, em 1997, a inflação se situe entre 2,25 e 2,5 pct, o crescimento do PIB seja de 2,75 a 3,25 pct, que o emprego cresça entre 0,5 e um pct e que os ganhos de produtividade se situem em 2,25 pct. </p>
<p> &quot;Os trabalhadores da Administração Pública perderam 4,6 pct do seu poder de compra só entre 1992 e 1996&quot;, refere. </p>
<p> Adianta que o salário mínimo da função pública (Índice 100) tem vindo a descer sistematicamente desde 1982, situando-se actualmente em 52.252 escudos, ou seja 4,5 pct abaixo dos 54.600 escudos de mínimo legal do salário mínimo nacional. </p>
<p> &quot;Os salários nominais do SPA têm vindo a distanciar-se dos salários contratuais do sector privado. Esse afastamento situou-se em menos 7,9 pct nos últimos cinco anos&quot;, adianta. </p>
<p> &quot;Os trabalhadores da Administração Pública têm direito a um aumento salarial que não só garanta a cobertura da inflação e da produtividade, como conduza à eliminação da aberrante diferença ainda existente entre o seu salário mínimo e o salário mínimo nacional&quot;, conclui. </p>
<p> - Sérgio Gonçalves, Lisboa Editorial, 351-1-3150035. </p>
<p> (c) Reuters Limited 1996. </p></text>
<copyright>(c) Reuters Limited 1996</copyright>
<metadata>
<codes class="bip:countries:1.0">
<code code="TYfZpawRbu">
<editdetail action="confirmed" attribution="Reuters BIP Coding Group" date="1996-09-11"></editdetail></code>
<code code="aJNDRekbDi">
<editdetail action="confirmed" attribution="Reuters BIP Coding Group" date="1996-09-11"></editdetail></code>
<code code="cJCLmQHarX">
<editdetail action="confirmed" attribution="Reuters BIP Coding Group" date="1996-09-11"></editdetail></code></codes>
<codes class="bip:topics:1.0">
<code code="nizQjvEvxp">
<editdetail action="confirmed" attribution="Reuters BIP Coding Group" date="1996-09-11"></editdetail></code>
<code code="ZLtGeojztx">
<editdetail action="confirmed" attribution="Reuters BIP Coding Group" date="1996-09-11"></editdetail></code></codes>
<dc element="dc.publisher" value="Reuters Holdings Plc"></dc>
<dc element="dc.datepublished" value="1996-09-11"></dc>
<dc element="dc.source" value="Reuters - Notícias em Português"></dc>
<dc element="dc.creator.location" value=""></dc>
<dc element="dc.creator.location.country.name" value=""></dc></metadata></newsitem>