<?xml version="1.0" encoding="UTF-8"?>

<newsitem date="1996-10-11" id="root" itemid="49676" xml:lang="pt">
<title></title>
<headline> ESCUDO ABRE PRESSIONADO NA SUBIDA CONTRA O MARCO. </headline>
<byline></byline>
<dateline></dateline>
<text>
<p> LISBOA, 11 Out (Reuter) - O escudo abriu pressionado na subida contra o marco, designadamente por não-residentes, podendo testar níveis próximos dos 101,00, caso estes interesses se intensifiquem. </p>
<p> O escudo abriu 101,16/19 por marco contra 101,18/21 no fecho de ontem. Às 0833 TMG, o escudo cotava 101,13/16 por marco. </p>
<p> &quot;Há alguma pressão do exterior vendedora de marcos contra escudos que, a acentuar-se, pode levar o escudo para próximo da figura (101,00)&quot;, disse um dealer. </p>
<p> &quot;O escudo deverá continuar a oscilar num range estreito, entre 101,10 e 101,25 (por marco)&quot;, disse outro dealer. </p>
<p>     ----Lisboa Editorial, 351.1.3113121. </p>
<p> (c) Reuters Limited 1996. </p></text>
<copyright>(c) Reuters Limited 1996</copyright>
<metadata>
<codes class="bip:countries:1.0">
<code code="IgrnuuKcqF">
<editdetail action="confirmed" attribution="Reuters BIP Coding Group" date="1996-10-11"></editdetail></code>
<code code="AxlBPyAeFF">
<editdetail action="confirmed" attribution="Reuters BIP Coding Group" date="1996-10-11"></editdetail></code>
<code code="HpWGSrUmpf">
<editdetail action="confirmed" attribution="Reuters BIP Coding Group" date="1996-10-11"></editdetail></code></codes>
<codes class="bip:topics:1.0">
<code code="GdLxSkBlqB">
<editdetail action="confirmed" attribution="Reuters BIP Coding Group" date="1996-10-11"></editdetail></code>
<code code="BwAihLsLFU">
<editdetail action="confirmed" attribution="Reuters BIP Coding Group" date="1996-10-11"></editdetail></code>
<code code="qCbejbyDxA">
<editdetail action="confirmed" attribution="Reuters BIP Coding Group" date="1996-10-11"></editdetail></code></codes>
<dc element="dc.publisher" value="Reuters Holdings Plc"></dc>
<dc element="dc.datepublished" value="1996-10-11"></dc>
<dc element="dc.source" value="Reuters - Notícias em Português"></dc>
<dc element="dc.creator.location" value=""></dc>
<dc element="dc.creator.location.country.name" value=""></dc></metadata></newsitem>