<?xml version="1.0" encoding="UTF-8"?>

<newsitem date="1996-10-02" id="root" itemid="49437" xml:lang="pt">
<title></title>
<headline> RESUMO TRANSACÇÕES NO MERCADO CONTÍNUO. </headline>
<byline></byline>
<dateline></dateline>
<text>
<p>     LISBOA, 2 Out (Reuter) - Transacções no Contínuo (números da </p>
<p> sessão anterior entre parentesis): (MC=milhões de contos). </p>
<p>         Quantidade     Valor </p>
<p> Mercado Contínuo Acções 1.798.977(1.824.203) 2,836 MC( 4,562 MC) </p>
<p>        OT     1.678.729(  431.558)17,755 MC( 4,470 MC) Futuros OT-10     2.063(    1.623)20,907 MC(16,330 MC) Futuros PSI20       156( 238) 0,075 MC( 0,114 MC) Índices  Oficial BVL      1.077,99    + 0,09 pct     BVL30      1.992,95    + 0,04 pct     PSI-20     4.754,67    - 0,03 pct     ORF(TRM 7,6889 vs 7,7086 pct)   107,43    + 0,07 pct     FPI (Fincor Privatisation)    1.122,24    + 0,04 pct     ----Lisboa Editorial,1.1.31131211. </p>
<p> (c) Reuters Limited 1996. </p></text>
<copyright>(c) Reuters Limited 1996</copyright>
<metadata>
<codes class="bip:countries:1.0">
<code code="uLRxMlFYhO">
<editdetail action="confirmed" attribution="Reuters BIP Coding Group" date="1996-10-02"></editdetail></code>
<code code="NZQlpKZZGp">
<editdetail action="confirmed" attribution="Reuters BIP Coding Group" date="1996-10-02"></editdetail></code>
<code code="UKxCARELXK">
<editdetail action="confirmed" attribution="Reuters BIP Coding Group" date="1996-10-02"></editdetail></code></codes>
<codes class="bip:topics:1.0">
<code code="KqeRUpNmCi">
<editdetail action="confirmed" attribution="Reuters BIP Coding Group" date="1996-10-02"></editdetail></code>
<code code="CYNDoRKiCi">
<editdetail action="confirmed" attribution="Reuters BIP Coding Group" date="1996-10-02"></editdetail></code></codes>
<dc element="dc.publisher" value="Reuters Holdings Plc"></dc>
<dc element="dc.datepublished" value="1996-10-02"></dc>
<dc element="dc.source" value="Reuters - Notícias em Português"></dc>
<dc element="dc.creator.location" value=""></dc>
<dc element="dc.creator.location.country.name" value=""></dc></metadata></newsitem>