<?xml version="1.0" encoding="UTF-8"?>

<newsitem date="1996-10-16" id="root" itemid="49828" xml:lang="pt">
<title></title>
<headline> ACÇÕES E FUTUROS SOBRE PSI20 SEGUEM EM QUEDA. </headline>
<byline></byline>
<dateline></dateline>
<text>
<p> LISBOA, 16 Out (Reuter) - As acções do Contínuo e os Futuros sobre o PSI20 seguiam em queda na meia sessão e a liquidez no cash a somar 4,1 milhões de contos (MC) com operadores a preverem que a descida ligeira se mantenha até ao fecho. </p>
<p> &quot;A liquidez do mercado pode aumentar mais um ou dois (MC), com os papéis mais negociados (Cimpor e PT) a liderarem, mas o sentimento de ligeira queda deve manter-se&quot;, disse um operador. </p>
<p> &quot;Nós temos sempre a mania de não seguirmos os outros mercados na subida, mas quando estes descem têm sempre alguma influência&quot;, afirmou um dealer. </p>
<p> &quot;Lá fora o &apos;mood&apos; é mau&quot;, adiantou. </p>
<p> &quot;Não entendo esta queda do mercado, pois nós não temos subido como os mercados internacionais nos últimos tempos&quot;, afirmou uma &apos;market-maker&apos; do PSI20. </p>
<p> &quot;Acredito que as oportunidades de investimento na Bolsa continuam a ser interessantes, mas como se devem estar a definir estratégias até ao final do ano, o índice tem mostrado pouca volatilidade&quot;, disse. </p>
<p> - Paula Cordeiro, Lisboa Editorial, 351-1-3150035. (c) Reuters Limited 1996. </p></text>
<copyright>(c) Reuters Limited 1996</copyright>
<metadata>
<codes class="bip:countries:1.0">
<code code="DhpxrLsFGG">
<editdetail action="confirmed" attribution="Reuters BIP Coding Group" date="1996-10-16"></editdetail></code>
<code code="cHxcaMaoua">
<editdetail action="confirmed" attribution="Reuters BIP Coding Group" date="1996-10-16"></editdetail></code>
<code code="fUqYUgBTzk">
<editdetail action="confirmed" attribution="Reuters BIP Coding Group" date="1996-10-16"></editdetail></code></codes>
<codes class="bip:topics:1.0">
<code code="sizVXJlcYh">
<editdetail action="confirmed" attribution="Reuters BIP Coding Group" date="1996-10-16"></editdetail></code>
<code code="RBPoRHpzbr">
<editdetail action="confirmed" attribution="Reuters BIP Coding Group" date="1996-10-16"></editdetail></code></codes>
<dc element="dc.publisher" value="Reuters Holdings Plc"></dc>
<dc element="dc.datepublished" value="1996-10-16"></dc>
<dc element="dc.source" value="Reuters - Notícias em Português"></dc>
<dc element="dc.creator.location" value=""></dc>
<dc element="dc.creator.location.country.name" value=""></dc></metadata></newsitem>