<?xml version="1.0" encoding="UTF-8"?>

<newsitem date="1996-10-22" id="root" itemid="49948" xml:lang="pt">
<title></title>
<headline> ÍNDICE PSI20 CAI 0,01 PCT PARA 4.768,61PONTOS. </headline>
<byline></byline>
<dateline></dateline>
<text>
<p> *Índice PSI20 (.PSI20)cai 0,01 pct para 4.768,61 *Lisnave cai 1 escudo para 397, com 6.800 acções *CPP cai 3 escudos para 1.531, com 5.500 acções *BPSM estável 1.027 escudos, com 5.400 acções *BTA estável 2.740 escudos, com 2.100 acções *PT fechou em Nova Iorque a cair para 26 dólares *Futuro PSI20 Nov96 (PSI20X6)cai 15 pontos para 4.814 *Dow Jones fechou a cair 0,06%, Londres cai 0,19% e Ibex 0,10% *Efacec fornece sistema robotizado ao Banco da Índia - D.E. *Banco Suécia baixa repo 10 bp para 4,85 pct. </p>
<p> - Lisboa Editorial, 351-1-3150035. (c) Reuters Limited 1996. </p></text>
<copyright>(c) Reuters Limited 1996</copyright>
<metadata>
<codes class="bip:countries:1.0">
<code code="bWnGxXHjZZ">
<editdetail action="confirmed" attribution="Reuters BIP Coding Group" date="1996-10-22"></editdetail></code>
<code code="CfDaNdwZnE">
<editdetail action="confirmed" attribution="Reuters BIP Coding Group" date="1996-10-22"></editdetail></code>
<code code="pYsPwuTCPB">
<editdetail action="confirmed" attribution="Reuters BIP Coding Group" date="1996-10-22"></editdetail></code></codes>
<codes class="bip:topics:1.0">
<code code="phAAlrToyd">
<editdetail action="confirmed" attribution="Reuters BIP Coding Group" date="1996-10-22"></editdetail></code>
<code code="pmFYveNDeT">
<editdetail action="confirmed" attribution="Reuters BIP Coding Group" date="1996-10-22"></editdetail></code></codes>
<dc element="dc.publisher" value="Reuters Holdings Plc"></dc>
<dc element="dc.datepublished" value="1996-10-22"></dc>
<dc element="dc.source" value="Reuters - Notícias em Português"></dc>
<dc element="dc.creator.location" value=""></dc>
<dc element="dc.creator.location.country.name" value=""></dc></metadata></newsitem>