<?xml version="1.0" encoding="UTF-8"?>

<newsitem date="1996-10-30" id="root" itemid="50184" xml:lang="pt">
<title></title>
<headline> ACÇÕES SEGUEM EM ALTA, ANIMAÇÃO DEVE MANTER-SE. </headline>
<byline></byline>
<dateline></dateline>
<text>
<p> As acções do Contínuo seguiam em alta ligeira na meia sessão e a liquidez a somar 4,6 milhões de contos, destacando-se a Cimpor, BCP e BESCL. Operadores afirmaram que o mercado deverá manter-se animado até ao fecho, dado que hoje é o último dia do mês para os fundos fecharem as suas carteiras. Futuros PSI20 sobem e liquidez aumenta em relação a abertura. *Índice PSI-20 (.PSI20)sobe 0,17 pct para 4.756,54 pontos *Futuro PSI20 Nov96 (PSI20X6)estavel nos 4.778 pontos *Cimpor sobe 3 esc para 3.223. Negociadas 496.696 *BCP sobe 20 escudos para 1.900. Negociadas 371.090 *BES cai 11 escudos para 2.688. Negociadas 292.400. </p>
<p> - Paula Cordeiro, Lisboa Editorial, 351-1-3150035. (c) Reuters Limited 1996. </p></text>
<copyright>(c) Reuters Limited 1996</copyright>
<metadata>
<codes class="bip:countries:1.0">
<code code="FOzSfZtlbI">
<editdetail action="confirmed" attribution="Reuters BIP Coding Group" date="1996-10-30"></editdetail></code>
<code code="oiAoSGhPiG">
<editdetail action="confirmed" attribution="Reuters BIP Coding Group" date="1996-10-30"></editdetail></code>
<code code="qqozmtNQNg">
<editdetail action="confirmed" attribution="Reuters BIP Coding Group" date="1996-10-30"></editdetail></code></codes>
<codes class="bip:topics:1.0">
<code code="AOLkNZkGuo">
<editdetail action="confirmed" attribution="Reuters BIP Coding Group" date="1996-10-30"></editdetail></code>
<code code="GgUayCGOIB">
<editdetail action="confirmed" attribution="Reuters BIP Coding Group" date="1996-10-30"></editdetail></code></codes>
<dc element="dc.publisher" value="Reuters Holdings Plc"></dc>
<dc element="dc.datepublished" value="1996-10-30"></dc>
<dc element="dc.source" value="Reuters - Notícias em Português"></dc>
<dc element="dc.creator.location" value=""></dc>
<dc element="dc.creator.location.country.name" value=""></dc></metadata></newsitem>