<?xml version="1.0" encoding="UTF-8"?>

<newsitem date="1996-10-18" id="root" itemid="49900" xml:lang="pt">
<title></title>
<headline> MONETÁRIO FECHA EM BAIXA À ESPERA NOVO CORTE. </headline>
<byline></byline>
<dateline></dateline>
<text>
<p> O mercado monetário do escudo fechou em baixa, depois do corte da taxa de cedência e à espera de uma descida também da taxa de absorção segunda-feira na ordem dos 30 basis points. Os FRA desceram, embora não tenham ainda recuperado os níveis anteriores a quarta-feira. Os futuros estão em alta e prazos do monetário estão também a descer. * Tom/next em 6,95/7,00 pct vs 7,05/7,10 pct de manhã * Prazo 30 dias em 6,90/7,00 pct vs 6,95/7,02 pct ontem * Leilão segunda-feira 20 MC BT 182 dias, antes rateio 6,63 pct * BP cede 185,879 MC 7 dias próximo período a 7,0% (7,1% antes) * Futuro Set/97 sobe 0,05 para 93,61 com 250 contratos. </p>
<p> - Fernanda Pargana, Lisboa Editorial, 351-1-311.31.26 </p>
<p> (c) Reuters Limited 1996. </p></text>
<copyright>(c) Reuters Limited 1996</copyright>
<metadata>
<codes class="bip:countries:1.0">
<code code="CdScpiPdGn">
<editdetail action="confirmed" attribution="Reuters BIP Coding Group" date="1996-10-18"></editdetail></code>
<code code="AoZDjRgHZk">
<editdetail action="confirmed" attribution="Reuters BIP Coding Group" date="1996-10-18"></editdetail></code>
<code code="toaBummQYK">
<editdetail action="confirmed" attribution="Reuters BIP Coding Group" date="1996-10-18"></editdetail></code></codes>
<codes class="bip:topics:1.0">
<code code="KqaXPhNjtB">
<editdetail action="confirmed" attribution="Reuters BIP Coding Group" date="1996-10-18"></editdetail></code>
<code code="SqDRgEmidw">
<editdetail action="confirmed" attribution="Reuters BIP Coding Group" date="1996-10-18"></editdetail></code></codes>
<dc element="dc.publisher" value="Reuters Holdings Plc"></dc>
<dc element="dc.datepublished" value="1996-10-18"></dc>
<dc element="dc.source" value="Reuters - Notícias em Português"></dc>
<dc element="dc.creator.location" value=""></dc>
<dc element="dc.creator.location.country.name" value=""></dc></metadata></newsitem>