<?xml version="1.0" encoding="UTF-8"?>

<newsitem date="1996-10-04" id="root" itemid="49510" xml:lang="pt">
<title></title>
<headline> CAPITAL PORTUGAL DIZ RENDIBILIDADE 25,5% ATÉ 30 SET. </headline>
<byline></byline>
<dateline></dateline>
<text>
<p> LISBOA, 4 Out (Reuter) - A rendibilidade não anualizada do fundo fechado Capital Portugal, desde o início do ano até 30 de Setembro, ascendeu a 25,5 pct, ou seja cerca de 2,7 pct acima da evolução do Índice BVL, diz o fundo em comunicado. </p>
<p> &quot;A rendibilidade do Fundo (não anualizada) desde o início do ano até 30 de Setembro cifrou-se em 25,5 pct, cerca de 2,7 pct acima da evolução do Índice BVL Geral&quot;, refere o comunicado. </p>
<p> &quot;A cotação das unidades de participação tem-se situado, em média, 13 a 14 pct abaixo do valor patrimonial&quot;, adianta. </p>
<p> O fundo, gerido pela TOTTAFundos, tem actualmente activos globais de 23 milhões de contos (MC). </p>
<p> As maiores participações são em Mundial Confiança, Sonae Investimentos, Portugal Telecom, Jerónimo Martins e Cimpor. </p>
<p> &quot;Ao longo do terceiro trimestre de 1996, o Fundo investiu ou reforçou primordialmente as aplicações em Lusomundo, Cerexport, Engil, Sonae Investimentos e Inapa &quot;, referiu. </p>
<p> O Capital Portugal está, no mercado Contínuo, a cair 100 escudos para 15.900 escudos, tendo sido negociadas 110 unidades de participação. </p>
<p> - Sérgio Gonçalves, Lisboa Editorial, 351-1-3150035 (c) Reuters Limited 1996. </p></text>
<copyright>(c) Reuters Limited 1996</copyright>
<metadata>
<codes class="bip:countries:1.0">
<code code="bsdhdzJQbG">
<editdetail action="confirmed" attribution="Reuters BIP Coding Group" date="1996-10-04"></editdetail></code>
<code code="MfnfCuSjzI">
<editdetail action="confirmed" attribution="Reuters BIP Coding Group" date="1996-10-04"></editdetail></code>
<code code="lyOSfwdpKF">
<editdetail action="confirmed" attribution="Reuters BIP Coding Group" date="1996-10-04"></editdetail></code></codes>
<codes class="bip:topics:1.0">
<code code="fPfHRXPGcN">
<editdetail action="confirmed" attribution="Reuters BIP Coding Group" date="1996-10-04"></editdetail></code>
<code code="fLGgmhEGDM">
<editdetail action="confirmed" attribution="Reuters BIP Coding Group" date="1996-10-04"></editdetail></code></codes>
<dc element="dc.publisher" value="Reuters Holdings Plc"></dc>
<dc element="dc.datepublished" value="1996-10-04"></dc>
<dc element="dc.source" value="Reuters - Notícias em Português"></dc>
<dc element="dc.creator.location" value=""></dc>
<dc element="dc.creator.location.country.name" value=""></dc></metadata></newsitem>