<?xml version="1.0" encoding="UTF-8"?>

<newsitem date="1996-10-16" id="root" itemid="49833" xml:lang="pt">
<title></title>
<headline> ACÇÕES E FUTUROS PSI20 DESCEM, EVOLUÇÃO INDEFINIDA. </headline>
<byline></byline>
<dateline></dateline>
<text>
<p> As acções do Contínuo e os Futuros sobre o PSI20 fecharam em queda, seguindo os principais mercados estrangeiros, e a liquidez no cash a somar 5,9 milhões de contos, com a Cimpor, Portugal Telecom (PT) e BPI a representarem 75 pct do volume total. Evolução do mercado indefinida e dependente das outras praças, disseram dealers. *Índice PSI-20 (.PSI20)cai 0,21 pct para 4.779,28 pontos *Cimpor cai 29 escudos para 3.246. Negociadas 789.118 *BPI-SGPS cai um escudo para 1.804.Negociadas 579.801 *PT cai um escudo para 4.075. Negociadas 185.576 *Futuro PSI-20 Out/96 (PSI20V6)cai p/ 4.779 vs 4.796 ontem *Futuro PSI-20 Out/96 ajusta ao cash, último dia amanhã. </p>
<p> (c) Reuters Limited 1996. </p></text>
<copyright>(c) Reuters Limited 1996</copyright>
<metadata>
<codes class="bip:countries:1.0">
<code code="RUqfXRtYbO">
<editdetail action="confirmed" attribution="Reuters BIP Coding Group" date="1996-10-16"></editdetail></code>
<code code="aDytWoyXBM">
<editdetail action="confirmed" attribution="Reuters BIP Coding Group" date="1996-10-16"></editdetail></code>
<code code="CGJtkMcwNN">
<editdetail action="confirmed" attribution="Reuters BIP Coding Group" date="1996-10-16"></editdetail></code></codes>
<codes class="bip:topics:1.0">
<code code="jBhvFUGVZX">
<editdetail action="confirmed" attribution="Reuters BIP Coding Group" date="1996-10-16"></editdetail></code>
<code code="kdIVVltJKi">
<editdetail action="confirmed" attribution="Reuters BIP Coding Group" date="1996-10-16"></editdetail></code></codes>
<dc element="dc.publisher" value="Reuters Holdings Plc"></dc>
<dc element="dc.datepublished" value="1996-10-16"></dc>
<dc element="dc.source" value="Reuters - Notícias em Português"></dc>
<dc element="dc.creator.location" value=""></dc>
<dc element="dc.creator.location.country.name" value=""></dc></metadata></newsitem>