<?xml version="1.0" encoding="UTF-8"?>

<newsitem date="1996-10-09" id="root" itemid="49622" xml:lang="pt">
<title></title>
<headline> FUTUROS E CASH FECHAM SUSTENTADOS EM FORTE ALTA. </headline>
<byline></byline>
<dateline></dateline>
<text>
<p> As OT fecharam com os Futuros e o cash em forte alta e sem vacilarem no fecho, quando Espanha caiu dos máximos, após um dia em que os spreads positivos das curtas e os negativos das longas se apertaram para os Bonos, prevendo-se que estes voltem a ditar o caminho amanhã, disseram dealers. *Futuro Dez/96 103,34 vs 102,44 no fecho anterior *Futuro Bono Dez/96 108,40 vs 107,75 fecho anterior *OT/Fev/06 113,52 (112,55), yield 7,43% vs 7,57% fecho *Spread OT/Fev/06 e Bonos/Abr/06 -8 bp vs -9 bp fecho. </p>
<p> (c) Reuters Limited 1996. </p></text>
<copyright>(c) Reuters Limited 1996</copyright>
<metadata>
<codes class="bip:countries:1.0">
<code code="NsgxtaRSVz">
<editdetail action="confirmed" attribution="Reuters BIP Coding Group" date="1996-10-09"></editdetail></code>
<code code="XqeeVDEZJD">
<editdetail action="confirmed" attribution="Reuters BIP Coding Group" date="1996-10-09"></editdetail></code>
<code code="qWQJTaekuT">
<editdetail action="confirmed" attribution="Reuters BIP Coding Group" date="1996-10-09"></editdetail></code></codes>
<codes class="bip:topics:1.0">
<code code="uBSOrnkJmu">
<editdetail action="confirmed" attribution="Reuters BIP Coding Group" date="1996-10-09"></editdetail></code>
<code code="zoswrwicJE">
<editdetail action="confirmed" attribution="Reuters BIP Coding Group" date="1996-10-09"></editdetail></code></codes>
<dc element="dc.publisher" value="Reuters Holdings Plc"></dc>
<dc element="dc.datepublished" value="1996-10-09"></dc>
<dc element="dc.source" value="Reuters - Notícias em Português"></dc>
<dc element="dc.creator.location" value=""></dc>
<dc element="dc.creator.location.country.name" value=""></dc></metadata></newsitem>