<?xml version="1.0" encoding="UTF-8"?>

<newsitem date="1996-09-24" id="root" itemid="49204" xml:lang="pt">
<title></title>
<headline> ACÇÕES ABREM SEM FORTES OSCILAÇÕES,ESPERAM TXS FED. </headline>
<byline></byline>
<dateline></dateline>
<text>
<p> As acções do Contínuo abriram sem fortes oscilações de preços e a liquidez no cash a somar 1,8 milhões de contos, destacando-se os negócios com acções da Barbosa e Almeida, Banco Chemical, BCP e Tertir, prevendo os operadores uma sessão calma, devido à expectativa quanto ao FOMC da Fed dos EUA. Futuros sobre o PSI-20 sobem ligeiramente. *Índice PSI-20 cai 0,04 pontos para 4.752,93 pontos *BA cai 19 escudos para 2.861. Negociadas 153.700 *B.Chemical estável nos 1.630 escudos. Negociadas 101.140 *Futuro PSI20 Out96 sobe para 4.799 vs 4.797 pontos. </p></text>
<copyright>(c) Reuters Limited 1996</copyright>
<metadata>
<codes class="bip:countries:1.0">
<code code="IInANafaGG">
<editdetail action="confirmed" attribution="Reuters BIP Coding Group" date="1996-09-24"></editdetail></code>
<code code="uYsXWEVqju">
<editdetail action="confirmed" attribution="Reuters BIP Coding Group" date="1996-09-24"></editdetail></code>
<code code="VVcXTnyrdL">
<editdetail action="confirmed" attribution="Reuters BIP Coding Group" date="1996-09-24"></editdetail></code></codes>
<codes class="bip:topics:1.0">
<code code="oqusClGins">
<editdetail action="confirmed" attribution="Reuters BIP Coding Group" date="1996-09-24"></editdetail></code>
<code code="MxwjkpUYaC">
<editdetail action="confirmed" attribution="Reuters BIP Coding Group" date="1996-09-24"></editdetail></code></codes>
<dc element="dc.publisher" value="Reuters Holdings Plc"></dc>
<dc element="dc.datepublished" value="1996-09-24"></dc>
<dc element="dc.source" value="Reuters - Notícias em Português"></dc>
<dc element="dc.creator.location" value=""></dc>
<dc element="dc.creator.location.country.name" value=""></dc></metadata></newsitem>