<?xml version="1.0" encoding="UTF-8"?>

<newsitem date="1996-10-14" id="root" itemid="49743" xml:lang="pt">
<title></title>
<headline> ACÇÕES SEGUEM APÁTICAS E SEM VONTADE MUDAR RUMO. </headline>
<byline></byline>
<dateline></dateline>
<text>
<p> LISBOA, 14 Out (Reuter) - As acções do Contínuo seguiam bastante calmas na meia sessão e operadores afirmaram que até ao fecho não se deverão sentir fortes alterações com o feriado parcial nos EUA também a complicar o dia de hoje. </p>
<p> &quot;O feriado parcial nos EUA veio agravar esta segunda-feira, que por si só costumam ser bastante fracas&quot;, disse um dealer. </p>
<p> &quot;Apesar do mercado accionista americano estar aberto, o interesse em negociar é bastante reduzida e deve manter-se assim&quot;, afirmou outro operador. </p>
<p> De salientar, na sessão de hoje, o interesse pelas acções da ITI, que dealers consideraram como puro negócio. </p>
<p> Relativamente à transacção com acções da Soares da Costa, operadores disseram que estiveram envolvidos investidores não-residentes, mas pela quantidade movimentada não a consideram muito importante. </p>
<p> As acções da Portugal Telecom (PT) estão ligeiramente mais fracas que na sexta-feira, perdendo 15 escudos para 4.080, tendo-se negociado 40.022 papéis. </p>
<p> Em Nova Iorque, a PT está a negociar a níveis inferiores aos de Lisboa. </p>
<p> Segundo o &apos;Diário Económico&apos;, na quinta-feira, a PT vai apresentar a reestruturação do Grupo. </p>
<p> As acções da Cimpor subiram hoje, em vésperas de privatização, até aos 3.290 escudos. </p>
<p> Mudaram de maos 34.150 acções da Cimpor a subirem 17 escudos para 3.272. </p>
<p> - Paula Cordeiro, Lisboa Editorial, 351-1-3150035. (c) Reuters Limited 1996. </p></text>
<copyright>(c) Reuters Limited 1996</copyright>
<metadata>
<codes class="bip:countries:1.0">
<code code="oDeyowfSNA">
<editdetail action="confirmed" attribution="Reuters BIP Coding Group" date="1996-10-14"></editdetail></code>
<code code="KmomqGkMWt">
<editdetail action="confirmed" attribution="Reuters BIP Coding Group" date="1996-10-14"></editdetail></code>
<code code="nYbjIbFWlo">
<editdetail action="confirmed" attribution="Reuters BIP Coding Group" date="1996-10-14"></editdetail></code></codes>
<codes class="bip:topics:1.0">
<code code="XvpGPmQvyR">
<editdetail action="confirmed" attribution="Reuters BIP Coding Group" date="1996-10-14"></editdetail></code>
<code code="SAlRwhfiYU">
<editdetail action="confirmed" attribution="Reuters BIP Coding Group" date="1996-10-14"></editdetail></code></codes>
<dc element="dc.publisher" value="Reuters Holdings Plc"></dc>
<dc element="dc.datepublished" value="1996-10-14"></dc>
<dc element="dc.source" value="Reuters - Notícias em Português"></dc>
<dc element="dc.creator.location" value=""></dc>
<dc element="dc.creator.location.country.name" value=""></dc></metadata></newsitem>