<?xml version="1.0" encoding="UTF-8"?>

<newsitem date="1996-10-21" id="root" itemid="49923" xml:lang="pt">
<title></title>
<headline> ESCUDO CALMO MANHÃ, EQUILIBRADO 100,70 POR MARCO. </headline>
<byline></byline>
<dateline></dateline>
<text>
<p> O escudo manteve-se calmo e equilibrado contra o marco ao longo da manhã, num mercado apático e sem mostrar grande interesses. Dealers dizem que o escudo deverá manter-se num range estreito entre 100,70 e 100,75 por marco. </p>
<p> *Escudo 100,72/75 por marco contra 100,72/75 na abertura </p>
<p> *Escudo oscilou entre 100,70 e 100,73 por marco </p>
<p> *Peseta 84,12/14 por marco contra 84,10/11 na abertura </p>
<p> *Dólar 1,5423/28 marcos vs 1,5410/20 na abertura Europa </p>
<p> *BP mantém taxas directoras, absorve 6,8% e emergência 9% </p>
<p> *Irrealista Portugal entrar Moeda Única sem Espanha-C.Silva. </p>
<p>     ----Lisboa Editorial, 351.1.3113121. </p>
<p> (c) Reuters Limited 1996. </p></text>
<copyright>(c) Reuters Limited 1996</copyright>
<metadata>
<codes class="bip:countries:1.0">
<code code="srjHJMHIEw">
<editdetail action="confirmed" attribution="Reuters BIP Coding Group" date="1996-10-21"></editdetail></code>
<code code="GPLZtSYpKB">
<editdetail action="confirmed" attribution="Reuters BIP Coding Group" date="1996-10-21"></editdetail></code>
<code code="AbNyOLhfRp">
<editdetail action="confirmed" attribution="Reuters BIP Coding Group" date="1996-10-21"></editdetail></code></codes>
<codes class="bip:topics:1.0">
<code code="CBQNTpBdJi">
<editdetail action="confirmed" attribution="Reuters BIP Coding Group" date="1996-10-21"></editdetail></code>
<code code="MFymaUNTpI">
<editdetail action="confirmed" attribution="Reuters BIP Coding Group" date="1996-10-21"></editdetail></code>
<code code="AjPdnakWjK">
<editdetail action="confirmed" attribution="Reuters BIP Coding Group" date="1996-10-21"></editdetail></code></codes>
<dc element="dc.publisher" value="Reuters Holdings Plc"></dc>
<dc element="dc.datepublished" value="1996-10-21"></dc>
<dc element="dc.source" value="Reuters - Notícias em Português"></dc>
<dc element="dc.creator.location" value=""></dc>
<dc element="dc.creator.location.country.name" value=""></dc></metadata></newsitem>