<?xml version="1.0" encoding="UTF-8"?>

<newsitem date="1996-08-27" id="root" itemid="48448" xml:lang="pt">
<title></title>
<headline> MMI TRANSACCIONA 143,070 MC, TMP O/N 7,1313 PCT. </headline>
<byline></byline>
<dateline></dateline>
<text>
<p> LISBOA, 27 Ago (Reuter) - O Mercado Monetário Interbancário (MMI) movimentou hoje 143,070 milhões de contos (MC) com 85 negócios nas operações com data-valor do próprio dia, a um e a dois dias, informou o Banco de Portugal. </p>
<p> O overnight (o/n) movimentou 67,806 MC com operações com data-valor do dia a uma taxa média ponderada (TMP) de 7,1313 pct contra 7,1906 pct na anterior sessão. </p>
<p> - Lisboa Editorial, 351-1-315.00.35. </p>
<p> (c) Reuters Limited 1996. </p></text>
<copyright>(c) Reuters Limited 1996</copyright>
<metadata>
<codes class="bip:countries:1.0">
<code code="HKrRJHqFMN">
<editdetail action="confirmed" attribution="Reuters BIP Coding Group" date="1996-08-27"></editdetail></code>
<code code="yuFDZysXIt">
<editdetail action="confirmed" attribution="Reuters BIP Coding Group" date="1996-08-27"></editdetail></code>
<code code="jnDdrEQGBo">
<editdetail action="confirmed" attribution="Reuters BIP Coding Group" date="1996-08-27"></editdetail></code></codes>
<codes class="bip:topics:1.0">
<code code="NdczvkeSSd">
<editdetail action="confirmed" attribution="Reuters BIP Coding Group" date="1996-08-27"></editdetail></code>
<code code="HxsyuwqUqY">
<editdetail action="confirmed" attribution="Reuters BIP Coding Group" date="1996-08-27"></editdetail></code>
<code code="QFFTwlXWtY">
<editdetail action="confirmed" attribution="Reuters BIP Coding Group" date="1996-08-27"></editdetail></code></codes>
<dc element="dc.publisher" value="Reuters Holdings Plc"></dc>
<dc element="dc.datepublished" value="1996-08-27"></dc>
<dc element="dc.source" value="Reuters - Notícias em Português"></dc>
<dc element="dc.creator.location" value=""></dc>
<dc element="dc.creator.location.country.name" value=""></dc></metadata></newsitem>