<?xml version="1.0" encoding="UTF-8"?>

<newsitem date="1996-09-18" id="root" itemid="49023" xml:lang="pt">
<title></title>
<headline> FUTURO LISBOR 3 MESES MAR/97 ABRE A 93,10 VS 93,09. </headline>
<byline></byline>
<dateline></dateline>
<text>
<p> *Futuro Lisbor 3 meses Mar/97 abre 93,10 vs 93,09 </p>
<p> *Dólar 1,5145/50 marcos vs 1,5130/45 no fecho Europa ontem </p>
<p> *BP cede até 120 MC, 1 dia, em leilão e absorve a 6,8 pct </p>
<p> *BP divulga condições cedência MMI para próximo período </p>
<p> *Tesouro coloca 18,5 MC BT 364 dias, TMP 6,9762% (7,0539) </p>
<p> - Lisboa Editorial, 351-1-311.31.26 </p>
<p> * Para informação relacionada, fazer duplo &apos;click&apos; em: </p>
<p> - Anúncios do Banco de Portugal </p>
<p> - Resultados das intervenções do Banco Portugal </p>
<p> - Multicontribuida taxas escudo depósito e forward </p>
<p> - Multicontribuida taxas FRA IMM. </p>
<p> (c) Reuters Limited 1996. </p></text>
<copyright>(c) Reuters Limited 1996</copyright>
<metadata>
<codes class="bip:countries:1.0">
<code code="WzSNYaacCj">
<editdetail action="confirmed" attribution="Reuters BIP Coding Group" date="1996-09-18"></editdetail></code>
<code code="GFbvnulXNS">
<editdetail action="confirmed" attribution="Reuters BIP Coding Group" date="1996-09-18"></editdetail></code>
<code code="xhJHeYcPeQ">
<editdetail action="confirmed" attribution="Reuters BIP Coding Group" date="1996-09-18"></editdetail></code></codes>
<codes class="bip:topics:1.0">
<code code="orWHJmteWC">
<editdetail action="confirmed" attribution="Reuters BIP Coding Group" date="1996-09-18"></editdetail></code>
<code code="vtHYsqoUaU">
<editdetail action="confirmed" attribution="Reuters BIP Coding Group" date="1996-09-18"></editdetail></code></codes>
<dc element="dc.publisher" value="Reuters Holdings Plc"></dc>
<dc element="dc.datepublished" value="1996-09-18"></dc>
<dc element="dc.source" value="Reuters - Notícias em Português"></dc>
<dc element="dc.creator.location" value=""></dc>
<dc element="dc.creator.location.country.name" value=""></dc></metadata></newsitem>