<?xml version="1.0" encoding="UTF-8"?>

<newsitem date="1996-10-02" id="root" itemid="49419" xml:lang="pt">
<title></title>
<headline> ANO 1996 BOM VINHO E CEREAIS, MAU BATATA - INE. </headline>
<byline></byline>
<dateline></dateline>
<text>
<p> LISBOA, 2 Out (Reuter) - As elevadas produtividades de uva para vinho fazem prever uma excelente campanha vitícola em 1996, prevê o Instituto Nacional de Estatística (INE), nas suas previsões agrícolas de Agosto. </p>
<p> O INE prevê, ainda, uma boa campanha para a generalidade dos cereais, das frutas e das culturas destinadas à indústria, mas admite que a produção de batata continue a baixar. </p>
<p> &quot;O mês de Agosto decorreu mais frio e húmido do que em anos anteriores, o que constitui um saldo positivo para a agricultura em geral&quot;, refere o INE. </p>
<p> Para as vinhas para vinho o INE prevê um aumento de produtividade de cerca de 15 pct face a igual período do ano passado, fazendo antever que 1996 proporcionará uma excelente campanha vitícola. </p>
<p> A actual previsão permite confirmar que a presente campanha (1995/96) registará um aumento generalizado na produçâo de cereais praganosos de Outono-Inverno relativamente ao ano anterior. </p>
<p> As produções previstas de trigo e aveia deverão exceder em 15 pct as do ano passado, atingindo, respectivamente, 414 mil toneladas e 66 mil toneladas. </p>
<p> Para o centeio o acréscimo é mais significativo, prevendo o INE uma produção que rondará as 51 mil toneladas. </p>
<p> As actuais perspectivas para os cereais de Primavera-Verão afiguram-se positivas, o milho em regime de regadio e sequeiro apresenta crescimentos, respectivamente, de cinco e sete pct. </p>
<p> A primeira previsão de produção de batata em regime de regadio, 1.002 mil toneladas, reflecte um decréscimo de cinco pct, relativamente ao ano de 1995. </p>
<p> A batata de sequeiro segue a mesma tendência com igual decréscimo relativamente ao ano anterior e de nove pct face à produção médias das últimas cinco campanhas. </p>
<p> As culturas destinadas à indústria está com boas perspectivas para o girassol, com mais 30 pct, enquanto a produtividade do tomate mantém-se aos níveis de 1995. </p>
<p> Nos pomares, a actual previsão aponta para um aumento generalizado das produções por hectare de maçã, pera, kiwi e amêndoa. </p>
<p> - Lisboa Editorial, 351.1.3113121. </p>
<p> (c) Reuters Limited 1996. </p></text>
<copyright>(c) Reuters Limited 1996</copyright>
<metadata>
<codes class="bip:countries:1.0">
<code code="MdejGRpwGW">
<editdetail action="confirmed" attribution="Reuters BIP Coding Group" date="1996-10-02"></editdetail></code>
<code code="dRkihVQOtr">
<editdetail action="confirmed" attribution="Reuters BIP Coding Group" date="1996-10-02"></editdetail></code>
<code code="HqDUekcbNA">
<editdetail action="confirmed" attribution="Reuters BIP Coding Group" date="1996-10-02"></editdetail></code></codes>
<codes class="bip:topics:1.0">
<code code="gRVDveWwkq">
<editdetail action="confirmed" attribution="Reuters BIP Coding Group" date="1996-10-02"></editdetail></code>
<code code="vlnmutPRDM">
<editdetail action="confirmed" attribution="Reuters BIP Coding Group" date="1996-10-02"></editdetail></code>
<code code="SkGEPALQeP">
<editdetail action="confirmed" attribution="Reuters BIP Coding Group" date="1996-10-02"></editdetail></code></codes>
<dc element="dc.publisher" value="Reuters Holdings Plc"></dc>
<dc element="dc.datepublished" value="1996-10-02"></dc>
<dc element="dc.source" value="Reuters - Notícias em Português"></dc>
<dc element="dc.creator.location" value=""></dc>
<dc element="dc.creator.location.country.name" value=""></dc></metadata></newsitem>