<?xml version="1.0" encoding="UTF-8"?>

<newsitem date="1996-08-30" id="root" itemid="48540" xml:lang="pt">
<title></title>
<headline> MONETÁRIO ABRE LÍQUIDO E POUCO MOVIMENTADO. </headline>
<byline></byline>
<dateline></dateline>
<text>
<p> LISBOA, 30 Ago (Reuter) - O mercado monetário do escudo abriu calmo, sem muito movimento e com as taxas estáveis, sem os operadores esperarem grandes oscilações ao longo de todo o dia. Expectativa para a abertura do mercado de futuros sobre a taxa Lisbor a três meses, na próxima segunda-feira. </p>
<p> &quot;O mercado hoje está muito calmo, não há praticamente interesses&quot;, disse uma operadora. </p>
<p> &quot;Como o mercado monetário está mais líquido e o curto prazo se aproxima mais da taxa de absorção, o Banco de Portugal podia dar uma indicação no sentido da baixa ao cortar a taxa de absorção, por exemplo para 6,50 pct&quot;, disse outro operador. </p>
<p> Vários operadores e analistas contactados pela Reuters consideraram que os futuros sobre a Lisbor a três meses, cuja negociação se vai iniciar segunda-feira, deverá ter uma boa liquidez, entre outras razões porque o mercado de FRA, com algumas similaridades com os futuros, já tem uma liquidez razoável. </p>
<p> Na abertura, os três meses estavam em 7,15/7,21 pct, e os seis e 12 meses em 7,11/7,19 pct. </p></text>
<copyright>(c) Reuters Limited 1996</copyright>
<metadata>
<codes class="bip:countries:1.0">
<code code="tIpytkgiGR">
<editdetail action="confirmed" attribution="Reuters BIP Coding Group" date="1996-08-30"></editdetail></code>
<code code="xVqWxFqamf">
<editdetail action="confirmed" attribution="Reuters BIP Coding Group" date="1996-08-30"></editdetail></code>
<code code="DDguszZmnH">
<editdetail action="confirmed" attribution="Reuters BIP Coding Group" date="1996-08-30"></editdetail></code></codes>
<codes class="bip:topics:1.0">
<code code="fukPYMDQPv">
<editdetail action="confirmed" attribution="Reuters BIP Coding Group" date="1996-08-30"></editdetail></code>
<code code="SvIlZoawRG">
<editdetail action="confirmed" attribution="Reuters BIP Coding Group" date="1996-08-30"></editdetail></code>
<code code="UnEAZxpKHl">
<editdetail action="confirmed" attribution="Reuters BIP Coding Group" date="1996-08-30"></editdetail></code></codes>
<dc element="dc.publisher" value="Reuters Holdings Plc"></dc>
<dc element="dc.datepublished" value="1996-08-30"></dc>
<dc element="dc.source" value="Reuters - Notícias em Português"></dc>
<dc element="dc.creator.location" value=""></dc>
<dc element="dc.creator.location.country.name" value=""></dc></metadata></newsitem>