<?xml version="1.0" encoding="UTF-8"?>

<newsitem date="1996-10-07" id="root" itemid="49550" xml:lang="pt">
<title></title>
<headline> ESCUDO FECHA FORTE VS MARCO E COM GENICA PARA MAIS. </headline>
<byline></byline>
<dateline></dateline>
<text>
<p> LISBOA, 7 Out (Reuter) - O escudo fechou forte contra o marco e continua a mostrar vontade em voltar a quebrar os 101,00, apoiado também no fortalecimento de moedas como a peseta e o franco francês. </p>
<p> Às 1545 TMG, o escudo cotava 101,04/09 por marco contra 101,067 na cotação indicativa do Banco de Portugal (BP) e 101,21/24 na abertura. </p>
<p> &quot;Há vontade de pôr o escudo mais forte, o único impedimento parece ser o Banco de Espanha que não tem deixado a peseta apreciar-se mais, pelo menos além dos 84,05&quot;, disse um cambista. </p>
<p> &quot;Isso condiciona a apreciação do escudo&quot;, acrescentou. </p>
<p> &quot;O escudo está forte e em alta, como acontece com o Paris (franco francês) e a peseta. Com estas a manterem-se a subir o escudo vai acabar por quebrar outra vez a figura (101,00 por marco)&quot;, disse outro operador. </p>
<p> &quot;O sentimento é para o fortalecimento do escudo, até porque as outras moedas (sul da Europa) também estão a evoluir nesse sentido e o dólar mostra firmeza acima dos 1,53 marcos&quot;, disse outro dealer. </p>
<p>     ----José Barata, Lisboa Editorial, 351.1.3113121. </p>
<p> (c) Reuters Limited 1996. </p></text>
<copyright>(c) Reuters Limited 1996</copyright>
<metadata>
<codes class="bip:countries:1.0">
<code code="WAgeSJSKkV">
<editdetail action="confirmed" attribution="Reuters BIP Coding Group" date="1996-10-07"></editdetail></code>
<code code="BHnuuFLvGh">
<editdetail action="confirmed" attribution="Reuters BIP Coding Group" date="1996-10-07"></editdetail></code>
<code code="lyXgEYtmus">
<editdetail action="confirmed" attribution="Reuters BIP Coding Group" date="1996-10-07"></editdetail></code></codes>
<codes class="bip:topics:1.0">
<code code="TBoQLblSTO">
<editdetail action="confirmed" attribution="Reuters BIP Coding Group" date="1996-10-07"></editdetail></code>
<code code="rVcQSUElXR">
<editdetail action="confirmed" attribution="Reuters BIP Coding Group" date="1996-10-07"></editdetail></code>
<code code="WcbVxuZbsn">
<editdetail action="confirmed" attribution="Reuters BIP Coding Group" date="1996-10-07"></editdetail></code></codes>
<dc element="dc.publisher" value="Reuters Holdings Plc"></dc>
<dc element="dc.datepublished" value="1996-10-07"></dc>
<dc element="dc.source" value="Reuters - Notícias em Português"></dc>
<dc element="dc.creator.location" value=""></dc>
<dc element="dc.creator.location.country.name" value=""></dc></metadata></newsitem>