<?xml version="1.0" encoding="UTF-8"?>

<newsitem date="1996-08-20" id="root" itemid="48250" xml:lang="pt">
<title></title>
<headline> LEILÃO OT/MAR/01 PREVÊ-SE DEFENSIVO,ACIMA SECUNDÁRIO. </headline>
<byline></byline>
<dateline></dateline>
<text>
<p> Por Sérgio Gonçalves LISBOA, 20 Ago (Reuter) - O leilão de OT/Março/01 deverá registar propostas defensivas dos bancos, prevendo-se que as taxas saiam ligeiramente acima do secundário e que o Tesouro possa optar por uma colocação parcial, disseram dealers. </p>
<p> &quot;Os bancos vão defensivos ao leilão, com taxas ligeiramente acima do secundário, porque não se sabe o que o FED irá fazer (hoje) à sua política monetária, nem o que o que o Buba faz (na quinta-feira)&quot;, disse um director. </p>
<p> &quot;As taxas propostas serão seguramente acima dos oito pct, podendo atingir um máximo junto dos 8,07 pct&quot;, disse um dealer. </p>
<p> &quot;A maioria das propostas poderão fixar-se junto dos 8,04 pct. O Tesouro pode cortar as propostas junto deste nível, optando por uma colocação parcial&quot;, adiantou. </p>
<p> No último leilão, em 25 de Julho, o Tesouro colocou 20 milhões de contos (MC) de OT/Mar/01 à taxa média ponderada (TMP) de 8,0161 pct, a máxima foi 8,03 pct e a mínima 7,97 pct. </p>
<p> Ontem, no Contínuo, negociaram-se apenas 1.570 OT/Mar/01 a subirem cinco escudos para 10.270, uma yield de 8,0 pct. </p>
<p> O Tesouro propõe-se colocar 20 MC, sem contar com a tranche de cerca de 33 pct reservada a OEVT, de OT/Mar/01, podendo aquele montante ser estendido para os 25 MC. </p>
<p> &quot;O mercado está no fio da navalha. Se o FED subir (hoje) as taxas (curto-prazo), isso pode ser mal recebido pelos US T.Bonds, e poderá, caso haja um fluxo de desinvestimento aí, enfraquecer o dólar&quot;, lembrou um analista. </p>
<p> &quot;Uma queda dos Treasuries e um enfraquecimento do dólar são, normalmente, más notícias para os periféricos (europeus) e também para as OT&quot;, adiantou. </p>
<p> &quot;Contudo, não podemos penalizar muito os preços pois, se o FED não fizer nada, as OT deverão ficar suportadas devido à proximidade da reunião do Buba que, mesmo que não corte taxas esta semana, ainda tem no horizonte um corte&quot;, acrescentou. </p>
<p> &quot;Apesar de haver interesse de investidores finais, estamos em Agosto com muitos decisores de férias e há muito pouca gente a querer aumentar a exposição a taxa fixa&quot;, disse o primeiro. </p>
<p> &quot;Quem pode ser mais agressivo são os investidores finais, mas estes, desde há algum tempo, que desertaram do secundário, deixando-o nas mãos dos bancos&quot;, afirmou. </p>
<p> &quot;Os bancos, que tiveram um mega-leilão (25 de Julho) e os leilões normais posteriormente, exigem um prémio para ir ao leilão&quot;, referiu. </p>
<p> &quot;Esses factores também inibem a agressividade e fazem com que a procura não se preveja muito forte&quot;, disse o segundo. </p>
<p> &quot;O mercado está em níveis tais que tanto pode subir sustentadamente, como pode corrigir, mas duvido que haja muita gente a apostar num dos lados e a pagar antecipadamente o seu preço&quot;, concluiu o analista. </p>
<p> - Lisboa Editorial, 351-1-3150035 (c) Reuters Limited 1996. </p></text>
<copyright>(c) Reuters Limited 1996</copyright>
<metadata>
<codes class="bip:countries:1.0">
<code code="rJGZhYxTeP">
<editdetail action="confirmed" attribution="Reuters BIP Coding Group" date="1996-08-20"></editdetail></code>
<code code="nobGHvoLFC">
<editdetail action="confirmed" attribution="Reuters BIP Coding Group" date="1996-08-20"></editdetail></code>
<code code="MdtWfNOBIm">
<editdetail action="confirmed" attribution="Reuters BIP Coding Group" date="1996-08-20"></editdetail></code></codes>
<codes class="bip:topics:1.0">
<code code="zRZyOhKFGr">
<editdetail action="confirmed" attribution="Reuters BIP Coding Group" date="1996-08-20"></editdetail></code>
<code code="IKtXJdJFYe">
<editdetail action="confirmed" attribution="Reuters BIP Coding Group" date="1996-08-20"></editdetail></code>
<code code="BlhmSiYvMn">
<editdetail action="confirmed" attribution="Reuters BIP Coding Group" date="1996-08-20"></editdetail></code></codes>
<dc element="dc.publisher" value="Reuters Holdings Plc"></dc>
<dc element="dc.datepublished" value="1996-08-20"></dc>
<dc element="dc.source" value="Reuters - Notícias em Português"></dc>
<dc element="dc.creator.location" value=""></dc>
<dc element="dc.creator.location.country.name" value=""></dc></metadata></newsitem>