<?xml version="1.0" encoding="UTF-8"?>

<newsitem date="1996-08-29" id="root" itemid="48514" xml:lang="pt">
<title></title>
<headline> ACÇÕES ABREM CALMAS, PT SOBE EXPECTATIVAS SEMESTRE. </headline>
<byline></byline>
<dateline></dateline>
<text>
<p> 1010 TMG - As acções do Contínuo abriram bastante mais calmas que na sessão de ontem, destacando-se, uma vez mais, a subida das acções da Portugal Telecom (PT) até ao máximo do dia nos 4.074 escudos, bastante acima do fecho em Nova Iorque, com dealers a preverem uma sessão sem grandes movimentos. Cimpor sobe até aos 3.434 escudos. Futuros PSI em alta. *Índice PSI-20 cai 0,17 pct para 4.715,89 pontos *PT sobe 9 escudos para 4.074. Negociadas 138.196 *PT fecha Nova Iorque subir 0,125 dólares para 26,625 *Futuro PSI-20 Set/96 sobe p/ 4.739 vs 4.734 ontem (segue comentário de mercado). </p>
<p> Em Nova Iorque, a PT fechou nos 4.035 escudos. </p>
<p> Quanto à passagem de 71.500 acções da F.Ramada, operadores não souberam explicar a natureza da operação. As acções subiram um escudo para 2.001. </p>
<p> As acções do BPI-SGPS caíram hoje até aos 1.878 escudos, mas operadores acreditam que o nível de suporte da cotação é nos 1.900 escudos. </p>
<p> Negociaram-se 20.818 acções do BPI-SGPS a descerem dois escudos para 1.898. </p>
<p> - Paula Cordeiro, Lisboa Editorial, 351-1-3150035. </p>
<p> (c) Reuters Limited 1996. </p></text>
<copyright>(c) Reuters Limited 1996</copyright>
<metadata>
<codes class="bip:countries:1.0">
<code code="TmPVqvrRcF">
<editdetail action="confirmed" attribution="Reuters BIP Coding Group" date="1996-08-29"></editdetail></code>
<code code="EuygOLCmhs">
<editdetail action="confirmed" attribution="Reuters BIP Coding Group" date="1996-08-29"></editdetail></code>
<code code="OdJGZfpgZY">
<editdetail action="confirmed" attribution="Reuters BIP Coding Group" date="1996-08-29"></editdetail></code></codes>
<codes class="bip:topics:1.0">
<code code="EnXvfwpWSy">
<editdetail action="confirmed" attribution="Reuters BIP Coding Group" date="1996-08-29"></editdetail></code>
<code code="NyLSDbTxuf">
<editdetail action="confirmed" attribution="Reuters BIP Coding Group" date="1996-08-29"></editdetail></code></codes>
<dc element="dc.publisher" value="Reuters Holdings Plc"></dc>
<dc element="dc.datepublished" value="1996-08-29"></dc>
<dc element="dc.source" value="Reuters - Notícias em Português"></dc>
<dc element="dc.creator.location" value=""></dc>
<dc element="dc.creator.location.country.name" value=""></dc></metadata></newsitem>