<?xml version="1.0" encoding="UTF-8"?>

<newsitem date="1996-09-12" id="root" itemid="48870" xml:lang="pt">
<title></title>
<headline> IPC MENSAL =2. </headline>
<byline></byline>
<dateline></dateline>
<text>
<p> VARIAÇÃO MENSAL   AGO 96 JUL 96  AGO 95 Alimentação e bebidas +0,4 pct    +0,2 pct     +0,9 pct Vestuário e calçado    0,0 pct    +0,1 pct     -0,2 pct Conforto da habitação +0,1 pct    +0,2 pct     +0,1 pct Saúde       +0,3 pct    +0,1 pct     +0,5 pct </p>
<p> Transportes, comunicações  +0,1 pct    +0,1 pct     -0,1 pct </p>
<p> Ens., cultura, distração   +0,6 pct    +0,1 pct     +1,0 pct </p>
<p> Tabaco, despesas fumador   +2,7 pct    +2,3 pct 0,0 pct </p>
<p> Outros bens e serviços     +0,2 pct    +0,1 pct     +0,9 pct </p>
<p> ---------------------------------------------------------------- </p>
<p> Total excepto habitação    +0,3 pct    +0,2 pct    +0,5 pct </p>
<p>     ---Lisboa Editorial, 351-1-3150035. </p>
<p> (c) Reuters Limited 1996. </p></text>
<copyright>(c) Reuters Limited 1996</copyright>
<metadata>
<codes class="bip:countries:1.0">
<code code="ZcDXBJyITG">
<editdetail action="confirmed" attribution="Reuters BIP Coding Group" date="1996-09-12"></editdetail></code>
<code code="iAasbQHUMP">
<editdetail action="confirmed" attribution="Reuters BIP Coding Group" date="1996-09-12"></editdetail></code>
<code code="bqdKbqmvZi">
<editdetail action="confirmed" attribution="Reuters BIP Coding Group" date="1996-09-12"></editdetail></code></codes>
<codes class="bip:topics:1.0">
<code code="YmNQrefvSH">
<editdetail action="confirmed" attribution="Reuters BIP Coding Group" date="1996-09-12"></editdetail></code>
<code code="TRFtAVDgss">
<editdetail action="confirmed" attribution="Reuters BIP Coding Group" date="1996-09-12"></editdetail></code>
<code code="BnBjqYWShb">
<editdetail action="confirmed" attribution="Reuters BIP Coding Group" date="1996-09-12"></editdetail></code></codes>
<dc element="dc.publisher" value="Reuters Holdings Plc"></dc>
<dc element="dc.datepublished" value="1996-09-12"></dc>
<dc element="dc.source" value="Reuters - Notícias em Português"></dc>
<dc element="dc.creator.location" value=""></dc>
<dc element="dc.creator.location.country.name" value=""></dc></metadata></newsitem>