<?xml version="1.0" encoding="UTF-8"?>

<newsitem date="1996-09-23" id="root" itemid="49170" xml:lang="pt">
<title></title>
<headline> ESCUDO FECHA FORTE VS MARCO E À ESPERA DA FED. </headline>
<byline></byline>
<dateline></dateline>
<text>
<p> LISBOA, 23 Set (Reuter) - O escudo fechou forte contra o marco, numa sessão morna e em que as atenções estiveram postas não só nos movimentos das moedas do sul da Europa e também nas expectativas em relação à reunião de amanhã do Federal Open Market Committée (FOMC) da Reserva Federal. </p>
<p> Às 1653 TMG, o escudo cotava 101,84/87 por marco contra 101,860 na cotação indicativa do Banco de Portugal (BP) e 101,83/85 na abertura. </p>
<p> &quot;Foi uma sessão calma, sem interesses especiais e em que o mercado se limitou a seguir a peseta e o Paris, embora com os olhos postos na reunião de amanhã do FOMC&quot;, disse um cambista. </p>
<p> (c) Reuters Limited 1996. </p></text>
<copyright>(c) Reuters Limited 1996</copyright>
<metadata>
<codes class="bip:countries:1.0">
<code code="EiYSGdpjNW">
<editdetail action="confirmed" attribution="Reuters BIP Coding Group" date="1996-09-23"></editdetail></code>
<code code="TJomFDIyXc">
<editdetail action="confirmed" attribution="Reuters BIP Coding Group" date="1996-09-23"></editdetail></code>
<code code="SjLqCEwFDt">
<editdetail action="confirmed" attribution="Reuters BIP Coding Group" date="1996-09-23"></editdetail></code></codes>
<codes class="bip:topics:1.0">
<code code="SZIJqlUxpz">
<editdetail action="confirmed" attribution="Reuters BIP Coding Group" date="1996-09-23"></editdetail></code>
<code code="TQNCRCcdJP">
<editdetail action="confirmed" attribution="Reuters BIP Coding Group" date="1996-09-23"></editdetail></code>
<code code="rytQlujGzv">
<editdetail action="confirmed" attribution="Reuters BIP Coding Group" date="1996-09-23"></editdetail></code></codes>
<dc element="dc.publisher" value="Reuters Holdings Plc"></dc>
<dc element="dc.datepublished" value="1996-09-23"></dc>
<dc element="dc.source" value="Reuters - Notícias em Português"></dc>
<dc element="dc.creator.location" value=""></dc>
<dc element="dc.creator.location.country.name" value=""></dc></metadata></newsitem>