<?xml version="1.0" encoding="UTF-8"?>

<newsitem date="1996-10-01" id="root" itemid="49387" xml:lang="pt">
<title></title>
<headline> ESCUDO SEGUE ESTÁVEL NA MEIA SESSÃO. </headline>
<byline></byline>
<dateline></dateline>
<text>
<p> O escudo seguia estável à volta dos 101,70 por marco na meia sessão, com dealers sem perspectivas de que se registem muitas oscilações ao longo do dia, devido também à razoável estabilidade dos outros crosses europeus do marco. </p>
<p> *Escudo 101,67/72 por marco contra 101,72/74 na abertura </p>
<p> *Peseta 84,20/22 por marco contra 84,23/25 de manhã </p>
<p> *Dólar 1,5238/40 marcos vs 1,5220/24 na abertura Europa </p>
<p> *Tesouro coloca 10 MC OT/Fev/06, TMP 7,87 pct vs 8,7228 pct </p>
<p> *BP cede 58,424 MC a 3 dias, antes TMP 7,25 pct </p>
<p> *Leilão amanhã de 20 MC de BT 91 dias, anterior rateio 7,0%. </p>
<p>     ----Fernanda Pargana, Lisboa Editorial, 351.1.3113126 </p>
<p> (c) Reuters Limited 1996. </p></text>
<copyright>(c) Reuters Limited 1996</copyright>
<metadata>
<codes class="bip:countries:1.0">
<code code="KVqaaaOFlZ">
<editdetail action="confirmed" attribution="Reuters BIP Coding Group" date="1996-10-01"></editdetail></code>
<code code="NsvgjnYUCn">
<editdetail action="confirmed" attribution="Reuters BIP Coding Group" date="1996-10-01"></editdetail></code>
<code code="BQivhYTZhL">
<editdetail action="confirmed" attribution="Reuters BIP Coding Group" date="1996-10-01"></editdetail></code></codes>
<codes class="bip:topics:1.0">
<code code="KdLUPVJOnN">
<editdetail action="confirmed" attribution="Reuters BIP Coding Group" date="1996-10-01"></editdetail></code>
<code code="dnVBDVWqtz">
<editdetail action="confirmed" attribution="Reuters BIP Coding Group" date="1996-10-01"></editdetail></code>
<code code="pUWGydnapm">
<editdetail action="confirmed" attribution="Reuters BIP Coding Group" date="1996-10-01"></editdetail></code></codes>
<dc element="dc.publisher" value="Reuters Holdings Plc"></dc>
<dc element="dc.datepublished" value="1996-10-01"></dc>
<dc element="dc.source" value="Reuters - Notícias em Português"></dc>
<dc element="dc.creator.location" value=""></dc>
<dc element="dc.creator.location.country.name" value=""></dc></metadata></newsitem>