<?xml version="1.0" encoding="UTF-8"?>

<newsitem date="1996-10-18" id="root" itemid="49892" xml:lang="pt">
<title></title>
<headline> ACÇÃO IMEDIATA EMPREGO COM 134 MIL PESSOAS ATÉ SET. </headline>
<byline></byline>
<dateline></dateline>
<text>
<p> LISBOA, 18 Out (Reuter) - O Programa de Acção Imediata para o Emprego (PAIE) envolveu, até ao final de Setembro, 134 mil indivíduos, prevendo-se que no final do ano ascendam a 150 mil, refere o Ministério para a Qualificação e o Emprego (MQE). </p>
<p> &quot;O fenómeno do desemprego é actualmente alvo de grande preocupação por parte do Governo que está a actuar no sentido de controlar o seu agravamento quer ao nível da sua componente estrutural quer a um nível mais imediato de uma melhor gestão do mercado do emprego&quot;, adianta o MQE em comunicado. </p>
<p> &quot;Os números do desemprego registado (IEFP) em Setembro confirmam que o esforço desenvolvido pelo Governo está a traduzir-se em resultados positivos&quot;, adianta o MQE. </p>
<p> Os desempregados inscritos no continente e regiões autónomas nos centros de emprego do Instituto de Emprego e Formação Profissional (IEFP) caiu, em Setembro de 1996, 0,3 pct para 451.174 em relação a Agosto, anunciou hoje o IEFP. </p>
<p> Contra Setembro de 1995, os desempregados cresceram 6,1 pct. </p>
<p> A taxa de desemprego, no terceiro trimestre de 1996, foi 7,1 pct contra 7,2 pct no trimestre anterior e 6,9 pct no terceiro trimestre de 1995, segundo o Instituto Nacional de Estatística. </p>
<p> As estatísticas do INE e do IEFP não são comparáveis. </p>
<p> O MQE refere que relativamente à componente estrutural, adianta que se estão a desenvolver medidas cujo objectivo incide quer no aumento global da qualificação dos indivíduos quer na procura de um real ajustamento das políticas de formação às necessidade do mercado de trabalho. </p>
<p> &quot;Medidas estas que por exigirem alterações profundas levam mais tempo a tornar visíveis os seus resultados&quot;, afirma. </p>
<p> &quot;Igualmente as políticas sectoriais e regionais que estão a ser implementadas pelo Governo têm subjacente a preocupação de contribuir para minimizar a componente estrutural do desemprego&quot;, refere. </p>
<p> &quot;Ao nível do curto-prazo, o Governo tem vindo a desenvolver um trabalho de fundo que passa pelo esforço desenvolvido pelos serviços de emprego, quer ao nível da reforma dos Centros de Emprego e a todo um conjunto de novas medidas consubstanciadas no PAIE&quot;, diz o MQE. </p>
<p> &quot;Quer através de uma maior dinâmica dos Centros de Formação Profissional (CFP) que actualmente estão em pleno funcionamento&quot;, adianta. </p>
<p> - Sérgio Gonçalves, Lisboa Editorial, 351-1-3150035. </p>
<p> (c) Reuters Limited 1996. </p></text>
<copyright>(c) Reuters Limited 1996</copyright>
<metadata>
<codes class="bip:countries:1.0">
<code code="RKNlejOMfY">
<editdetail action="confirmed" attribution="Reuters BIP Coding Group" date="1996-10-18"></editdetail></code>
<code code="SiTWVNfobz">
<editdetail action="confirmed" attribution="Reuters BIP Coding Group" date="1996-10-18"></editdetail></code>
<code code="EvMoLGkWzL">
<editdetail action="confirmed" attribution="Reuters BIP Coding Group" date="1996-10-18"></editdetail></code></codes>
<codes class="bip:topics:1.0">
<code code="QdArpVnRsW">
<editdetail action="confirmed" attribution="Reuters BIP Coding Group" date="1996-10-18"></editdetail></code>
<code code="ojHgjseisa">
<editdetail action="confirmed" attribution="Reuters BIP Coding Group" date="1996-10-18"></editdetail></code></codes>
<dc element="dc.publisher" value="Reuters Holdings Plc"></dc>
<dc element="dc.datepublished" value="1996-10-18"></dc>
<dc element="dc.source" value="Reuters - Notícias em Português"></dc>
<dc element="dc.creator.location" value=""></dc>
<dc element="dc.creator.location.country.name" value=""></dc></metadata></newsitem>