<?xml version="1.0" encoding="UTF-8"?>

<newsitem date="1996-09-30" id="root" itemid="49366" xml:lang="pt">
<title></title>
<headline> ACÇÕES FECHAM CALMAS, ALGUMA INDEFINIÇÃO PARA AMANHÃ. </headline>
<byline></byline>
<dateline></dateline>
<text>
<p> As acções do Contínuo e os Futuros sobre o PSI20 fecharam sem fortes oscilações de preços e a liquidez no cash a somar 2,1 milhões de contos, apesar do final do trimestre, destacando-se a Lisnave, BCP, BTA, e Mundial Confiança. Operadores mostraram dificuldade em definir a tendência para amanhã, mas lembraram que tem início o último trimestre do ano. *Índice BVL30 cai 0,14 pct para 1.985,10 pontos *Lisnave sobe 13 escudos para 400. Negociadas 189.600 *BCP cai1 escudo para 1.875. Negociadas 115.289 *BTA sobe 28 escudos para 2.713. Negociadas 105.467 *Futuro PSI-20 Out/96 sobe p/ 4.784 vs 4.782 sexta. </p>
<p> - Paula Cordeiro, Lisboa Editorial, 351-1-3150035. (c) Reuters Limited 1996. </p></text>
<copyright>(c) Reuters Limited 1996</copyright>
<metadata>
<codes class="bip:countries:1.0">
<code code="KNmUFBjTQV">
<editdetail action="confirmed" attribution="Reuters BIP Coding Group" date="1996-09-30"></editdetail></code>
<code code="lIEgAdsoBk">
<editdetail action="confirmed" attribution="Reuters BIP Coding Group" date="1996-09-30"></editdetail></code>
<code code="qZaGOTmcPt">
<editdetail action="confirmed" attribution="Reuters BIP Coding Group" date="1996-09-30"></editdetail></code></codes>
<codes class="bip:topics:1.0">
<code code="XmqRstfEIM">
<editdetail action="confirmed" attribution="Reuters BIP Coding Group" date="1996-09-30"></editdetail></code>
<code code="PQqTVmTEjm">
<editdetail action="confirmed" attribution="Reuters BIP Coding Group" date="1996-09-30"></editdetail></code></codes>
<dc element="dc.publisher" value="Reuters Holdings Plc"></dc>
<dc element="dc.datepublished" value="1996-09-30"></dc>
<dc element="dc.source" value="Reuters - Notícias em Português"></dc>
<dc element="dc.creator.location" value=""></dc>
<dc element="dc.creator.location.country.name" value=""></dc></metadata></newsitem>