<?xml version="1.0" encoding="UTF-8"?>

<newsitem date="1996-10-18" id="root" itemid="49904" xml:lang="pt">
<title></title>
<headline> MMI TRANSACCIONA 390,945 MC, FUTUROS FAZEM 40,1 MC. </headline>
<byline></byline>
<dateline></dateline>
<text>
<p> LISBOA, 18 Out (Reuter) - O Mercado Monetário Interbancário (MMI) movimentou hoje 390,945 milhões de contos (MC) com 125 negócios nas operações com data-valor do próprio dia, a um e a dois dias, informou o Banco de Portugal. </p>
<p> O overnight (o/n) movimentou 212,444 MC com operações com data-valor do dia a uma taxa média ponderada (TMP) de 7,0659 pct contra 7,0648 pct na sessão anterior. </p>
<p> No mercado de futuros sobre a Lisbor a três meses fizeram-se 401 contratos no montante de 40,1 MC, contra 26,3 MC na anterior sessão. </p>
<p> - Lisboa Editorial, 351-1-315.00.35. </p>
<p> (c) Reuters Limited 1996. </p></text>
<copyright>(c) Reuters Limited 1996</copyright>
<metadata>
<codes class="bip:countries:1.0">
<code code="WQItvPDHvI">
<editdetail action="confirmed" attribution="Reuters BIP Coding Group" date="1996-10-18"></editdetail></code>
<code code="CvVQsSNcDY">
<editdetail action="confirmed" attribution="Reuters BIP Coding Group" date="1996-10-18"></editdetail></code>
<code code="KEVFGFkAHJ">
<editdetail action="confirmed" attribution="Reuters BIP Coding Group" date="1996-10-18"></editdetail></code></codes>
<codes class="bip:topics:1.0">
<code code="HnkSvHqRuO">
<editdetail action="confirmed" attribution="Reuters BIP Coding Group" date="1996-10-18"></editdetail></code>
<code code="xaMWxVtZXD">
<editdetail action="confirmed" attribution="Reuters BIP Coding Group" date="1996-10-18"></editdetail></code>
<code code="UwqmmTUudm">
<editdetail action="confirmed" attribution="Reuters BIP Coding Group" date="1996-10-18"></editdetail></code></codes>
<dc element="dc.publisher" value="Reuters Holdings Plc"></dc>
<dc element="dc.datepublished" value="1996-10-18"></dc>
<dc element="dc.source" value="Reuters - Notícias em Português"></dc>
<dc element="dc.creator.location" value=""></dc>
<dc element="dc.creator.location.country.name" value=""></dc></metadata></newsitem>