<?xml version="1.0" encoding="UTF-8"?>

<newsitem date="1996-09-16" id="root" itemid="48960" xml:lang="pt">
<title></title>
<headline> RESUMO TRANSACÇÕES NO MERCADO CONTÍNUO. </headline>
<byline></byline>
<dateline></dateline>
<text>
<p>     LISBOA, 16 Set (Reuter) - Transacções no Contínuo (números </p>
<p> da sessão anterior entre parentesis): (MC=milhões de contos). </p>
<p>         Quantidade     Valor </p>
<p> Mercado Contínuo Acções 1.224.658(1.920.031) 2,638 MC( 4,415 MC) </p>
<p>        OT  992.518(  548.823)10,129 MC( 5,721 MC) Futuros OT-10     1.338(    1.483)13,108 MC(14,446 MC) Futuros PSI20     1.581( 113) 0,766 MC( 0,056 MC) Índices  Oficial BVL      1.082,61    - 0,03 pct     BVL30      1.999,38    - 0,07 pct     PSI-20     4.775,22    - 0,08 pct     ORF(TRM 7,9300 vs 7,7462 pct)   106,69    - 0,52 pct     FPI (Fincor Privatisation)    1.132,93    - 0,22 pct     ----Lisboa Editorial, 351.1.3113121. </p>
<p> (c) Reuters Limited 1996. </p></text>
<copyright>(c) Reuters Limited 1996</copyright>
<metadata>
<codes class="bip:countries:1.0">
<code code="AwcnXDCEAK">
<editdetail action="confirmed" attribution="Reuters BIP Coding Group" date="1996-09-16"></editdetail></code>
<code code="RFqqfYvMxz">
<editdetail action="confirmed" attribution="Reuters BIP Coding Group" date="1996-09-16"></editdetail></code>
<code code="ChSazoIuMi">
<editdetail action="confirmed" attribution="Reuters BIP Coding Group" date="1996-09-16"></editdetail></code></codes>
<codes class="bip:topics:1.0">
<code code="UZcDhskDgd">
<editdetail action="confirmed" attribution="Reuters BIP Coding Group" date="1996-09-16"></editdetail></code>
<code code="nZXMeejMXM">
<editdetail action="confirmed" attribution="Reuters BIP Coding Group" date="1996-09-16"></editdetail></code></codes>
<dc element="dc.publisher" value="Reuters Holdings Plc"></dc>
<dc element="dc.datepublished" value="1996-09-16"></dc>
<dc element="dc.source" value="Reuters - Notícias em Português"></dc>
<dc element="dc.creator.location" value=""></dc>
<dc element="dc.creator.location.country.name" value=""></dc></metadata></newsitem>