<?xml version="1.0" encoding="UTF-8"?>

<newsitem date="1996-09-19" id="root" itemid="49061" xml:lang="pt">
<title></title>
<headline> INDICADORES ECONÓMICOS E PREVISÕES 1997 - PORTUGAL. </headline>
<byline></byline>
<dateline></dateline>
<text>
<p>          ÚLTIMO VALOR   MÊS ANTES  ANO ANTES </p>
<p> --------------------------------------------------------------- </p>
<p> Índice Preços Consumidor (pct) </p>
<p>    -Var. mensal    Ago  0,3  0,2   0,5    -Var. média anual    Ago  3,3  3,4   4,3    -Var. homóloga anual Ago  3,6  3,8   4,0      Índice (base 100 em 1991)  132,0     131,6 127,4 </p>
<p> --------------------------------------------------------------- </p>
<p> Índice vendas retalho (pct)  Mai     143,9     140,3 138,7 </p>
<p> --------------------------------------------------------------- </p>
<p> Índ. Produção Industrial(c)  Jun     103,9     102,1 101,7 </p>
<p> --------------------------------------------------------------- </p>
<p> Índ. vol. negóc. indústria   Jun     143,6     156,1 145,5 Índ. emprego indústria  Jun 81,6 81,7  85,0 </p>
<p> --------------------------------------------------------------- </p>
<p> Índice de preços na produção industrial: </p>
<p>     .       JUN96     MAI96 JUN95     Extractiva        118,1     117,8 116,5     Alim, beb. tabaco      123,0     124,3 117,5     Têxtil       117,2     117,1 117,1     Prod. petrolíferos      90,2 99,4  73,0     Químicos e fibras      117,2     117,5 118,6     Minerais não metálicos      130,1     130,0 126,7     Metalúrgicas e metais  110,0     110,4 113,4     Electric., gás, água   134,9     134,9 137,4 </p>
<p> --------------------------------------------------------------- </p>
<p> Importações totais   (MC)    Mai     435,8     434,6 458,4      - extra UE (MC)    Jul     130,8 93,5 104,5 Exportações totais   (MC)    Mai     317,9     283,9 294,8      - extra UE (MC)    Jul 74,1 53,8  63,1 Défice total    (MC)    Mai     117,9     150,7 163,6      - extra UE (MC)    Jul 56,7 39,7  41,4 Défice acumul. total (MC)  Jan-Mai   582,5     464,5 692,8 Défice acum. extra UE(MC)  Jan-Jul   351,9     295,2 352,1 </p>
<p> --------------------------------------------------------------- </p>
<p> BTC (saldo MC)     Jun    - 62,3    -  92,7    -  8,7 </p>
<p> BTC (saldo MC) (acumulado)Jan-Jun   -521,6     -459,3    -446,0 </p>
<p> --------------------------------------------------------------- </p>
<p> Taxa de Desemprego (%)    2do trim     7,2   7,5  7,0 </p>
<p> --------------------------------------------------------------- </p>
<p> FBCF:(b) </p>
<p>    Variação pct (d)    4to tri 95 3,6  10,4  4,5 </p>
<p>    Valor p.correntes(MC) 95 a 93   3.687,5    3.389,9   3.074,9 </p>
<p> --------------------------------------------------------------- </p>
<p> Consumo em pct: (b)(d) </p>
<p>     Privado   4to tri 95     1,0   1,2  1,0     Público   4to tri 95     2,4   2,2  1,3 </p>
<p> --------------------------------------------------------------- </p>
<p> PIB: (b) </p>
<p>    Variação pct (d)     4to tri 95     1,9   1,6  0,7 </p>
<p>    Valor p.correntes(MC) 95 a 93    15.117     14.034    13.167 </p>
<p> --------------------------------------------------------------- </p>
<p> Res.oficiais liq(milhões USD)Jul     - 401 - 253     - 319 </p>
<p> Reservas acum.(milhões USD)  Jul    22.343     22.377    21.927 </p>
<p> --------------------------------------------------------------- </p>
<p> Liquidez (L-)(pct)      Jun  7,5   6,7 11,2 </p>
<p> --------------------------------------------------------------- </p>
<p> Ratings da República     S&amp;P  MOODY&apos;S Dívida interna      AAA    AAA Dívida externa longo prazo    AA-    A1 Dívida externa curto prazo    A-1    P-1 </p>
<p> --------------------------------------------------------------- </p>
<p> Previsões do Governo para 1997 </p>
<p> PIB (pct)     2,75-3,25 Deflactor do PIB (pct)  2,25-2,50 Défice SPA (pct do PIB)    2,9 Consumo púùblico (pct)  Consumo privado (pct)   2,00-2,50 Exportações (pct)  9,00-10,0 Importações (pct)  8,00-9,00 Emprego (pct)      0,50-1,00 Investimento público (pct) 10,0 </p>
<p> ---------------------------------------------------------------- </p>
<p> - </p>
<p> Fontes: INE, Banco de Portugal e Ministério das Finanças </p>
<p> (a) Dados não disponíveis </p>
<p> (b) Estimativas das Contas Nacionais Trimestrais do INE </p>
<p> (c)base 1990=100 </p>
<p> (d)Preços constantes de 1990, variações no ano terminado em cada </p>
<p> trimestre. </p>
<p>     *****Actualizado dia 12 de Setembro </p>
<p>     ---Lisboa Editorial, 351-1-3150035. </p>
<p> (c) Reuters Limited 1996. </p></text>
<copyright>(c) Reuters Limited 1996</copyright>
<metadata>
<codes class="bip:countries:1.0">
<code code="JlNbQJTmbG">
<editdetail action="confirmed" attribution="Reuters BIP Coding Group" date="1996-09-19"></editdetail></code>
<code code="UHFQrIKCQR">
<editdetail action="confirmed" attribution="Reuters BIP Coding Group" date="1996-09-19"></editdetail></code>
<code code="CqRpipleQc">
<editdetail action="confirmed" attribution="Reuters BIP Coding Group" date="1996-09-19"></editdetail></code></codes>
<codes class="bip:topics:1.0">
<code code="rAaEREQtAt">
<editdetail action="confirmed" attribution="Reuters BIP Coding Group" date="1996-09-19"></editdetail></code>
<code code="SGukDPAhQV">
<editdetail action="confirmed" attribution="Reuters BIP Coding Group" date="1996-09-19"></editdetail></code>
<code code="KFoOAAznTu">
<editdetail action="confirmed" attribution="Reuters BIP Coding Group" date="1996-09-19"></editdetail></code></codes>
<dc element="dc.publisher" value="Reuters Holdings Plc"></dc>
<dc element="dc.datepublished" value="1996-09-19"></dc>
<dc element="dc.source" value="Reuters - Notícias em Português"></dc>
<dc element="dc.creator.location" value=""></dc>
<dc element="dc.creator.location.country.name" value=""></dc></metadata></newsitem>