<?xml version="1.0" encoding="UTF-8"?>

<newsitem date="1996-10-31" id="root" itemid="50205" xml:lang="pt">
<title></title>
<headline> ESCUDO SEGUE ESTÁVEL E APÁTICO NA MEIA SESSÃO. </headline>
<byline></byline>
<dateline></dateline>
<text>
<p> O escudo seguia relativamente estável na meia sessão e sem muitos interesses, devido ao facto de se avizinhar um fim-de-semana prolongado, devendo manter-se num range entre os 101,10 e os 101,20 por marco até final da sessão, disseram operadores. </p>
<p> *Escudo 101,11/14 por marco contra 101,14/16 na abertura </p>
<p> *Peseta 84,27/28 por marco contra 84,23/25 de manhã </p>
<p> *Dólar 1,5123/26 marcos vs 1,5128/33 na abertura Europa </p>
<p> *Membro Bundesbank diz marco subirá de não entrar moeda única </p>
<p> *BP cede 68,531 MC a 5 dias, mantém TMP 7,00 pct </p>
<p> *BP anuncia segunda-feira condições para próximo período. </p>
<p>     ----Fernanda Pargana, Lisboa Editorial, 351.1.3113121. </p>
<p> (c) Reuters Limited 1996. </p></text>
<copyright>(c) Reuters Limited 1996</copyright>
<metadata>
<codes class="bip:countries:1.0">
<code code="GShMwpgTQP">
<editdetail action="confirmed" attribution="Reuters BIP Coding Group" date="1996-10-31"></editdetail></code>
<code code="XRyMxjxlPp">
<editdetail action="confirmed" attribution="Reuters BIP Coding Group" date="1996-10-31"></editdetail></code>
<code code="UuOGwLYqex">
<editdetail action="confirmed" attribution="Reuters BIP Coding Group" date="1996-10-31"></editdetail></code></codes>
<codes class="bip:topics:1.0">
<code code="SYosCUZhCk">
<editdetail action="confirmed" attribution="Reuters BIP Coding Group" date="1996-10-31"></editdetail></code>
<code code="gGWenyMRyB">
<editdetail action="confirmed" attribution="Reuters BIP Coding Group" date="1996-10-31"></editdetail></code>
<code code="LcpWSXcare">
<editdetail action="confirmed" attribution="Reuters BIP Coding Group" date="1996-10-31"></editdetail></code></codes>
<dc element="dc.publisher" value="Reuters Holdings Plc"></dc>
<dc element="dc.datepublished" value="1996-10-31"></dc>
<dc element="dc.source" value="Reuters - Notícias em Português"></dc>
<dc element="dc.creator.location" value=""></dc>
<dc element="dc.creator.location.country.name" value=""></dc></metadata></newsitem>