<?xml version="1.0" encoding="UTF-8"?>

<newsitem date="1996-09-27" id="root" itemid="49311" xml:lang="pt">
<title></title>
<headline> ESCUDO ESTÁVEL VS MARCO MANHÃ EM SESSÃO MORNA. </headline>
<byline></byline>
<dateline></dateline>
<text>
<p> 1025 TMG - O escudo manteve-se calmo e estável ao longo da manhã contra o marco, numa sessão que continua morna e sem grandes perspectivas de alterar o actual sentimento. Dealers dizem que o escudo deverá movimentar-se entre 101,70 e 101,80 por marco. </p>
<p> *Escudo 101,75/77 por marco contra 101,77/80 na abertura </p>
<p> *Escudo oscilou entre 101,74 e 101,77 por marco </p>
<p> *Peseta 84,10/12 por marco contra 84,10/13 na abertura </p>
<p> *Dólar 1,5222/29 marcos vs 1,5237/42 na abertura Europa </p>
<p> *BP diz cedência sem procura, absorve a 6,8 pct. </p>
<p>     ----Lisboa Editorial, 351.1.3113121. </p>
<p> (c) Reuters Limited 1996. </p></text>
<copyright>(c) Reuters Limited 1996</copyright>
<metadata>
<codes class="bip:countries:1.0">
<code code="CLaKxNrrok">
<editdetail action="confirmed" attribution="Reuters BIP Coding Group" date="1996-09-27"></editdetail></code>
<code code="EqmzQLQHFT">
<editdetail action="confirmed" attribution="Reuters BIP Coding Group" date="1996-09-27"></editdetail></code>
<code code="skxmgvvMjV">
<editdetail action="confirmed" attribution="Reuters BIP Coding Group" date="1996-09-27"></editdetail></code></codes>
<codes class="bip:topics:1.0">
<code code="BmKaYHLiCj">
<editdetail action="confirmed" attribution="Reuters BIP Coding Group" date="1996-09-27"></editdetail></code>
<code code="vRvQnHFPsc">
<editdetail action="confirmed" attribution="Reuters BIP Coding Group" date="1996-09-27"></editdetail></code>
<code code="MdbHaUZibp">
<editdetail action="confirmed" attribution="Reuters BIP Coding Group" date="1996-09-27"></editdetail></code></codes>
<dc element="dc.publisher" value="Reuters Holdings Plc"></dc>
<dc element="dc.datepublished" value="1996-09-27"></dc>
<dc element="dc.source" value="Reuters - Notícias em Português"></dc>
<dc element="dc.creator.location" value=""></dc>
<dc element="dc.creator.location.country.name" value=""></dc></metadata></newsitem>