<?xml version="1.0" encoding="UTF-8"?>

<newsitem date="1996-09-18" id="root" itemid="49041" xml:lang="pt">
<title></title>
<headline> AIP REÚNE 24 SET EMPRESÁRIOS COM REBELO SOUSA. </headline>
<byline></byline>
<dateline></dateline>
<text>
<p> LISBOA, 18 Set (Reuter) - A Associação Industrial Portuguesa (AIP) promove, no dia 24 de Setembro, um almoço de empresários com o presidente do Partido Social Democrata (PSD), Marcelo Rebelo de Sousa, anunciou a AIP. </p>
<p> &quot;As questões a abordar com o líder do PSD estarão ligadas a temas da realidade nacional com repercussões nas actividades económicas e também sobre a regionalização&quot;, referiu a AIP em comunicado. </p>
<p> Este ciclo de almoços com dirigentes partidários será continuado com o secretário geral do Partido Socialista (PS), António Guterres, no dia 9 de Outubro. </p>
<p> - Lisboa Editorial, 351.1.3113121. </p>
<p> (c) Reuters Limited 1996. </p></text>
<copyright>(c) Reuters Limited 1996</copyright>
<metadata>
<codes class="bip:countries:1.0">
<code code="UTusyMwKdm">
<editdetail action="confirmed" attribution="Reuters BIP Coding Group" date="1996-09-18"></editdetail></code>
<code code="WynWYOcsLj">
<editdetail action="confirmed" attribution="Reuters BIP Coding Group" date="1996-09-18"></editdetail></code>
<code code="bnwLaxKbKM">
<editdetail action="confirmed" attribution="Reuters BIP Coding Group" date="1996-09-18"></editdetail></code></codes>
<codes class="bip:topics:1.0">
<code code="FXLzZIjMeV">
<editdetail action="confirmed" attribution="Reuters BIP Coding Group" date="1996-09-18"></editdetail></code></codes>
<dc element="dc.publisher" value="Reuters Holdings Plc"></dc>
<dc element="dc.datepublished" value="1996-09-18"></dc>
<dc element="dc.source" value="Reuters - Notícias em Português"></dc>
<dc element="dc.creator.location" value=""></dc>
<dc element="dc.creator.location.country.name" value=""></dc></metadata></newsitem>