<?xml version="1.0" encoding="UTF-8"?>

<newsitem date="1996-08-20" id="root" itemid="48258" xml:lang="pt">
<title></title>
<headline> TESOURO DIZ NÃO COLOCA NADA LEILÃO OT/MAR/96/01. </headline>
<byline></byline>
<dateline></dateline>
<text>
<p> LISBOA, 20 Ago (Reuter) - O Tesouro não colocou nada no leilão de OT/Março/96/01, recusando aceitar as taxas propostas, disse uma fonte da instituição. </p>
<p> &quot;O Tesouro não aceitou as taxas apresentadas e não colocou o leilão (OT/Mar/01)&quot;, disse esta fonte. </p>
<p> O Tesouro propunha-se colocar hoje, em mercado primário, 20 milhões de contos (MC), sem contar com a tranche suplementar de 33 pct reservada aos OEVT, de OT/Març0/96/01. </p>
<p> No último leilão destas espécies, em 25 de Julho, o Tesouro colocou 20 MC à taxa média ponderada (TMP) de 8,0161 pct, a máxima foi 8,03 pct e a mínima 7,97 pct. </p>
<p> - Sérgio Gonçalves, Lisboa Editorial, 351-1-3150035 (c) Reuters Limited 1996. </p></text>
<copyright>(c) Reuters Limited 1996</copyright>
<metadata>
<codes class="bip:countries:1.0">
<code code="gPlHLtkZfW">
<editdetail action="confirmed" attribution="Reuters BIP Coding Group" date="1996-08-20"></editdetail></code>
<code code="XjUPfDZGiY">
<editdetail action="confirmed" attribution="Reuters BIP Coding Group" date="1996-08-20"></editdetail></code>
<code code="MQRSdAJhOU">
<editdetail action="confirmed" attribution="Reuters BIP Coding Group" date="1996-08-20"></editdetail></code></codes>
<codes class="bip:topics:1.0">
<code code="uqutxXbTWs">
<editdetail action="confirmed" attribution="Reuters BIP Coding Group" date="1996-08-20"></editdetail></code>
<code code="HzzioBZntf">
<editdetail action="confirmed" attribution="Reuters BIP Coding Group" date="1996-08-20"></editdetail></code>
<code code="VhaWWvbnMp">
<editdetail action="confirmed" attribution="Reuters BIP Coding Group" date="1996-08-20"></editdetail></code></codes>
<dc element="dc.publisher" value="Reuters Holdings Plc"></dc>
<dc element="dc.datepublished" value="1996-08-20"></dc>
<dc element="dc.source" value="Reuters - Notícias em Português"></dc>
<dc element="dc.creator.location" value=""></dc>
<dc element="dc.creator.location.country.name" value=""></dc></metadata></newsitem>