<?xml version="1.0" encoding="UTF-8"?>

<newsitem date="1996-10-18" id="root" itemid="49880" xml:lang="pt">
<title></title>
<headline> FUTURO PSI20 OUT96 ESTÁVEL NOS 4.770 PONTOS. </headline>
<byline></byline>
<dateline></dateline>
<text>
<p> *Futuro PSI20 Out96 (PSI20V6)estavel nos 4.770 pontos *Índice PSI-20 (.PSI20)cai 0,23 pct para 4.760,64 pontos *BCP cai 6 escudos para 1.880. Negociadas 22.700 *Cimpor cai 11 escudos para 3.231. Negociadas 12.601 *BPSM estável nos 1.026 escudos. Negociadas 1.700 *Lisnave cai 3 escudos para 393. Negociadas 4.500 *PT cai 34 escudos para 4.020. Negociadas 1.400 *Império cai 2 escudos para 862. Negociadas 1.600. </p>
<p> - Paula Cordeiro, Lisboa Editorial, 351-1-3150035. (c) Reuters Limited 1996. </p></text>
<copyright>(c) Reuters Limited 1996</copyright>
<metadata>
<codes class="bip:countries:1.0">
<code code="GkgVZtPDde">
<editdetail action="confirmed" attribution="Reuters BIP Coding Group" date="1996-10-18"></editdetail></code>
<code code="qBKbnwhGNZ">
<editdetail action="confirmed" attribution="Reuters BIP Coding Group" date="1996-10-18"></editdetail></code>
<code code="totloigBKX">
<editdetail action="confirmed" attribution="Reuters BIP Coding Group" date="1996-10-18"></editdetail></code></codes>
<codes class="bip:topics:1.0">
<code code="csBWIyfmqq">
<editdetail action="confirmed" attribution="Reuters BIP Coding Group" date="1996-10-18"></editdetail></code>
<code code="uyOngtjBlR">
<editdetail action="confirmed" attribution="Reuters BIP Coding Group" date="1996-10-18"></editdetail></code></codes>
<dc element="dc.publisher" value="Reuters Holdings Plc"></dc>
<dc element="dc.datepublished" value="1996-10-18"></dc>
<dc element="dc.source" value="Reuters - Notícias em Português"></dc>
<dc element="dc.creator.location" value=""></dc>
<dc element="dc.creator.location.country.name" value=""></dc></metadata></newsitem>