<?xml version="1.0" encoding="UTF-8"?>

<newsitem date="1996-08-23" id="root" itemid="48372" xml:lang="pt">
<title></title>
<headline> ESCUDO FORTALECE MANHÃ VS MARCO, PODE GANHAR MAIS. </headline>
<byline></byline>
<dateline></dateline>
<text>
<p> 1040 TMG - O escudo ganhou terreno ao marco ao longo da manhã, estando a ver se consegue partir de forma consolidada os 102,50. Dealers dizem que o mercado está comprador de escudos contra marcos, apesar do enfraquecimento do dólar contra o marco, o que abre caminho ao fortalecimento da moeda portuguesa. </p>
<p> *Escudo 102,48/51 por marco contra 102,53/56 na abertura </p>
<p> *Escudo oscilou entre 102,55 e 102,49 por marco </p>
<p> *Peseta 84,45/47 por marco contra 84,47/49 na abertura </p>
<p> *Dólar 1,4887/94 marcos vs 1,4910/15 na abertura Europa </p>
<p> *BP anuncia MMI 1315 TMG condições cedência novo período. </p>
<p>     ----Lisboa Editorial, 351.1.3113121. </p>
<p> (c) Reuters Limited 1996. </p></text>
<copyright>(c) Reuters Limited 1996</copyright>
<metadata>
<codes class="bip:countries:1.0">
<code code="lLRgleErsZ">
<editdetail action="confirmed" attribution="Reuters BIP Coding Group" date="1996-08-23"></editdetail></code>
<code code="ZPRvsNNUWI">
<editdetail action="confirmed" attribution="Reuters BIP Coding Group" date="1996-08-23"></editdetail></code>
<code code="NZfbqNIkfV">
<editdetail action="confirmed" attribution="Reuters BIP Coding Group" date="1996-08-23"></editdetail></code></codes>
<codes class="bip:topics:1.0">
<code code="hgRPbaiTvU">
<editdetail action="confirmed" attribution="Reuters BIP Coding Group" date="1996-08-23"></editdetail></code>
<code code="GosYvjiUjP">
<editdetail action="confirmed" attribution="Reuters BIP Coding Group" date="1996-08-23"></editdetail></code>
<code code="XeHBpGEaah">
<editdetail action="confirmed" attribution="Reuters BIP Coding Group" date="1996-08-23"></editdetail></code></codes>
<dc element="dc.publisher" value="Reuters Holdings Plc"></dc>
<dc element="dc.datepublished" value="1996-08-23"></dc>
<dc element="dc.source" value="Reuters - Notícias em Português"></dc>
<dc element="dc.creator.location" value=""></dc>
<dc element="dc.creator.location.country.name" value=""></dc></metadata></newsitem>