<?xml version="1.0" encoding="UTF-8"?>

<newsitem date="1996-08-20" id="root" itemid="48267" xml:lang="pt">
<title></title>
<headline> MMI TRANSACCIONA 234,749 MC, TMP O/N 7,2707 PCT. </headline>
<byline></byline>
<dateline></dateline>
<text>
<p> LISBOA, 20 Ago (Reuter) - O Mercado Monetário Interbancário (MMI) movimentou hoje 234,749 milhões de contos (MC) com 120 negócios nas operações com data-valor do próprio dia, a um e a dois dias, informou o Banco de Portugal. </p>
<p> O overnight (o/n) movimentou 96,129 MC com operações com data-valor do dia a uma taxa média ponderada (TMP) de 7,2707 pct contra 7,4091 pct na anterior sessão. </p>
<p> - Lisboa Editorial, 351-1-315.00.35. </p>
<p> (c) Reuters Limited 1996. </p></text>
<copyright>(c) Reuters Limited 1996</copyright>
<metadata>
<codes class="bip:countries:1.0">
<code code="kCwubWyfsg">
<editdetail action="confirmed" attribution="Reuters BIP Coding Group" date="1996-08-20"></editdetail></code>
<code code="tVaAvftxZT">
<editdetail action="confirmed" attribution="Reuters BIP Coding Group" date="1996-08-20"></editdetail></code>
<code code="sjlVIBHzYy">
<editdetail action="confirmed" attribution="Reuters BIP Coding Group" date="1996-08-20"></editdetail></code></codes>
<codes class="bip:topics:1.0">
<code code="cFwHVqkPND">
<editdetail action="confirmed" attribution="Reuters BIP Coding Group" date="1996-08-20"></editdetail></code>
<code code="fFyyVriHiY">
<editdetail action="confirmed" attribution="Reuters BIP Coding Group" date="1996-08-20"></editdetail></code>
<code code="ZeVBNLmPMO">
<editdetail action="confirmed" attribution="Reuters BIP Coding Group" date="1996-08-20"></editdetail></code></codes>
<dc element="dc.publisher" value="Reuters Holdings Plc"></dc>
<dc element="dc.datepublished" value="1996-08-20"></dc>
<dc element="dc.source" value="Reuters - Notícias em Português"></dc>
<dc element="dc.creator.location" value=""></dc>
<dc element="dc.creator.location.country.name" value=""></dc></metadata></newsitem>