<?xml version="1.0" encoding="UTF-8"?>

<newsitem date="1996-10-22" id="root" itemid="49962" xml:lang="pt">
<title></title>
<headline> MONETÁRIO FECHA CALMO APÓS SESSÃO APÁTICA. </headline>
<byline></byline>
<dateline></dateline>
<text>
<p> O mercado monetário do escudo fechou calmo, após uma sessão sem interesses especiais, com o futuro sobe a Lisbor e os forward rate agreements (FRA) estáveis e também apáticos. Dealers disseram que, no curto prazo, a liquidez do mercado deverá estar próxima do equilíbrio. * o/n e tom/next em 6,95/7,00 pct, o mesmo da manhã * Prazo 30 dias em 6,93/6,98 pct, semelhante à abertura * Banco Portugal cede 22 MC a 7,00 pct, absorve 180 mil contos * Banco Suécia baixa repo 10 bp para 4,85 pct * Leilão amanhã 15 MC BT 91 dias, anterior rateio 6,80 pct * Tesouro coloca 15 MC OT/Mar/01, TMP 6,841267% vs 7,6287% </p>
<p> - Fernanda Pargana, Lisboa Editorial, 351-1-311.31.26 </p>
<p> (c) Reuters Limited 1996. </p></text>
<copyright>(c) Reuters Limited 1996</copyright>
<metadata>
<codes class="bip:countries:1.0">
<code code="gpJFNkwDXD">
<editdetail action="confirmed" attribution="Reuters BIP Coding Group" date="1996-10-22"></editdetail></code>
<code code="EmBoQPQYmd">
<editdetail action="confirmed" attribution="Reuters BIP Coding Group" date="1996-10-22"></editdetail></code>
<code code="ruFNJDcBGa">
<editdetail action="confirmed" attribution="Reuters BIP Coding Group" date="1996-10-22"></editdetail></code></codes>
<codes class="bip:topics:1.0">
<code code="FKOhPzwDnA">
<editdetail action="confirmed" attribution="Reuters BIP Coding Group" date="1996-10-22"></editdetail></code>
<code code="jJquwdZEza">
<editdetail action="confirmed" attribution="Reuters BIP Coding Group" date="1996-10-22"></editdetail></code>
<code code="oQGJCDCrya">
<editdetail action="confirmed" attribution="Reuters BIP Coding Group" date="1996-10-22"></editdetail></code>
<code code="eewToXWhZA">
<editdetail action="confirmed" attribution="Reuters BIP Coding Group" date="1996-10-22"></editdetail></code></codes>
<dc element="dc.publisher" value="Reuters Holdings Plc"></dc>
<dc element="dc.datepublished" value="1996-10-22"></dc>
<dc element="dc.source" value="Reuters - Notícias em Português"></dc>
<dc element="dc.creator.location" value=""></dc>
<dc element="dc.creator.location.country.name" value=""></dc></metadata></newsitem>