<?xml version="1.0" encoding="UTF-8"?>

<newsitem date="1996-09-27" id="root" itemid="49321" xml:lang="pt">
<title></title>
<headline> MMI TRANSACCIONA 227,280 MC, FUTUROS FAZEM 10 MC. </headline>
<byline></byline>
<dateline></dateline>
<text>
<p> LISBOA, 27 Set (Reuter) - O Mercado Monetário Interbancário (MMI) movimentou hoje 227,280 milhões de contos (MC) com 120 negócios nas operações com data-valor do próprio dia, a um e a dois dias, informou o Banco de Portugal. </p>
<p> O overnight (o/n) movimentou 109,014 MC com operações com data-valor do dia a uma taxa média ponderada (TMP) de 7,1963 pct contra 7,1248 pct na anterior sessão. </p>
<p> No mercado de futuros sobre a Lisbor a três meses fizeram-se 100 contratos no montante de 10 MC contra 14,2 MC na anterior sessão. </p>
<p> - Lisboa Editorial, 351-1-315.00.35. </p>
<p> (c) Reuters Limited 1996. </p></text>
<copyright>(c) Reuters Limited 1996</copyright>
<metadata>
<codes class="bip:countries:1.0">
<code code="HzxUycCmSj">
<editdetail action="confirmed" attribution="Reuters BIP Coding Group" date="1996-09-27"></editdetail></code>
<code code="eYGIsZkPwk">
<editdetail action="confirmed" attribution="Reuters BIP Coding Group" date="1996-09-27"></editdetail></code>
<code code="lBitItHiTR">
<editdetail action="confirmed" attribution="Reuters BIP Coding Group" date="1996-09-27"></editdetail></code></codes>
<codes class="bip:topics:1.0">
<code code="nOpnlbOnDB">
<editdetail action="confirmed" attribution="Reuters BIP Coding Group" date="1996-09-27"></editdetail></code>
<code code="PmUOmrBnmA">
<editdetail action="confirmed" attribution="Reuters BIP Coding Group" date="1996-09-27"></editdetail></code>
<code code="bSLqqYfhhZ">
<editdetail action="confirmed" attribution="Reuters BIP Coding Group" date="1996-09-27"></editdetail></code></codes>
<dc element="dc.publisher" value="Reuters Holdings Plc"></dc>
<dc element="dc.datepublished" value="1996-09-27"></dc>
<dc element="dc.source" value="Reuters - Notícias em Português"></dc>
<dc element="dc.creator.location" value=""></dc>
<dc element="dc.creator.location.country.name" value=""></dc></metadata></newsitem>