<?xml version="1.0" encoding="UTF-8"?>

<newsitem date="1996-09-19" id="root" itemid="49088" xml:lang="pt">
<title></title>
<headline> FINANÇAS PREVÊEM DÉFICE 1996 EM 4,1 PCT DO PIB-BP. </headline>
<byline></byline>
<dateline></dateline>
<text>
<p> LISBOA, 19 Set (Reuter) - O Ministério das Finanças prevê que o défice do Sector Público Administrativo (SPA) em 1996 se situe em 4,1 pct do Produto Interno Bruto (PIB), ou seja 683,3 milhões de contos (MC) contra uma estimativa de 4,9 pct do PIB em 1995, refere o BP na síntese de Conjuntura relativa a Agosto. </p>
<p> &quot;No mês de Agosto, o Ministério das Finanças enviou à Comissão Europeia a segunda notificação de 1996, no âmbito do procedimento relativo aos défices excessivos&quot;, afirma o Banco de Portugal (BP). </p>
<p> &quot;No que respeita a 1995, a estimativa mais recente do défice é de 759,6 MC (4,9 pct do PIB)&quot;, adianta. </p>
<p> Este valor é inferior ao anteriormente comunicado em 44,2 MC. </p>
<p> &quot;O défice previsto para 1996 cifra-se em 683,3 MC (4,1 pct do PIB)&quot;, refere. </p>
<p> &quot;A dívida bruta consolidada do SPA, no final de 1996, deverá atingir 11.742,9 MC, valor inferior em 122,9 MC ao inicialmente previsto&quot;, afirma. </p>
<p> &quot;Assim, o rácio da dívida diminuiria entre o final de 1995 e o final de 1996 em 0,7 pontos percentuais do PIB, passando de 71,5 pct para 70,8 pct&quot;, conclui. </p>
<p> - Lisboa Editorial, 351.1.3113121. </p></text>
<copyright>(c) Reuters Limited 1996</copyright>
<metadata>
<codes class="bip:countries:1.0">
<code code="JGNeEBQgRR">
<editdetail action="confirmed" attribution="Reuters BIP Coding Group" date="1996-09-19"></editdetail></code>
<code code="jeibeHBbMm">
<editdetail action="confirmed" attribution="Reuters BIP Coding Group" date="1996-09-19"></editdetail></code>
<code code="hmTiufptmA">
<editdetail action="confirmed" attribution="Reuters BIP Coding Group" date="1996-09-19"></editdetail></code></codes>
<codes class="bip:topics:1.0">
<code code="syjmjHpafQ">
<editdetail action="confirmed" attribution="Reuters BIP Coding Group" date="1996-09-19"></editdetail></code>
<code code="DwquZYWGeH">
<editdetail action="confirmed" attribution="Reuters BIP Coding Group" date="1996-09-19"></editdetail></code>
<code code="lhwbvtPcCl">
<editdetail action="confirmed" attribution="Reuters BIP Coding Group" date="1996-09-19"></editdetail></code></codes>
<dc element="dc.publisher" value="Reuters Holdings Plc"></dc>
<dc element="dc.datepublished" value="1996-09-19"></dc>
<dc element="dc.source" value="Reuters - Notícias em Português"></dc>
<dc element="dc.creator.location" value=""></dc>
<dc element="dc.creator.location.country.name" value=""></dc></metadata></newsitem>