<?xml version="1.0" encoding="UTF-8"?>

<newsitem date="1996-10-03" id="root" itemid="49485" xml:lang="pt">
<title></title>
<headline> COBRANÇA DÍVIDAS FISCAIS BANCA BOM PRINCÍPIO-MF. </headline>
<byline></byline>
<dateline></dateline>
<text>
<p> LISBOA, 3 Out (Reuter) - A cobrança ao sector bancário de alegadas dívidas fiscais tem como objectivo regularizar essa situação, mas também servir de exemplo para os restantes contribuintes, disse o secretário e Estado dos Assuntos Fiscais, António Carlos dos Santos. </p>
<p> &quot;Estou convencido que isso (regularização de dívidas) induz os outros contribuintes a cumprir, porque se se começar pelos grandes contribuintes e por aquelas entidades que em princípio podem pagar, mesmo que não seja esse valor (55 milhões de contos) e que ele venha a ser dicutido, é um bom princípio&quot;, disse à Reuters à margem de uma conferência promovida pela APEC. </p>
<p> O Diário de Notícias afirmava na sua edição de ontem que o Fisco vai exigir à banca o pagamento de 55 milhões de contos de impostos referentes a exercícios anteriores, nomeadamente por operações em off-shores e relativas ao imposto de selo sobre operações cambiais. </p>
<p> Sobre o número de entidades financeiras envolvidas, o secretário de Estado não foi específico, tendo apenas afrirmado que &quot;há alguns bancos, eu vi uns cinco ou seis relatórios na altura, e sei que havia alguns antes&quot;. </p>
<p> &quot;Acho que (esta regularização) vai ter um grande impacto na subida das receitas fiscais no futuro&quot;, adiantou, referindo que o processo está em curso há perto de três meses. </p>
<p> Disse, também, que a criação de um grupo para estudar esta matéria vem já do anterior Governo. </p>
<p> &quot;De há uns tempos a esta parte (houve) um grupo de trabalho, que começou ainda no Governo anterior, para fazer uma análise de várias coisas, do imposto de selo das operações financeiras, do selo do artigo 54 da tabela geral do imposto de selo e também outras coisas, ligadas por exemplo aos off-shores&quot;, afirmou. </p>
<p> &quot;E esse trabalho foi feito ao longo de vários meses e sei que produziu vários relatórios da Inspecção Geral de Financas e alguns relatórios da fiscalização tributária e que, portanto, que foram apuradas algumas situações que os serviços consideram em falta&quot;, acrescentou. </p>
<p> &quot;Sei também que em alguns casos os bancos têm divergências no sentido de discutirem a interpretação da lei ou às vezes os critérios de fixação dos montantes&quot;, disse ainda. </p>
<p> &quot;Mas a partir daqui funciona o código do processo tributário&quot;, referiu. </p>
<p> - Fernanda Pargana, Lisboa Editorial, 351-1-3113126. </p>
<p> (c) Reuters Limited 1996. </p></text>
<copyright>(c) Reuters Limited 1996</copyright>
<metadata>
<codes class="bip:countries:1.0">
<code code="vkxcFxXRTB">
<editdetail action="confirmed" attribution="Reuters BIP Coding Group" date="1996-10-03"></editdetail></code>
<code code="AyrzpKNqQW">
<editdetail action="confirmed" attribution="Reuters BIP Coding Group" date="1996-10-03"></editdetail></code>
<code code="YSQzvfhlKd">
<editdetail action="confirmed" attribution="Reuters BIP Coding Group" date="1996-10-03"></editdetail></code></codes>
<codes class="bip:topics:1.0">
<code code="QlDeDtBVJN">
<editdetail action="confirmed" attribution="Reuters BIP Coding Group" date="1996-10-03"></editdetail></code>
<code code="ZQHgLzWvyR">
<editdetail action="confirmed" attribution="Reuters BIP Coding Group" date="1996-10-03"></editdetail></code>
<code code="ytUFZYGTOp">
<editdetail action="confirmed" attribution="Reuters BIP Coding Group" date="1996-10-03"></editdetail></code></codes>
<dc element="dc.publisher" value="Reuters Holdings Plc"></dc>
<dc element="dc.datepublished" value="1996-10-03"></dc>
<dc element="dc.source" value="Reuters - Notícias em Português"></dc>
<dc element="dc.creator.location" value=""></dc>
<dc element="dc.creator.location.country.name" value=""></dc></metadata></newsitem>