<?xml version="1.0" encoding="UTF-8"?>

<newsitem date="1996-10-29" id="root" itemid="50131" xml:lang="pt">
<title></title>
<headline> MONETÁRIO ABRE ILÍQUIDO, MÊS COM LIGEIRA SUBIDA. </headline>
<byline></byline>
<dateline></dateline>
<text>
<p> O mercado monetário do escudo abriu com falta de liquidez no curto prazo, enquanto nos prazos mais longos o movimento não é significativo, sendo apenas de destacar uma ligeira subida da taxa a um mês três a quatro basis points. FRA também com uma ligeira subida, influenciada pela queda dos mercados obrigacionistas. Futuro sobre Lisbor ainda não abriu. * o/n e tom/next em 6,95/7,10 pct, semelhante ao fecho de ontem * Prazo 30 dias em 6,96/7,00 pct vs 6,93/6,97 pct ontem * Leilão amanhã 20 MC BT 91 dias, anterior rateio 6,75 pct * BP cede até 170 MC a sete dias em leilão, antes TMP 7,00% * Escudo 101,13/16 por marco contra 100,94/96 no fecho ontem </p>
<p> (c) Reuters Limited 1996. </p></text>
<copyright>(c) Reuters Limited 1996</copyright>
<metadata>
<codes class="bip:countries:1.0">
<code code="iILPgVbrmo">
<editdetail action="confirmed" attribution="Reuters BIP Coding Group" date="1996-10-29"></editdetail></code>
<code code="qpmwUYESUa">
<editdetail action="confirmed" attribution="Reuters BIP Coding Group" date="1996-10-29"></editdetail></code>
<code code="xOmVHkzAEX">
<editdetail action="confirmed" attribution="Reuters BIP Coding Group" date="1996-10-29"></editdetail></code></codes>
<codes class="bip:topics:1.0">
<code code="uVPDFjMTSQ">
<editdetail action="confirmed" attribution="Reuters BIP Coding Group" date="1996-10-29"></editdetail></code>
<code code="QRSNUdPsNl">
<editdetail action="confirmed" attribution="Reuters BIP Coding Group" date="1996-10-29"></editdetail></code></codes>
<dc element="dc.publisher" value="Reuters Holdings Plc"></dc>
<dc element="dc.datepublished" value="1996-10-29"></dc>
<dc element="dc.source" value="Reuters - Notícias em Português"></dc>
<dc element="dc.creator.location" value=""></dc>
<dc element="dc.creator.location.country.name" value=""></dc></metadata></newsitem>