<?xml version="1.0" encoding="UTF-8"?>

<newsitem date="1996-08-20" id="root" itemid="48272" xml:lang="pt">
<title></title>
<headline> MONETÁRIO FECHA LÍQUIDO, PRAZOS MAIS BAIXOS. </headline>
<byline></byline>
<dateline></dateline>
<text>
<p> 1615 TMG - O mercado monetário do escudo fechou líquido no curto prazo e com as taxas nas maturidades mais longas em ligeira baixa, segundo dealers pela oferta de bancos não residentes. Mercado aguarda as decisões dos bancos centrais americano hoje alemão quinta-feira. * o/n e tom/next em 7,15/7,25 pct vs 7,25/7,30 pct de manhã * Prazo 30 dias em 7,36/7,40 pct vs 7,38/7,43 pct na abertura * Leilão amanhã 20 MC BT a 182 dias, anterior rateio 7,19 pct * BP diz cedência e absorção a 5 dias sem procura * Tesouro diz não colocou nada no leilão de OT/Mar/96/01 </p></text>
<copyright>(c) Reuters Limited 1996</copyright>
<metadata>
<codes class="bip:countries:1.0">
<code code="blQzGTmplO">
<editdetail action="confirmed" attribution="Reuters BIP Coding Group" date="1996-08-20"></editdetail></code>
<code code="xuXIJFrtNM">
<editdetail action="confirmed" attribution="Reuters BIP Coding Group" date="1996-08-20"></editdetail></code>
<code code="bMFeajnOnP">
<editdetail action="confirmed" attribution="Reuters BIP Coding Group" date="1996-08-20"></editdetail></code></codes>
<codes class="bip:topics:1.0">
<code code="ChuNTzUWbD">
<editdetail action="confirmed" attribution="Reuters BIP Coding Group" date="1996-08-20"></editdetail></code>
<code code="gWLpdJVLCA">
<editdetail action="confirmed" attribution="Reuters BIP Coding Group" date="1996-08-20"></editdetail></code>
<code code="TmgqJPTfAl">
<editdetail action="confirmed" attribution="Reuters BIP Coding Group" date="1996-08-20"></editdetail></code></codes>
<dc element="dc.publisher" value="Reuters Holdings Plc"></dc>
<dc element="dc.datepublished" value="1996-08-20"></dc>
<dc element="dc.source" value="Reuters - Notícias em Português"></dc>
<dc element="dc.creator.location" value=""></dc>
<dc element="dc.creator.location.country.name" value=""></dc></metadata></newsitem>