<?xml version="1.0" encoding="UTF-8"?>

<newsitem date="1996-10-09" id="root" itemid="49587" xml:lang="pt">
<title></title>
<headline> INDICADORES ECONÓMICOS E PREVISÕES 1997 - PORTUGAL. </headline>
<byline></byline>
<dateline></dateline>
<text>
<p>          ÚLTIMO VALOR   MÊS ANTES  ANO ANTES </p>
<p> --------------------------------------------------------------- </p>
<p> Índice Preços Consumidor (pct) </p>
<p>    -Var. mensal    Ago  0,3  0,2   0,5    -Var. média anual    Ago  3,3  3,4   4,3    -Var. homóloga anual Ago  3,6  3,8   4,0      Índice (base 100 em 1991)  132,0     131,6 127,4 </p>
<p> --------------------------------------------------------------- </p>
<p> Índice vendas retalho (pct)  Mai     143,9     140,3 138,7 </p>
<p> --------------------------------------------------------------- </p>
<p> Índ. Produção Industrial(c)  Jul     104,4     104,1 103,3 </p>
<p> --------------------------------------------------------------- </p>
<p> Índ. vol. negóc. indústria   Jul     164,1     143,1 146,6 Índ. emprego indústria  Jul 81,8 81,6  84,6 </p>
<p> --------------------------------------------------------------- </p>
<p> Índice de preços na produção industrial: </p>
<p>     .       JUL96     JUN96 JUL95     Extractiva        117,5     118,1 116,5     Alim, beb. tabaco      125,1     125,0 117,3     Têxtil       117,1     117,2 117,2     Prod. petrolíferos      87,6 90,2  67,6     Químicos e fibras      116,3     116,7 118,2     Minerais não metálicos      130,2     130,1 126,7     Metalúrgicas e metais  109,3     110,0 113,6     Electric., gás, água   134,9     134,9 137,4 </p>
<p> --------------------------------------------------------------- </p>
<p> Importações totais   (MC)    Jun     387,8     453,9 432,3      - extra UE (MC)    Jul     130,8 93,5 104,5 Exportações totais   (MC)    Jun     283,5     324,4 314,6      - extra UE (MC)    Jul 74,1 53,8  63,1 Défice total    (MC)    Jun     104,3     129,5 117,7      - extra UE (MC)    Jul 56,7 39,7  41,4 Défice acumul. total (MC)  Jan-Jun   718,5     614,2 827,7 Défice acum. extra UE(MC)  Jan-Jul   351,9     295,2 352,1 </p>
<p> --------------------------------------------------------------- </p>
<p> BTC (saldo MC)     Jul    - 41,5    -  62,3    - 38,9 </p>
<p> BTC (saldo MC) (acumulado)Jan-Jul   -563,1     -521,6    -485,0 </p>
<p> --------------------------------------------------------------- </p>
<p> Taxa de Desemprego (%)    3ro trim     7,1   7,2  6,9 </p>
<p> --------------------------------------------------------------- </p>
<p> FBCF:(b) </p>
<p>    Variação pct (d)    4to tri 95 3,6  10,4  4,5 </p>
<p>    Valor p.correntes(MC) 95 a 93   3.687,5    3.389,9   3.074,9 </p>
<p> --------------------------------------------------------------- </p>
<p> Consumo em pct: (b)(d) </p>
<p>     Privado   4to tri 95     1,0   1,2  1,0     Público   4to tri 95     2,4   2,2  1,3 </p>
<p> --------------------------------------------------------------- </p>
<p> PIB: (b) </p>
<p>    Variação pct (d)     4to tri 95     1,9   1,6  0,7 </p>
<p>    Valor p.correntes(MC) 95 a 93    15.117     14.034    13.167 </p>
<p> --------------------------------------------------------------- </p>
<p> Res.oficiais liq(milhões USD)Ago     + 182 - 401     + 172 </p>
<p> Reservas acum.(milhões USD)  Ago    22.599     22.343    21.516 </p>
<p> --------------------------------------------------------------- </p>
<p> Liquidez (L-)(pct)      Jul  8,0   7,5  9,8 </p>
<p> --------------------------------------------------------------- </p>
<p> Ratings da República     S&amp;P  MOODY&apos;S Dívida interna      AAA    AAA Dívida externa longo prazo    AA-    A1 Dívida externa curto prazo    A-1    P-1 </p>
<p> --------------------------------------------------------------- </p>
<p> Previsões do Governo para 1997: </p>
<p> PIB (pct)     2,75-3,25 Deflactor do PIB (pct)  2,25-2,50 Défice SPA (pct do PIB)    2,9 Consumo púùblico (pct)  Consumo privado (pct)   2,00-2,50 Exportações (pct)  9,00-10,0 Importações (pct)  8,00-9,00 Emprego (pct)      0,50-1,00 Investimento público (pct) 10,0 </p>
<p> ---------------------------------------------------------------- </p>
<p> - </p>
<p> Fontes: INE, Banco de Portugal e Ministério das Finanças </p>
<p> (a) Dados não disponíveis </p>
<p> (b) Estimativas das Contas Nacionais Trimestrais do INE </p>
<p> (c)base 1990=100 </p>
<p> (d)Preços constantes de 1990, variações no ano terminado em cada </p>
<p> trimestre. </p>
<p>     *****Actualizado dia 4 de Outubro de 1996***** </p>
<p>     ---Lisboa Editorial, 351-1-3150035. </p>
<p> (c) Reuters Limited 1996. </p></text>
<copyright>(c) Reuters Limited 1996</copyright>
<metadata>
<codes class="bip:countries:1.0">
<code code="CchjccuOCC">
<editdetail action="confirmed" attribution="Reuters BIP Coding Group" date="1996-10-09"></editdetail></code>
<code code="HvwsENlXxS">
<editdetail action="confirmed" attribution="Reuters BIP Coding Group" date="1996-10-09"></editdetail></code>
<code code="MbPIzWTKtV">
<editdetail action="confirmed" attribution="Reuters BIP Coding Group" date="1996-10-09"></editdetail></code></codes>
<codes class="bip:topics:1.0">
<code code="rejCicHSln">
<editdetail action="confirmed" attribution="Reuters BIP Coding Group" date="1996-10-09"></editdetail></code>
<code code="SLPzeABjhX">
<editdetail action="confirmed" attribution="Reuters BIP Coding Group" date="1996-10-09"></editdetail></code>
<code code="JUbzsMnTrm">
<editdetail action="confirmed" attribution="Reuters BIP Coding Group" date="1996-10-09"></editdetail></code></codes>
<dc element="dc.publisher" value="Reuters Holdings Plc"></dc>
<dc element="dc.datepublished" value="1996-10-09"></dc>
<dc element="dc.source" value="Reuters - Notícias em Português"></dc>
<dc element="dc.creator.location" value=""></dc>
<dc element="dc.creator.location.country.name" value=""></dc></metadata></newsitem>