<?xml version="1.0" encoding="UTF-8"?>

<newsitem date="1996-10-14" id="root" itemid="49747" xml:lang="pt">
<title></title>
<headline> ACÇÕES FECHAM EM ALTA LIGEIRA, EXPECTATIVA CIMPOR. </headline>
<byline></byline>
<dateline></dateline>
<text>
<p> As acções do Contínuo e os Futuros sobre o PSI20 fecharam em alta ligeira e a liquidez no cash em 1,8 milhões de contos, destacando-se o BCP, Lisnave e ITI-P. Operadores prevêem que os volumes negociados comecem a aumentar, dado que amanhã fica resolvida a segunda fase de privatização da Cimpor. Mercado com condições de subida sustentada até ao final do ano. *Índice PSI-20 (.PSI20)sobe 0,01 pct para 4.791,50 pontos *BCP sobe 3 escudos para 1.883. Negociadas 89.873 *Lisnave sobe 12 escudos para 419. Negociadas 85.514 *PT negoceia em Nova Iorque a cair para 26,3/8 dólares *Futuro PSI-20 Out/96 (PSI20V6)cai p/4.805 vs 4.801 pontos. </p>
<p> - Paula Cordeiro, Lisboa Editorial, 351-1-3150035. (c) Reuters Limited 1996. </p></text>
<copyright>(c) Reuters Limited 1996</copyright>
<metadata>
<codes class="bip:countries:1.0">
<code code="EVFnAMzbRQ">
<editdetail action="confirmed" attribution="Reuters BIP Coding Group" date="1996-10-14"></editdetail></code>
<code code="srHuuTWlbj">
<editdetail action="confirmed" attribution="Reuters BIP Coding Group" date="1996-10-14"></editdetail></code>
<code code="nRvenwioNq">
<editdetail action="confirmed" attribution="Reuters BIP Coding Group" date="1996-10-14"></editdetail></code></codes>
<codes class="bip:topics:1.0">
<code code="gPyCTupygY">
<editdetail action="confirmed" attribution="Reuters BIP Coding Group" date="1996-10-14"></editdetail></code>
<code code="aXMYIxmSMM">
<editdetail action="confirmed" attribution="Reuters BIP Coding Group" date="1996-10-14"></editdetail></code></codes>
<dc element="dc.publisher" value="Reuters Holdings Plc"></dc>
<dc element="dc.datepublished" value="1996-10-14"></dc>
<dc element="dc.source" value="Reuters - Notícias em Português"></dc>
<dc element="dc.creator.location" value=""></dc>
<dc element="dc.creator.location.country.name" value=""></dc></metadata></newsitem>