<?xml version="1.0" encoding="UTF-8"?>

<newsitem date="1996-09-20" id="root" itemid="49130" xml:lang="pt">
<title></title>
<headline> FUTUROS E CASH FECHAM EM MÁXIMOS HISTÓRICOS. </headline>
<byline></byline>
<dateline></dateline>
<text>
<p> As OT fecharam com os Futuros e o cash em máximos históricos, num dia muito animado por compras de não-residentes, afirmando os dealers que o mercado se irá manter indexado a Espanha, mas que a toada optimista se poderá manter para a semana e que novo encurtamento de spreads positivos para a Alemanha é ainda possível. *Futuro Dez/96 99,49 vs 98,56 no fecho anterior *Futuro Bono Dez/96 105,25 vs 104,47 fecho anterior *OT/Fev/06 109,40 (108,30), yield 8,02% vs 8,19% fecho *Spread OT/Fev/06 e Bonos/Abr/06 -7 bp vs -2 bp fecho *Desemprego 3do trim 96 em 7,1 pct vs 7,2 pct 2do trim 96. </p></text>
<copyright>(c) Reuters Limited 1996</copyright>
<metadata>
<codes class="bip:countries:1.0">
<code code="PYgbErNAWa">
<editdetail action="confirmed" attribution="Reuters BIP Coding Group" date="1996-09-20"></editdetail></code>
<code code="pXBYKWzwnG">
<editdetail action="confirmed" attribution="Reuters BIP Coding Group" date="1996-09-20"></editdetail></code>
<code code="CZgnbrHwZd">
<editdetail action="confirmed" attribution="Reuters BIP Coding Group" date="1996-09-20"></editdetail></code></codes>
<codes class="bip:topics:1.0">
<code code="HnWnSiaLeO">
<editdetail action="confirmed" attribution="Reuters BIP Coding Group" date="1996-09-20"></editdetail></code>
<code code="RJCzqxbfnN">
<editdetail action="confirmed" attribution="Reuters BIP Coding Group" date="1996-09-20"></editdetail></code></codes>
<dc element="dc.publisher" value="Reuters Holdings Plc"></dc>
<dc element="dc.datepublished" value="1996-09-20"></dc>
<dc element="dc.source" value="Reuters - Notícias em Português"></dc>
<dc element="dc.creator.location" value=""></dc>
<dc element="dc.creator.location.country.name" value=""></dc></metadata></newsitem>