<?xml version="1.0" encoding="UTF-8"?>

<newsitem date="1996-10-01" id="root" itemid="49388" xml:lang="pt">
<title></title>
<headline> PIB 1995 PREÇOS MERCADO EM 15.073 MC - INE. </headline>
<byline></byline>
<dateline></dateline>
<text>
<p>     LISBOA, 1 Out (Reuter) - O Produto Interno Bruto (PIB) a preços de mercado </p>
<p> foi de 15.073,187 milhões de contos (MC) em 1995 a preços correntes, segundo a </p>
<p> primeira versão provisória para este ano das Contas Nacionais, hoje divulgada </p>
<p> pelo Instituto Nacional de Estatística (INE). </p>
<p>     Em 1994, o PIB a peços correntes, ou seja, sem descontar a inflação </p>
<p> implícita (que é diferente do IPC), ascendeu a 14.082,597 MC, segundo uma vers </p>
<p> preliminar também hoje divulgada. </p>
<p>     Segue quadro com informação disponibilizada pelo INE, em MC: </p>
<p>   CONTAS NACIONAIS - PRINCIPAIS AGREGADOS 1990/1995         1990 1991  1992  1993  1994  1995 </p>
<p> PIB p.mercado  9621,111  11031,729  12427,242  13211,736  14082,597  15073,187 </p>
<p> PNB p.mercado  9489,867  10914,882  12370,196  13202,502  14007,112  14941,198 </p>
<p> Consumo final  8068,539   9538,128  10823,465  11597,198  12309,938  13014,526 </p>
<p> FBCF      2612,369   2831,432   3043,270   2989,238   3293,697   3579,639 </p>
<p> Var.Existências 105,573     66,126     59,684    -12,807    -13,629    -14,646 </p>
<p> Exportações    2733,566   2792,696   2929,448   3048,864   3575,932   4155,644 </p>
<p> Importações    3898,936   4196,653   4428,625   4410,757   5083,341   5661,976 </p>
<p>     ---Lisboa Editorial, 351-1-3113126. </p>
<p> (c) Reuters Limited 1996. </p></text>
<copyright>(c) Reuters Limited 1996</copyright>
<metadata>
<codes class="bip:countries:1.0">
<code code="whWXJufhar">
<editdetail action="confirmed" attribution="Reuters BIP Coding Group" date="1996-10-01"></editdetail></code>
<code code="somyekziZh">
<editdetail action="confirmed" attribution="Reuters BIP Coding Group" date="1996-10-01"></editdetail></code>
<code code="TuHizgIays">
<editdetail action="confirmed" attribution="Reuters BIP Coding Group" date="1996-10-01"></editdetail></code></codes>
<codes class="bip:topics:1.0">
<code code="VEOceSyBsa">
<editdetail action="confirmed" attribution="Reuters BIP Coding Group" date="1996-10-01"></editdetail></code>
<code code="qaEpzBWROe">
<editdetail action="confirmed" attribution="Reuters BIP Coding Group" date="1996-10-01"></editdetail></code></codes>
<dc element="dc.publisher" value="Reuters Holdings Plc"></dc>
<dc element="dc.datepublished" value="1996-10-01"></dc>
<dc element="dc.source" value="Reuters - Notícias em Português"></dc>
<dc element="dc.creator.location" value=""></dc>
<dc element="dc.creator.location.country.name" value=""></dc></metadata></newsitem>