<?xml version="1.0" encoding="UTF-8"?>

<newsitem date="1996-09-10" id="root" itemid="48778" xml:lang="pt">
<title></title>
<headline> FUTUROS E CASH PREVÊEM-SE SUPORTADAS ALTA. </headline>
<byline></byline>
<dateline></dateline>
<text>
<p> As OT deverão hoje negociar com mais liquidez e com os Futuros e o cash em alta com os periféricos, prevendo-se que os 10 anos se mantenham a negociar com um spread entre zero e menos cinco bp para os Bonos, disseram dealers. </p>
<p> &quot;O dólar está forte, os periféricos em alta, tendo Espanha dado um novo pulo e nós não vamos ficar atrás e vamos manter a tendência altista nos Futuros e cash&quot;, disse um director. </p>
<p> &quot;Os 10 anos vão manter um spread de zero a menos cinco bp para os Bonos&quot;, disse um dealer. </p>
<p> &quot;O vector curto também deve evoluir bem suportado dado que se prevê que o leilão de OT/Mar/99 saia ligeiramente acima dos 7,50 pct&quot;, adiantou. </p></text>
<copyright>(c) Reuters Limited 1996</copyright>
<metadata>
<codes class="bip:countries:1.0">
<code code="NKelEMyWTH">
<editdetail action="confirmed" attribution="Reuters BIP Coding Group" date="1996-09-10"></editdetail></code>
<code code="SCrUmcQdgl">
<editdetail action="confirmed" attribution="Reuters BIP Coding Group" date="1996-09-10"></editdetail></code>
<code code="DZeiYwFlZL">
<editdetail action="confirmed" attribution="Reuters BIP Coding Group" date="1996-09-10"></editdetail></code></codes>
<codes class="bip:topics:1.0">
<code code="qPyaDlNBEq">
<editdetail action="confirmed" attribution="Reuters BIP Coding Group" date="1996-09-10"></editdetail></code>
<code code="inztKDgRjU">
<editdetail action="confirmed" attribution="Reuters BIP Coding Group" date="1996-09-10"></editdetail></code></codes>
<dc element="dc.publisher" value="Reuters Holdings Plc"></dc>
<dc element="dc.datepublished" value="1996-09-10"></dc>
<dc element="dc.source" value="Reuters - Notícias em Português"></dc>
<dc element="dc.creator.location" value=""></dc>
<dc element="dc.creator.location.country.name" value=""></dc></metadata></newsitem>