<?xml version="1.0" encoding="UTF-8"?>

<newsitem date="1996-08-29" id="root" itemid="48507" xml:lang="pt">
<title></title>
<headline> TBA FIXA EM 7,1294 PCT VS 7,1313 PCT ANTES. </headline>
<byline></byline>
<dateline></dateline>
<text>
<p> LISBOA, 29 Ago (Reuter) - A Taxa Base Anual (TBA) fixou-se hoje em 7,1294 contra 7,1313 pct no anterior leilão colocado de Bilhetes do Tesouro, anunciou o Banco de Portugal (BP). </p>
<p> A TBA é uma taxa nominal, convertível semestralmente, equivalente à taxa média efectiva, ponderada pelos respectivos montantes, das últimas doze colocações de bilhetes do Tesouro. </p>
<p> - Lisboa Editorial, 351-1-315.00.35. </p>
<p> (c) Reuters Limited 1996. </p></text>
<copyright>(c) Reuters Limited 1996</copyright>
<metadata>
<codes class="bip:countries:1.0">
<code code="tDYBfhINZD">
<editdetail action="confirmed" attribution="Reuters BIP Coding Group" date="1996-08-29"></editdetail></code>
<code code="uMTiUJhUqO">
<editdetail action="confirmed" attribution="Reuters BIP Coding Group" date="1996-08-29"></editdetail></code>
<code code="tdPKnlRsJi">
<editdetail action="confirmed" attribution="Reuters BIP Coding Group" date="1996-08-29"></editdetail></code></codes>
<codes class="bip:topics:1.0">
<code code="TQgYNvOmps">
<editdetail action="confirmed" attribution="Reuters BIP Coding Group" date="1996-08-29"></editdetail></code>
<code code="vNOufaxHko">
<editdetail action="confirmed" attribution="Reuters BIP Coding Group" date="1996-08-29"></editdetail></code>
<code code="AmCHXIuPly">
<editdetail action="confirmed" attribution="Reuters BIP Coding Group" date="1996-08-29"></editdetail></code></codes>
<dc element="dc.publisher" value="Reuters Holdings Plc"></dc>
<dc element="dc.datepublished" value="1996-08-29"></dc>
<dc element="dc.source" value="Reuters - Notícias em Português"></dc>
<dc element="dc.creator.location" value=""></dc>
<dc element="dc.creator.location.country.name" value=""></dc></metadata></newsitem>