<?xml version="1.0" encoding="UTF-8"?>

<newsitem date="1996-10-14" id="root" itemid="49735" xml:lang="pt">
<title></title>
<headline> PERSPECTIVAS EVOLUÇÃO PRODUÇÃO INDUSTRIAL ESTÁVEL. </headline>
<byline></byline>
<dateline></dateline>
<text>
<p> LISBOA, 14 Out (Reuter) - As perspectivas de evolução da produção industrial para os próximos meses estabilizaram, enquanto as expectativas de aumento dos preços revelam um movimento ascendente, refere o Instituto Nacional de Estatística (INE), no inquérito de Setembro à indústria transformadora. </p>
<p> &quot;As perspectivas de evolução da produção para os próximos meses estabilizaram, continuando este indicador a apresentar um sinal positivo&quot;, refere o INE. </p>
<p> Em Setembro, o indicador de confiança apresentou uma evolução positiva, mantendo-se, no entanto, a um nível baixo, acrescenta o INE. </p>
<p> &quot;O movimento ascendente deste mês foi resultante das opiniões menos desfavoráveis sobre as evoluções da procura global e dos stocks de produtos acabados&quot;, acrescenta. </p>
<p> A procura externa evoluiu também desfavoravelmente, sendo as respostas das empresas de bens de consumo e de bens intermédios as que contribuiram para a descida do indicador global. </p>
<p> - Lisboa Editorial, 351.1.3113121. </p>
<p> (c) Reuters Limited 1996. </p></text>
<copyright>(c) Reuters Limited 1996</copyright>
<metadata>
<codes class="bip:countries:1.0">
<code code="uWWWqbMyDz">
<editdetail action="confirmed" attribution="Reuters BIP Coding Group" date="1996-10-14"></editdetail></code>
<code code="oCpQidjkvH">
<editdetail action="confirmed" attribution="Reuters BIP Coding Group" date="1996-10-14"></editdetail></code>
<code code="tKLLgdIjIi">
<editdetail action="confirmed" attribution="Reuters BIP Coding Group" date="1996-10-14"></editdetail></code></codes>
<codes class="bip:topics:1.0">
<code code="JOniJOFoPz">
<editdetail action="confirmed" attribution="Reuters BIP Coding Group" date="1996-10-14"></editdetail></code>
<code code="qlBliOOpQm">
<editdetail action="confirmed" attribution="Reuters BIP Coding Group" date="1996-10-14"></editdetail></code>
<code code="QPeOcqwyfm">
<editdetail action="confirmed" attribution="Reuters BIP Coding Group" date="1996-10-14"></editdetail></code></codes>
<dc element="dc.publisher" value="Reuters Holdings Plc"></dc>
<dc element="dc.datepublished" value="1996-10-14"></dc>
<dc element="dc.source" value="Reuters - Notícias em Português"></dc>
<dc element="dc.creator.location" value=""></dc>
<dc element="dc.creator.location.country.name" value=""></dc></metadata></newsitem>