<?xml version="1.0" encoding="UTF-8"?>

<newsitem date="1996-09-27" id="root" itemid="49302" xml:lang="pt">
<title></title>
<headline> AUMENTOS FUNÇÃO PÚBLICA INFERIORES 4,25%. </headline>
<byline></byline>
<dateline></dateline>
<text>
<p> Por Sérgio Gonçalves LISBOA, 27 Set (Reuter) - Os aumentos salariais para a Função Pública (FP), em 1997, deverão ser inferiores aos 4,25 pct registados no corrente ano devido às exigências decorrentes de Portugal pretender integrar o pelotão da frente da Moeda Única, disse Arnaldo Silva, adjunto do Ministro Jorge Coelho. </p>
<p> &quot;Tudo indica que, em 1997, (o aumento) seja inferior ao de 1996. Toda a gente sabe que o OE de 1997 é muito mais restritivo do que o anterior devido às imposições comunitárias (Tratado Maastricht)&quot;, disse em entrevista à Reuters, o adjunto do Ministro Adjunto, Jorge Coelho. </p>
<p> Adiantou que esses aumentos serão feitos &quot;dentro de todo o contexto da política orçamental e para se tentar que efectivamente Portugal esteja emn condições de integrar o primeiro pelotão da Moeda Única&quot;. </p>
<p> Os salários dos funcionários públicos representam cerca de 70 pct das despesas correntes do Estado. </p>
<p> A tabela salarial da FP, em 1996, foi aumentada em 4,25 pct, saldando-se num valor de massa salarial entre cinco e seis pct. </p>
<p> A Frente Comum, afecta à CGTP-IN, exige um aumento da tabela salarial de sete pct para 1997, enquanto a FESAP e o Sindicato dos Quadros Técnicos (STE) exigem ambos um aumento de 4,5 pct. </p>
<p> Arnaldo Silva não quis, contudo, adiantar qual será a primeira contraproposta do Governo às propostas dos sindicatos. </p>
<p> &quot;É intenção do Ministro Adjunto que sejam os sindicatos os primeiros a saberem qual será a proposta do Governo&quot;, disse. </p>
<p> &quot;Obrigatoriamente e por uma questão de princípio este Governo vai abrir as negociações antes da entrega do Orçamento de Estado (OE) na Assembleia da República (15 de Outubro)&quot;, disse o adjunto do Ministro. </p>
<p> Alguns analistas apontam finais de Dezembro, altura em que o OE para 1997 deve ser aprovado na especialidade, para que o eventual acordo da FP esteja finalizado. </p>
<p> &quot;Antes de 15 de Outubro vamos receber os sindicatos. O Ministro Adjunto disse, desde sempre, que não abria as negociações de 1997 sem o diploma do Quadro de Excedentes Interdepartamentais (QEI) estar concluído&quot;, referiu. </p>
<p> &quot;O mais importante para o Governo é não prejudicar o sector dos trabalhadores da FP, numa política de grande abertura e confiança mútua&quot;, afirmou Arnaldo Silva. </p>
<p> &quot;Mas, os sindicatos sabem desde Janeiro que o OE de 97 seria de grande contencção e por isso acordou com eles que as grandes saltos qualitativos, em termos de reestruturação de carreiras e de alguns ganhos substanciais, serão incluídos no OE de 1998&quot;. </p>
<p> &quot;É líquido que todos eles (sindicatos) estão à espera que este ano (97) não haja um aumento tão generoso como o de 96. Toda a gente, de uma forma sabe, baixou as perspectivas&quot;, explicou Arnaldo Silva. </p>
<p> No acordo de 1996, a Frente Comum começou por pedir um aumento de 11,5 pct e a FESAP e o STE pediam, respectivamente, 7,5 e 6,5 pct. </p>
<p> &quot;Ninguém está interessado em rupturas (A postura será) de total abertura de analisarmos, ponto por ponto e com os sindicatos, a possibilidade máxima que o Governo pode dar de forma a que haja um entendimento&quot;, acrescentou. </p>
<p> &quot;Mas, para um Orçamento como o de 1997, estamos um pouco limitados em relação a grandes diferenciais. Possivelmente teremos de ir negociar algumas contrapartidas no campo social para obviar uma muito previsível baixa de percentagem de aumento em relação à do ano passado&quot;, afirmou Arnaldo Silva. </p>
<p> O Gabinete do Ministro já recebeu o caderno reivindicativo do STE e da FESAP, faltando apenas o da Frente Comum. </p>
<p> &quot;Estamos a fazer estudos para podermos contabilizá-las e fazer a escolha entre as totalmente inaceitáveis, as semi aceitáveis e aquelas que poderemos, à partida, aceitar de imediato&quot;, concluiu. </p>
<p> - Lisboa Editorial, 351-1-3150035. </p>
<p> (c) Reuters Limited 1996. </p></text>
<copyright>(c) Reuters Limited 1996</copyright>
<metadata>
<codes class="bip:countries:1.0">
<code code="IrRrvDsLHw">
<editdetail action="confirmed" attribution="Reuters BIP Coding Group" date="1996-09-27"></editdetail></code>
<code code="LPHDQqZnOG">
<editdetail action="confirmed" attribution="Reuters BIP Coding Group" date="1996-09-27"></editdetail></code>
<code code="eTywRzObWs">
<editdetail action="confirmed" attribution="Reuters BIP Coding Group" date="1996-09-27"></editdetail></code></codes>
<codes class="bip:topics:1.0">
<code code="zkzQbaallA">
<editdetail action="confirmed" attribution="Reuters BIP Coding Group" date="1996-09-27"></editdetail></code>
<code code="WeCkLPpyXo">
<editdetail action="confirmed" attribution="Reuters BIP Coding Group" date="1996-09-27"></editdetail></code></codes>
<dc element="dc.publisher" value="Reuters Holdings Plc"></dc>
<dc element="dc.datepublished" value="1996-09-27"></dc>
<dc element="dc.source" value="Reuters - Notícias em Português"></dc>
<dc element="dc.creator.location" value=""></dc>
<dc element="dc.creator.location.country.name" value=""></dc></metadata></newsitem>