<?xml version="1.0" encoding="UTF-8"?>

<newsitem date="1996-10-29" id="root" itemid="50136" xml:lang="pt">
<title></title>
<headline> ACÇÕES ABREM COM LIQUIDEZ CONCENTRADA BCP E BES. </headline>
<byline></byline>
<dateline></dateline>
<text>
<p> As acções do Contínuo abriram com a liquidez concentrada em dois papéis, BESCL, devido aos resultados do terceiro trimestre. Operadores prevêem que os interesse dos investidores permaneçam nestes papéis até ao fecho. Futuros sobre o PSI20 descem com iliquidez. *Índice PSI-20 (.PSI20)cai 0,15 pct para 4.763,03 pontos *Futuro PSI20 Nov96 (PSI20X6)cai p/4.790 pontos vs 4.799 fecho *BES sobe 33 escudos para 2.714. Negociadas 362.215 *BCP sobe 13 escudos para 1.900. Negociadas 184.263 *BCP apresenta hoje a partir 1600 TMG resultados 3ro tri 96 (segue comentário de mercado). </p>
<p> A fraqueza do BPI-SGPS, apesar de registar fraca liquidez, poderá estar relacionada com o facto de ontem o agrupamento liderado pelo Banco Finantia interpôs recurso contencioso de anulação da resolução do Conselho de Ministros relativa à privatização do Banco de Fomento e Exterior (BFE). </p>
<p> Não foi, ainda, possivel apurar se esta medida terá ou não efeitos suspensivos. </p>
<p> - Paula Cordeiro, Lisboa Editorial, 351-1-3150035. (c) Reuters Limited 1996. </p></text>
<copyright>(c) Reuters Limited 1996</copyright>
<metadata>
<codes class="bip:countries:1.0">
<code code="blXpKjSPor">
<editdetail action="confirmed" attribution="Reuters BIP Coding Group" date="1996-10-29"></editdetail></code>
<code code="JbKYoUiFSJ">
<editdetail action="confirmed" attribution="Reuters BIP Coding Group" date="1996-10-29"></editdetail></code>
<code code="DOCPXVxAhC">
<editdetail action="confirmed" attribution="Reuters BIP Coding Group" date="1996-10-29"></editdetail></code></codes>
<codes class="bip:topics:1.0">
<code code="pynsqKROtq">
<editdetail action="confirmed" attribution="Reuters BIP Coding Group" date="1996-10-29"></editdetail></code>
<code code="moiMdyIcWK">
<editdetail action="confirmed" attribution="Reuters BIP Coding Group" date="1996-10-29"></editdetail></code></codes>
<dc element="dc.publisher" value="Reuters Holdings Plc"></dc>
<dc element="dc.datepublished" value="1996-10-29"></dc>
<dc element="dc.source" value="Reuters - Notícias em Português"></dc>
<dc element="dc.creator.location" value=""></dc>
<dc element="dc.creator.location.country.name" value=""></dc></metadata></newsitem>