<?xml version="1.0" encoding="UTF-8"?>

<newsitem date="1996-09-03" id="root" itemid="48616" xml:lang="pt">
<title></title>
<headline> ACÇÕES ABREM MISTAS, FUTUROS PSI20 PARADOS, EUA. </headline>
<byline></byline>
<dateline></dateline>
<text>
<p> 1100 TMG - As acções do Contínuo abriram mistas e mais líquidas que ontem, mas sem seguirem as quedas das outras praças, influenciadas pelos conflitos entre os EUA e o Iraque, esperando o mercado que Nova Iorque abra para ver como &apos;páram as modas&apos;. Futuros sobre o PSI20 parados. *Índice PSI-20 cai 0,08 pct para 4.718,57 pontos *BFE sobe 2 escudos para 2.553. Negociadas 265.087 *Somague sobe 16 escudos para 1.170.Negociadas 72.500 *Semapa sobe 30 escudos para 2.160. Negociadas 64.100 *Futuro PSI-20 Set/96 sobe para 4.731 vs 4.730 pontos. (c) Reuters Limited 1996. </p></text>
<copyright>(c) Reuters Limited 1996</copyright>
<metadata>
<codes class="bip:countries:1.0">
<code code="OGdHiejeYH">
<editdetail action="confirmed" attribution="Reuters BIP Coding Group" date="1996-09-03"></editdetail></code>
<code code="iedZEfSNWI">
<editdetail action="confirmed" attribution="Reuters BIP Coding Group" date="1996-09-03"></editdetail></code>
<code code="PtToZQahNT">
<editdetail action="confirmed" attribution="Reuters BIP Coding Group" date="1996-09-03"></editdetail></code></codes>
<codes class="bip:topics:1.0">
<code code="PnxgdneDgs">
<editdetail action="confirmed" attribution="Reuters BIP Coding Group" date="1996-09-03"></editdetail></code>
<code code="xHkljBvlRt">
<editdetail action="confirmed" attribution="Reuters BIP Coding Group" date="1996-09-03"></editdetail></code>
<code code="yYzzrarMCF">
<editdetail action="confirmed" attribution="Reuters BIP Coding Group" date="1996-09-03"></editdetail></code></codes>
<dc element="dc.publisher" value="Reuters Holdings Plc"></dc>
<dc element="dc.datepublished" value="1996-09-03"></dc>
<dc element="dc.source" value="Reuters - Notícias em Português"></dc>
<dc element="dc.creator.location" value=""></dc>
<dc element="dc.creator.location.country.name" value=""></dc></metadata></newsitem>