ID;CorpIndustrial;Economia;GovSocial;Mercados
news_00001.xml;0.01000;0.83700;0.05443;0.09857
news_00004.xml;0.00000;0.00400;0.00000;0.99600
news_00005.xml;0.00000;0.04000;0.00000;0.96000
news_00011.xml;0.00333;0.01950;0.00667;0.97050
news_00015.xml;0.00700;0.00976;0.00000;0.98324
news_00020.xml;0.02000;0.48143;0.23007;0.26850
news_00021.xml;0.00000;0.03367;0.02500;0.94133
news_00023.xml;0.03583;0.54767;0.11283;0.30367
news_00031.xml;0.00000;0.02000;0.00000;0.98000
news_00032.xml;0.00500;0.11000;0.01200;0.87300
news_00039.xml;0.01339;0.33075;0.50603;0.14983
news_00042.xml;0.00000;0.03850;0.01000;0.95150
news_00043.xml;0.00000;0.00000;0.00000;100.000
news_00046.xml;0.00000;100.000;0.00000;0.00000
news_00047.xml;0.00000;0.03300;0.01375;0.95325
news_00048.xml;0.00000;0.03314;0.00000;0.96686
news_00049.xml;0.00000;0.00333;0.00000;0.99667
news_00052.xml;0.00000;0.00000;0.00000;100.000
news_00055.xml;0.00000;0.07333;0.00750;0.91917
news_00068.xml;0.00629;0.03943;0.00286;0.95143
news_00069.xml;0.01167;0.76398;0.05045;0.17390
news_00082.xml;0.02500;0.00333;0.00000;0.97167
news_00084.xml;0.03593;0.57982;0.10675;0.27750
news_00088.xml;0.00200;0.02000;0.00000;0.97800
news_00090.xml;0.00000;0.00000;0.00000;100.000
news_00091.xml;0.00200;0.96217;0.00000;0.03583
news_00093.xml;0.00000;0.00500;0.00000;0.99500
news_00098.xml;0.00560;0.91145;0.04033;0.04262
news_00102.xml;0.01000;0.15148;0.04736;0.79117
news_00104.xml;0.00000;0.06933;0.03885;0.89182
news_00109.xml;0.00000;0.00000;0.00000;100.000
news_00118.xml;0.00000;0.12250;0.00000;0.87750
news_00128.xml;0.00000;0.00000;0.00000;100.000
news_00134.xml;0.00000;0.00000;0.00000;100.000
news_00137.xml;0.00000;0.02250;0.01667;0.96083
news_00149.xml;0.00000;0.00000;0.00000;100.000
news_00154.xml;0.00333;0.99467;0.00200;0.00000
news_00157.xml;0.00000;0.00000;0.00000;100.000
news_00164.xml;0.00000;0.00000;0.00000;100.000
news_00166.xml;0.00000;0.06867;0.02917;0.90217
news_00167.xml;0.00000;0.00000;0.00000;100.000
news_00168.xml;0.00000;0.00000;0.00000;100.000
news_00173.xml;0.00000;0.00000;0.00000;100.000
news_00174.xml;0.01833;0.70274;0.05483;0.22410
news_00175.xml;0.01500;0.05033;0.01800;0.91667
news_00176.xml;0.02550;0.12257;0.20683;0.64510
news_00177.xml;0.00700;0.00976;0.00000;0.98324
news_00181.xml;0.00000;0.04490;0.00867;0.94643
news_00183.xml;0.01000;0.41719;0.07257;0.50024
news_00184.xml;0.00700;0.08133;0.01000;0.90167
news_00188.xml;0.00000;0.00333;0.00000;0.99667
news_00201.xml;0.02000;0.58170;0.16054;0.23776
news_00203.xml;0.00000;0.96139;0.03350;0.00511
news_00208.xml;0.01000;0.24157;0.01900;0.72943
news_00209.xml;0.00000;0.00250;0.00000;0.99750
news_00211.xml;0.01000;0.06850;0.00400;0.91750
news_00213.xml;0.00000;0.00000;0.00600;0.99400
news_00214.xml;0.00000;0.00125;0.00000;0.99875
news_00216.xml;0.00000;0.00000;0.00000;100.000
news_00217.xml;0.00000;0.51826;0.11521;0.36653
news_00220.xml;0.03033;0.39497;0.34653;0.22817
news_00224.xml;0.00500;0.00333;0.00533;0.98633
news_00225.xml;0.00200;0.02229;0.00571;0.97000
news_00226.xml;0.00000;0.09250;0.01000;0.89750
news_00232.xml;0.00167;0.84092;0.00000;0.15741
news_00234.xml;0.00000;0.06367;0.01333;0.92300
news_00235.xml;0.00000;0.00000;0.00000;100.000
news_00236.xml;0.00000;0.03283;0.00000;0.96717
news_00238.xml;0.00333;0.79952;0.01333;0.18381
news_00245.xml;0.00333;0.79952;0.01333;0.18381
news_00246.xml;0.00000;0.03250;0.00000;0.96750
news_00250.xml;0.00000;100.000;0.00000;0.00000
news_00258.xml;0.02560;0.63158;0.08483;0.25800
news_00268.xml;0.00000;0.00000;0.01000;0.99000
news_00275.xml;0.00643;0.02333;0.00167;0.96857
news_00282.xml;0.11383;0.01250;0.01548;0.85820
news_00283.xml;0.00250;0.84323;0.02275;0.13152
news_00290.xml;0.00000;0.00000;0.00000;100.000
news_00293.xml;0.00500;0.01000;0.00000;0.98500
news_00299.xml;0.00000;0.01000;0.00100;0.98900
news_00301.xml;0.00250;0.03550;0.00250;0.95950
news_00302.xml;0.02000;0.46217;0.05650;0.46133
news_00304.xml;0.00000;0.00000;0.00000;100.000
news_00307.xml;0.13533;0.39608;0.11167;0.35692
news_00309.xml;0.00000;0.13200;0.02325;0.84475
news_00316.xml;0.01000;0.00600;0.00200;0.98200
news_00317.xml;0.02000;0.04917;0.00583;0.92500
news_00323.xml;0.04826;0.40243;0.09869;0.45062
news_00324.xml;0.00000;0.00800;0.00400;0.98800
news_00326.xml;0.04626;0.43333;0.20583;0.31457
news_00330.xml;0.00200;0.99550;0.00000;0.00250
news_00333.xml;0.02300;0.11986;0.05417;0.80298
news_00334.xml;0.00000;0.02250;0.00333;0.97417
news_00341.xml;0.00333;0.02083;0.01250;0.96333
news_00346.xml;0.00750;0.07933;0.00500;0.90817
news_00348.xml;0.00000;0.00000;0.00000;100.000
news_00354.xml;0.00000;100.000;0.00000;0.00000
news_00356.xml;0.00000;0.00000;0.00000;100.000
news_00364.xml;0.01000;0.09133;0.02750;0.87117
news_00365.xml;0.01000;0.04808;0.00000;0.94192
news_00366.xml;0.00600;0.00200;0.00000;0.99200
news_00367.xml;0.00000;0.13933;0.02750;0.83317
news_00369.xml;0.00000;0.09133;0.01000;0.89867
news_00370.xml;0.02117;0.58050;0.18389;0.21444
news_00371.xml;0.00000;0.00000;0.00000;100.000
news_00372.xml;0.01167;0.01350;0.01033;0.96450
news_00376.xml;0.00000;0.00000;0.00000;100.000
news_00381.xml;0.00000;0.00000;0.00000;100.000
news_00382.xml;0.03067;0.55863;0.19093;0.21978
news_00384.xml;0.01000;0.06750;0.01000;0.91250
news_00388.xml;0.00000;0.01000;0.00000;0.99000
news_00389.xml;0.00000;100.000;0.00000;0.00000
news_00390.xml;0.00964;0.65656;0.15295;0.18085
news_00391.xml;0.00000;0.04167;0.01250;0.94583
news_00392.xml;0.00000;0.00000;0.00000;100.000
news_00396.xml;0.00000;0.01000;0.00000;0.99000
news_00398.xml;0.00667;0.02250;0.00167;0.96917
news_00401.xml;0.00200;0.02286;0.00714;0.96800
news_00402.xml;0.00000;0.00000;0.00000;100.000
news_00411.xml;0.00000;0.99750;0.00000;0.00250
news_00413.xml;0.00250;0.07950;0.04467;0.87333
news_00414.xml;0.00000;0.00333;0.00000;0.99667
news_00418.xml;0.00000;0.05655;0.00000;0.94345
news_00422.xml;0.00700;0.00976;0.00000;0.98324
news_00426.xml;0.00000;0.01833;0.00500;0.97667
news_00429.xml;0.00333;0.10617;0.00000;0.89050
news_00432.xml;0.00000;0.00000;0.00000;100.000
news_00437.xml;0.00200;0.82712;0.08521;0.08567
news_00440.xml;0.01667;0.01167;0.02000;0.95167
news_00441.xml;0.00500;0.01700;0.01000;0.96800
news_00444.xml;0.00000;0.03383;0.00000;0.96617
news_00448.xml;0.00000;0.00000;0.00000;100.000
news_00451.xml;0.00000;0.28550;0.01750;0.69700
news_00452.xml;0.01167;0.04142;0.00000;0.94692
news_00461.xml;0.03222;0.53439;0.21099;0.22239
news_00464.xml;0.00667;0.07750;0.00333;0.91250
news_00473.xml;0.04967;0.53108;0.26333;0.15592
news_00477.xml;0.00000;0.34569;0.01983;0.63448
news_00484.xml;0.00000;0.99800;0.00200;0.00000
news_00487.xml;0.00000;0.12850;0.02400;0.84750
news_00488.xml;0.00250;0.62575;0.25042;0.12133
news_00490.xml;0.00000;0.08333;0.00333;0.91333
news_00492.xml;0.00000;0.03950;0.00000;0.96050
news_00497.xml;0.00000;0.00792;0.00000;0.99208
news_00502.xml;0.00143;0.11857;0.00000;0.88000
news_00506.xml;0.00000;0.00000;0.00000;100.000
news_00507.xml;0.00500;0.75723;0.13915;0.09862
news_00518.xml;0.00000;0.00000;0.00000;100.000
news_00519.xml;0.00750;0.13587;0.02886;0.82778
news_00525.xml;0.00000;0.00000;0.00250;0.99750
news_00529.xml;0.00000;0.04850;0.00650;0.94500
news_00540.xml;0.00000;0.19898;0.04219;0.75883
news_00541.xml;0.00000;0.02667;0.01000;0.96333
news_00542.xml;0.00000;0.00200;0.00000;0.99800
news_00543.xml;0.00000;0.01400;0.00750;0.97850
news_00544.xml;0.00333;0.00500;0.00750;0.98417
news_00546.xml;0.00000;0.00000;0.00000;100.000
news_00548.xml;0.00000;0.00500;0.00000;0.99500
news_00549.xml;0.00343;0.76339;0.07786;0.15532
news_00552.xml;0.00000;0.02867;0.00000;0.97133
news_00554.xml;0.00000;0.02083;0.00250;0.97667
news_00559.xml;0.01543;0.57780;0.30716;0.09961
news_00561.xml;0.00000;0.02333;0.00000;0.97667
news_00562.xml;0.04571;0.03343;0.00000;0.92086
news_00565.xml;0.00700;0.01726;0.00000;0.97574
news_00566.xml;0.00000;0.02333;0.00250;0.97417
news_00567.xml;0.00167;0.84092;0.00000;0.15741
news_00568.xml;0.00000;0.03800;0.01500;0.94700
news_00569.xml;0.00333;0.03333;0.00000;0.96333
news_00570.xml;0.01000;0.02025;0.00000;0.96975
news_00573.xml;0.00667;0.01000;0.00000;0.98333
news_00576.xml;0.00000;0.00000;0.00000;100.000
news_00577.xml;0.00000;0.00500;0.00000;0.99500
news_00578.xml;0.00000;0.80517;0.11333;0.08150
news_00584.xml;0.00000;0.00000;0.00000;100.000
news_00586.xml;0.00000;0.01750;0.00250;0.98000
news_00594.xml;0.00250;0.01000;0.00000;0.98750
news_00595.xml;0.00000;0.00000;0.00000;100.000
news_00596.xml;0.00714;0.12148;0.03233;0.83905
news_00597.xml;0.00333;0.07583;0.01267;0.90817
news_00600.xml;0.06433;0.32333;0.08900;0.52333
news_00601.xml;0.00643;0.08333;0.00667;0.90357
news_00606.xml;0.00367;0.01200;0.00000;0.98433
news_00611.xml;0.00143;0.51190;0.07033;0.41633
news_00616.xml;0.00000;0.00000;0.01000;0.99000
news_00618.xml;0.00000;0.04800;0.00000;0.95200
news_00619.xml;0.03383;0.16781;0.03917;0.75919
news_00621.xml;0.00000;0.00000;0.00000;100.000
news_00627.xml;0.00000;0.06083;0.00000;0.93917
news_00629.xml;0.00222;0.00250;0.01278;0.98250
news_00634.xml;0.01843;0.64362;0.07486;0.26310
news_00637.xml;0.00000;0.00000;0.00000;100.000
news_00638.xml;0.00000;0.14833;0.01717;0.83450
news_00639.xml;0.00333;0.01500;0.00333;0.97833
news_00644.xml;0.00000;0.00000;0.00000;100.000
news_00647.xml;0.01000;0.09217;0.00000;0.89783
news_00648.xml;0.00000;0.06617;0.00143;0.93240
news_00656.xml;0.00000;0.00714;0.00000;0.99286
news_00658.xml;0.00333;0.04633;0.00000;0.95033
news_00661.xml;0.00000;0.00000;0.00000;100.000
news_00662.xml;0.05326;0.76264;0.11326;0.07083
news_00663.xml;0.00000;0.03353;0.00786;0.95861
news_00664.xml;0.00500;0.01200;0.00500;0.97800
news_00669.xml;0.00000;0.03250;0.01250;0.95500
news_00670.xml;0.00000;100.000;0.00000;0.00000
news_00672.xml;0.00000;0.03500;0.02333;0.94167
news_00684.xml;0.01500;0.07792;0.01333;0.89375
news_00689.xml;0.00000;0.00000;0.00000;100.000
news_00691.xml;0.01333;0.34486;0.34986;0.29194
news_00692.xml;0.00000;0.00000;0.00000;100.000
news_00694.xml;0.00000;0.07095;0.00143;0.92762
news_00697.xml;0.00000;0.00000;0.00000;100.000
news_00699.xml;0.00500;0.01667;0.00700;0.97133
news_00702.xml;0.00000;0.00000;0.00000;100.000
news_00705.xml;0.00333;0.79952;0.01333;0.18381
news_00716.xml;0.00000;0.14714;0.00000;0.85286
news_00720.xml;0.01500;0.07550;0.01000;0.89950
news_00722.xml;0.01617;0.21475;0.20659;0.56250
news_00730.xml;0.11383;0.01250;0.01548;0.85820
news_00731.xml;0.00500;0.00000;0.00000;0.99500
news_00733.xml;0.00000;0.99800;0.00200;0.00000
news_00741.xml;0.02000;0.00400;0.00000;0.97600
news_00745.xml;0.00333;0.07583;0.01667;0.90417
news_00747.xml;0.00500;0.01583;0.01000;0.96917
news_00753.xml;0.00000;0.01667;0.00000;0.98333
news_00755.xml;0.00200;0.04581;0.00333;0.94886
news_00765.xml;0.01500;0.09167;0.04383;0.84950
news_00766.xml;0.04750;0.55252;0.13648;0.26350
news_00770.xml;0.00000;0.06083;0.00783;0.93133
news_00772.xml;0.00167;0.84092;0.00000;0.15741
news_00774.xml;0.00000;0.00000;0.00000;100.000
news_00775.xml;0.00000;0.02000;0.01667;0.96333
news_00779.xml;0.01143;0.00333;0.00714;0.97810
news_00783.xml;0.00000;0.03381;0.01500;0.95119
news_00785.xml;0.00929;0.46648;0.02060;0.50364
news_00796.xml;0.00000;0.00000;0.00000;100.000
news_00802.xml;0.00143;0.01000;0.00714;0.98143
news_00805.xml;0.00000;0.04000;0.00000;0.96000
news_00806.xml;0.00500;0.02700;0.00000;0.96800
news_00808.xml;0.00000;0.14633;0.02333;0.83033
news_00823.xml;0.00000;0.00000;0.00000;100.000
news_00827.xml;0.00000;0.00000;0.00000;100.000
news_00829.xml;0.00000;0.01783;0.00800;0.97417
news_00830.xml;0.00000;0.00600;0.00000;0.99400
news_00831.xml;0.00000;0.01139;0.00111;0.98750
news_00838.xml;0.01450;0.48732;0.26302;0.23516
news_00845.xml;0.00000;0.01083;0.00000;0.98917
news_00846.xml;0.00000;0.00333;0.00000;0.99667
news_00847.xml;0.04754;0.56100;0.22464;0.16682
news_00849.xml;0.02317;0.68811;0.11714;0.17158
news_00851.xml;0.00000;0.05200;0.02167;0.92633
news_00854.xml;0.00000;0.00833;0.00000;0.99167
news_00857.xml;0.00743;0.03174;0.01714;0.94369
news_00859.xml;0.00000;0.00000;0.00000;100.000
news_00863.xml;0.00000;0.05690;0.02500;0.91810
news_00864.xml;0.00000;0.99000;0.00000;0.01000
news_00868.xml;0.00000;100.000;0.00000;0.00000
news_00873.xml;0.00643;0.73883;0.12241;0.13233
news_00875.xml;0.01429;0.65761;0.05202;0.27608
news_00878.xml;0.01000;0.03383;0.01000;0.94617
news_00881.xml;0.01000;0.06278;0.00000;0.92722
news_00884.xml;0.00000;0.18712;0.00000;0.81288
news_00886.xml;0.00000;0.00000;0.00000;100.000
news_00889.xml;0.01714;0.04333;0.00000;0.93952
news_00890.xml;0.00000;0.00000;0.00000;100.000
news_00891.xml;0.00000;0.00000;0.00000;100.000
news_00894.xml;0.01500;0.03700;0.00933;0.93867
news_00896.xml;0.00000;0.00333;0.00000;0.99667
news_00899.xml;0.00000;100.000;0.00000;0.00000
news_00900.xml;0.00667;0.08867;0.00867;0.89600
news_00902.xml;0.00000;0.09863;0.00000;0.90137
news_00903.xml;0.00000;0.00000;0.00000;100.000
news_00904.xml;0.00000;0.00000;0.00400;0.99600
news_00905.xml;0.01000;0.09950;0.00000;0.89050
news_00907.xml;0.00000;0.01000;0.00000;0.99000
news_00909.xml;0.00500;0.03200;0.00000;0.96300
news_00925.xml;0.00000;0.00000;0.00000;100.000
news_00930.xml;0.02139;0.85335;0.03860;0.08667
news_00931.xml;0.01410;0.01867;0.01048;0.95676
news_00932.xml;0.00000;0.03250;0.00000;0.96750
news_00934.xml;0.00000;0.04853;0.00786;0.94361
news_00941.xml;0.00000;0.06042;0.01000;0.92958
news_00947.xml;0.00333;0.06093;0.00000;0.93574
news_00948.xml;0.00000;0.05250;0.00250;0.94500
news_00952.xml;0.00000;0.05275;0.05450;0.89275
news_00953.xml;0.00000;0.00000;0.00000;100.000
news_00954.xml;0.00000;0.02000;0.00000;0.98000
news_00955.xml;0.00200;0.99217;0.00000;0.00583
news_00956.xml;0.00000;0.00000;0.00000;100.000
news_00959.xml;0.01000;0.07100;0.01886;0.90014
news_00960.xml;0.00000;0.00000;0.00000;100.000
news_00961.xml;0.00333;0.09210;0.03444;0.87013
news_00967.xml;0.00000;0.03317;0.00900;0.95783
news_00968.xml;0.00000;0.05125;0.01167;0.93708
news_00973.xml;0.00000;0.27833;0.00667;0.71500
news_00975.xml;0.00500;0.01250;0.01000;0.97250
news_00978.xml;0.00750;0.74463;0.00250;0.24537
news_00979.xml;0.00200;0.05883;0.01000;0.92917
news_00981.xml;0.01643;0.69575;0.01625;0.27157
news_00985.xml;0.00000;0.02667;0.00000;0.97333
news_00986.xml;0.00000;0.04250;0.00000;0.95750
news_00989.xml;0.00000;0.04167;0.00000;0.95833
news_00990.xml;0.02500;0.47164;0.03233;0.47102
news_00992.xml;0.00000;0.00833;0.00000;0.99167
news_00995.xml;0.00000;0.01400;0.00000;0.98600
news_00996.xml;0.01500;0.03000;0.00000;0.95500
news_00997.xml;0.00000;0.06033;0.00000;0.93967
news_00998.xml;0.01000;0.34306;0.22492;0.42202
news_01000.xml;0.00000;0.00000;0.00000;100.000
news_01001.xml;0.00000;0.03548;0.01508;0.94944
news_01003.xml;0.06276;0.48737;0.24451;0.20536
news_01005.xml;0.00000;0.00000;0.00800;0.99200
news_01006.xml;0.00500;0.04200;0.01000;0.94300
news_01011.xml;0.00250;0.03750;0.00250;0.95750
news_01018.xml;0.00000;0.01067;0.00200;0.98733
news_01019.xml;0.00000;0.00000;0.00000;100.000
news_01023.xml;0.00750;0.00000;0.00250;0.99000
news_01028.xml;0.00000;0.00000;0.00000;100.000
news_01031.xml;0.00500;0.03811;0.04200;0.91489
news_01034.xml;0.01250;0.84425;0.00000;0.14325
news_01040.xml;0.02650;0.29896;0.05071;0.62382
news_01041.xml;0.01367;0.42544;0.21618;0.34471
news_01043.xml;0.00000;0.01000;0.00000;0.99000
news_01045.xml;0.00000;0.14805;0.01200;0.83995
news_01047.xml;0.00000;0.01000;0.00000;0.99000
news_01051.xml;0.00833;0.02667;0.00500;0.96000
news_01054.xml;0.00000;0.04100;0.00583;0.95317
news_01057.xml;0.01750;0.09917;0.05667;0.82667
news_01065.xml;0.00000;0.00400;0.00000;0.99600
news_01070.xml;0.00000;0.09130;0.04429;0.86442
news_01071.xml;0.04333;0.01333;0.00000;0.94333
news_01072.xml;0.03632;0.30498;0.21072;0.44798
news_01077.xml;0.00000;0.00000;0.00000;100.000
news_01078.xml;0.00000;0.03300;0.00167;0.96533
news_01079.xml;0.00000;0.00000;0.00000;100.000
news_01081.xml;0.00250;0.97215;0.01742;0.00793
news_01088.xml;0.00000;0.00000;0.00500;0.99500
news_01091.xml;0.01000;0.02679;0.00143;0.96179
news_01101.xml;0.00000;0.00000;0.00000;100.000
news_01109.xml;0.01200;0.17561;0.02889;0.78350
news_01113.xml;0.01950;0.35850;0.02700;0.59500
news_01117.xml;0.00000;0.04000;0.00000;0.96000
news_01118.xml;0.00361;0.01600;0.00000;0.98039
news_01123.xml;0.01000;0.02000;0.00000;0.97000
news_01129.xml;0.00000;0.99000;0.00000;0.01000
news_01133.xml;0.00000;0.00200;0.00000;0.99800
news_01137.xml;0.00500;0.86625;0.00250;0.12625
news_01139.xml;0.00000;0.00000;0.00000;100.000
news_01141.xml;0.00000;0.10983;0.00000;0.89017
news_01145.xml;0.00000;0.00000;0.00000;100.000
news_01149.xml;0.00000;0.00000;0.00000;100.000
news_01155.xml;0.00000;0.02000;0.00000;0.98000
news_01160.xml;0.03000;0.06355;0.02119;0.88526
news_01173.xml;0.01500;0.00000;0.00000;0.98500
news_01177.xml;0.00000;0.03167;0.00200;0.96633
news_01181.xml;0.01000;0.07117;0.01200;0.90683
news_01182.xml;0.01500;0.01800;0.00000;0.96700
news_01183.xml;0.69826;0.04617;0.01000;0.24557
news_01187.xml;0.00000;0.02000;0.00000;0.98000
news_01190.xml;0.00000;0.00200;0.00000;0.99800
news_01191.xml;0.01200;0.05467;0.00000;0.93333
news_01192.xml;0.00000;0.00000;0.00000;100.000
news_01193.xml;0.00000;100.000;0.00000;0.00000
news_01199.xml;0.00500;0.02083;0.00250;0.97167
news_01205.xml;0.01000;0.05810;0.00857;0.92333
news_01207.xml;0.00000;0.05250;0.00500;0.94250
news_01208.xml;0.00983;0.42839;0.00760;0.55418
news_01213.xml;0.00000;0.00000;0.00000;100.000
news_01216.xml;0.00667;0.57989;0.04275;0.37069
news_01220.xml;0.00000;0.00000;0.00000;100.000
news_01226.xml;0.01667;0.16500;0.01000;0.80833
news_01227.xml;0.02250;0.45397;0.05670;0.46683
news_01235.xml;0.00250;0.02750;0.00000;0.97000
news_01237.xml;0.02317;0.33112;0.02488;0.62083
news_01241.xml;0.00333;0.06250;0.00000;0.93417
news_01246.xml;0.02750;0.42875;0.05310;0.49065
news_01251.xml;0.00000;0.04500;0.00000;0.95500
news_01257.xml;0.00000;100.000;0.00000;0.00000
news_01258.xml;0.01450;0.83218;0.00143;0.15189
news_01263.xml;0.02575;0.76654;0.07328;0.13443
news_01266.xml;0.00000;0.05400;0.00750;0.93850
news_01268.xml;0.00000;0.00667;0.00000;0.99333
news_01274.xml;0.01000;0.14860;0.03583;0.80557
news_01280.xml;0.00000;0.01400;0.00367;0.98233
news_01282.xml;0.00667;0.00000;0.00000;0.99333
news_01284.xml;0.00000;0.06800;0.04718;0.88482
news_01285.xml;0.00000;0.05000;0.00000;0.95000
news_01286.xml;0.06000;0.44931;0.09900;0.39169
news_01292.xml;0.00167;0.03167;0.00833;0.95833
news_01296.xml;0.03000;0.43690;0.00876;0.52433
news_01304.xml;0.00000;0.05750;0.00100;0.94150
news_01305.xml;0.00000;100.000;0.00000;0.00000
news_01306.xml;0.00000;0.41800;0.03500;0.54700
news_01309.xml;0.00167;0.54298;0.02960;0.42576
news_01312.xml;0.03350;0.30178;0.11696;0.54776
news_01313.xml;0.00000;0.04167;0.00667;0.95167
news_01317.xml;0.00000;0.00000;0.00000;100.000
news_01318.xml;0.03143;0.53176;0.06917;0.36764
news_01319.xml;0.00000;0.00200;0.00000;0.99800
news_01320.xml;0.00000;0.00833;0.00000;0.99167
news_01321.xml;0.00000;0.10500;0.03167;0.86333
news_01323.xml;0.01000;0.05167;0.01000;0.92833
news_01327.xml;0.00000;0.02458;0.02250;0.95292
news_01328.xml;0.00000;0.00200;0.00000;0.99800
news_01331.xml;0.00250;0.07617;0.01000;0.91133
news_01339.xml;0.00750;0.00500;0.00750;0.98000
news_01341.xml;0.00810;0.55390;0.03750;0.40050
news_01345.xml;0.07326;0.62781;0.12167;0.17726
news_01346.xml;0.00000;0.00000;0.00000;100.000
news_01355.xml;0.01200;0.32929;0.14000;0.51871
news_01357.xml;0.00000;0.06950;0.02056;0.90994
news_01359.xml;0.00333;0.02333;0.02000;0.95333
news_01361.xml;0.00500;0.01000;0.00000;0.98500
news_01362.xml;0.00000;0.00200;0.00000;0.99800
news_01363.xml;0.02000;0.30976;0.07283;0.59740
news_01368.xml;0.00000;0.98517;0.00000;0.01483
news_01371.xml;0.00000;0.00000;0.00000;100.000
news_01372.xml;0.01889;0.11002;0.04419;0.82690
news_01382.xml;0.00000;0.00000;0.00000;100.000
news_01383.xml;0.00000;0.00933;0.00000;0.99067
news_01394.xml;0.00000;0.03000;0.01000;0.96000
news_01401.xml;0.02517;0.30806;0.00893;0.65785
news_01403.xml;0.07900;0.69819;0.10745;0.11536
news_01404.xml;0.00000;0.00200;0.00000;0.99800
news_01411.xml;0.00800;0.90770;0.00000;0.08430
news_01412.xml;0.02333;0.01238;0.00000;0.96429
news_01417.xml;0.00750;0.78867;0.01000;0.19383
news_01418.xml;0.00800;0.05283;0.00250;0.93667
news_01424.xml;0.05150;0.38898;0.13017;0.42936
news_01425.xml;0.00000;0.00000;0.00000;100.000
news_01433.xml;0.00000;0.01429;0.01600;0.96971
news_01435.xml;0.00000;0.00000;0.01000;0.99000
news_01436.xml;0.00167;0.00250;0.00000;0.99583
news_01438.xml;0.01000;0.00000;0.00000;0.99000
news_01445.xml;0.00400;0.01500;0.01650;0.96450
news_01446.xml;0.01333;0.54822;0.01361;0.42483
news_01457.xml;0.00000;0.05010;0.01143;0.93848
news_01460.xml;0.00000;0.00000;0.00000;100.000
news_01465.xml;0.00000;0.16874;0.02576;0.80550
news_01466.xml;0.00000;0.00000;0.00000;100.000
news_01471.xml;0.01762;0.01381;0.00286;0.96571
news_01474.xml;0.00000;0.00625;0.00000;0.99375
news_01478.xml;0.07000;0.35844;0.07517;0.49639
news_01486.xml;0.00000;0.00730;0.00937;0.98333
news_01487.xml;0.00000;0.03750;0.00500;0.95750
news_01492.xml;0.00000;0.03000;0.00000;0.97000
news_01498.xml;0.00000;0.05376;0.00793;0.93831
news_01507.xml;0.01250;0.49868;0.18190;0.30692
news_01519.xml;0.00200;0.98717;0.00000;0.01083
news_01525.xml;0.01250;0.07517;0.02567;0.88667
news_01530.xml;0.03679;0.71025;0.06019;0.19277
news_01532.xml;0.00000;0.03000;0.01000;0.96000
news_01533.xml;0.00333;0.55056;0.04467;0.40144
news_01543.xml;0.01000;0.07933;0.02400;0.88667
news_01544.xml;0.00500;0.86375;0.01250;0.11875
news_01546.xml;0.00000;0.00500;0.00000;0.99500
news_01550.xml;0.01000;0.01333;0.01000;0.96667
news_01556.xml;0.00000;0.01792;0.03083;0.95125
news_01558.xml;0.00000;0.04889;0.00000;0.95111
news_01560.xml;0.00000;0.00500;0.00000;0.99500
news_01563.xml;0.00167;0.03000;0.00000;0.96833
news_01565.xml;0.01083;0.59933;0.06200;0.32783
news_01571.xml;0.00667;0.02250;0.00250;0.96833
news_01580.xml;0.00000;0.00000;0.00000;100.000
news_01581.xml;0.00000;0.00000;0.00000;100.000
news_01582.xml;0.00000;0.07750;0.03250;0.89000
news_01589.xml;0.00000;100.000;0.00000;0.00000
news_01591.xml;0.00000;0.00000;0.00000;100.000
news_01592.xml;0.00000;0.00000;0.00000;100.000
news_01601.xml;0.00000;0.16017;0.00700;0.83283
news_01607.xml;0.00333;0.00000;0.00000;0.99667
news_01616.xml;0.00000;0.01000;0.00000;0.99000
news_01617.xml;0.00343;0.94256;0.01975;0.03426
news_01624.xml;0.01400;0.03500;0.00900;0.94200
news_01625.xml;0.00500;0.06000;0.01800;0.91700
news_01627.xml;0.00650;0.62730;0.04750;0.31870
news_01628.xml;0.02000;0.46171;0.02200;0.49629
news_01630.xml;0.00000;0.00000;0.00000;100.000
news_01634.xml;0.00000;0.05833;0.00833;0.93333
news_01644.xml;0.00000;0.01000;0.00000;0.99000
news_01647.xml;0.00893;0.15338;0.02264;0.81505
news_01655.xml;0.02817;0.61889;0.01611;0.33683
news_01657.xml;0.03267;0.49333;0.08771;0.38629
news_01659.xml;0.00000;0.03350;0.00250;0.96400
news_01664.xml;0.00667;0.53333;0.02226;0.43774
news_01668.xml;0.00000;0.01571;0.00000;0.98429
news_01671.xml;0.01100;0.88789;0.00844;0.09267
news_01685.xml;0.00000;100.000;0.00000;0.00000
news_01688.xml;0.00000;0.00333;0.00000;0.99667
news_01690.xml;0.00000;0.00571;0.00800;0.98629
news_01691.xml;0.02300;0.71331;0.02250;0.24119
news_01693.xml;0.05683;0.31710;0.09183;0.53424
news_01699.xml;0.59493;0.06367;0.00333;0.33807
news_01702.xml;0.05964;0.35217;0.13612;0.45207
news_01703.xml;0.00200;0.81880;0.00000;0.17920
news_01705.xml;0.00000;100.000;0.00000;0.00000
news_01708.xml;0.00000;0.01000;0.00000;0.99000
news_01718.xml;0.00000;0.04000;0.00000;0.96000
news_01720.xml;0.01000;0.02000;0.00000;0.97000
news_01723.xml;0.00000;0.00000;0.00000;100.000
news_01725.xml;0.01333;0.48525;0.04593;0.45549
news_01729.xml;0.00000;0.00000;0.00000;100.000
news_01734.xml;0.01333;0.13050;0.00667;0.84950
news_01735.xml;0.00000;0.05000;0.00778;0.94222
news_01736.xml;0.00000;0.95650;0.02483;0.01867
news_01737.xml;0.03150;0.36142;0.30314;0.30394
news_01742.xml;0.00000;0.00000;0.00000;100.000
news_01744.xml;0.00750;0.75992;0.00650;0.22608
news_01746.xml;0.01250;0.90458;0.02000;0.06292
news_01749.xml;0.01458;0.39320;0.05901;0.53321
news_01751.xml;0.01000;0.06583;0.00000;0.92417
news_01753.xml;0.00500;0.02901;0.00506;0.96092
news_01754.xml;0.00000;0.00200;0.00000;0.99800
news_01755.xml;0.03333;0.39358;0.05408;0.51900
news_01757.xml;0.00000;100.000;0.00000;0.00000
news_01758.xml;0.00000;0.00000;0.00000;100.000
news_01759.xml;0.00000;0.00000;0.00000;100.000
news_01763.xml;0.00333;0.00750;0.00167;0.98750
news_01764.xml;0.00000;0.07083;0.00667;0.92250
news_01766.xml;0.01000;0.02200;0.00000;0.96800
news_01768.xml;0.00000;0.00000;0.00000;100.000
news_01772.xml;0.00000;0.02000;0.00333;0.97667
news_01773.xml;0.00333;0.01000;0.00500;0.98167
news_01774.xml;0.00143;0.92838;0.00733;0.06286
news_01775.xml;0.00000;0.03500;0.01000;0.95500
news_01779.xml;0.00000;100.000;0.00000;0.00000
news_01780.xml;0.00000;0.00000;0.00000;100.000
news_01786.xml;0.00000;0.79588;0.00000;0.20412
news_01809.xml;0.00000;0.00000;0.00000;100.000
news_01812.xml;0.01800;0.92663;0.00250;0.05287
news_01817.xml;0.00000;0.05500;0.02300;0.92200
news_01822.xml;0.02533;0.83950;0.05767;0.07750
news_01825.xml;0.00500;0.02333;0.00000;0.97167
news_01826.xml;0.01000;0.03960;0.06207;0.88833
news_01838.xml;0.01976;0.17724;0.06583;0.73717
news_01839.xml;0.01000;0.80148;0.01200;0.17652
news_01846.xml;0.00000;0.00000;0.00000;100.000
news_01847.xml;0.00333;0.02250;0.00167;0.97250
news_01848.xml;0.00000;100.000;0.00000;0.00000
news_01854.xml;0.00000;0.93333;0.01417;0.05250
news_01855.xml;0.00000;0.01000;0.00000;0.99000
news_01859.xml;0.00000;0.00000;0.00000;100.000
news_01862.xml;0.01000;0.04450;0.00000;0.94550
news_01866.xml;0.01000;0.02200;0.01300;0.95500
news_01881.xml;0.03539;0.18668;0.07748;0.70044
news_01888.xml;0.00000;100.000;0.00000;0.00000
news_01890.xml;0.01000;0.04988;0.00600;0.93412
news_01900.xml;0.00750;0.77015;0.00250;0.21985
news_01901.xml;0.00000;0.05000;0.00000;0.95000
news_01902.xml;0.00000;0.00200;0.00000;0.99800
news_01904.xml;0.02333;0.62498;0.08067;0.27102
news_01906.xml;0.00000;0.00000;0.00000;100.000
news_01907.xml;0.00000;0.02600;0.00000;0.97400
news_01910.xml;0.00865;0.84778;0.03814;0.10543
news_01915.xml;0.00900;0.05867;0.02083;0.91150
news_01923.xml;0.00000;0.00700;0.00000;0.99300
news_01926.xml;0.00000;0.00000;0.00000;100.000
news_01934.xml;0.00000;0.02067;0.00000;0.97933
news_01939.xml;0.01000;0.06083;0.01500;0.91417
news_01941.xml;0.00000;0.00200;0.00000;0.99800
news_01943.xml;0.03556;0.62721;0.10665;0.23058
news_01947.xml;0.02278;0.10500;0.00600;0.86622
news_01948.xml;0.00365;0.80094;0.06414;0.13126
news_01950.xml;0.00000;0.02476;0.00143;0.97381
news_01951.xml;0.00000;0.02361;0.01000;0.96639
news_01952.xml;0.00000;0.08500;0.01000;0.90500
news_01959.xml;0.00000;0.00000;0.00000;100.000
news_01960.xml;0.00000;0.00000;0.00000;100.000
news_01962.xml;0.00000;0.00700;0.00000;0.99300
news_01963.xml;0.00000;0.00000;0.00000;100.000
news_01967.xml;0.00000;0.00000;0.00000;100.000
news_01970.xml;0.00000;0.00000;0.00000;100.000
news_01977.xml;0.00500;0.11183;0.01400;0.86917
news_01990.xml;0.01500;0.47488;0.06137;0.44875
news_01991.xml;0.02000;0.03464;0.00700;0.93836
news_01993.xml;0.00000;0.03500;0.00200;0.96300
news_01995.xml;0.00000;0.02000;0.00000;0.98000
news_01998.xml;0.00000;0.00200;0.00000;0.99800
news_01999.xml;0.00000;0.00000;0.00000;100.000
news_02001.xml;0.00000;0.00000;0.00000;100.000
news_02005.xml;0.00000;0.15533;0.01250;0.83217
news_02006.xml;0.00000;0.00000;0.00000;100.000
news_02007.xml;0.06000;0.24853;0.09811;0.59336
news_02009.xml;0.03556;0.78411;0.06700;0.11333
news_02020.xml;0.00167;0.00333;0.00000;0.99500
news_02024.xml;0.00000;0.15689;0.01083;0.83228
news_02027.xml;0.00333;0.98867;0.00000;0.00800
news_02028.xml;0.00200;0.89550;0.01000;0.09250
news_02030.xml;0.02917;0.12792;0.00583;0.83708
news_02033.xml;0.00000;0.04833;0.01500;0.93667
news_02034.xml;0.00000;0.02667;0.01000;0.96333
news_02037.xml;0.01333;0.92189;0.01950;0.04528
news_02039.xml;0.00167;0.00333;0.00000;0.99500
news_02040.xml;0.00000;0.37018;0.00000;0.62982
news_02041.xml;0.00000;0.00700;0.00000;0.99300
news_02043.xml;0.00000;0.02333;0.00000;0.97667
news_02045.xml;0.01450;0.01100;0.00333;0.97117
news_02049.xml;0.00000;0.00200;0.00000;0.99800
news_02059.xml;0.00000;0.05286;0.03931;0.90783
news_02064.xml;0.02333;0.71111;0.03063;0.23492
news_02065.xml;0.00000;0.00200;0.00000;0.99800
news_02066.xml;0.00400;0.03033;0.01750;0.94817
news_02068.xml;0.00000;0.00200;0.00000;0.99800
news_02072.xml;0.00500;0.03912;0.00971;0.94617
news_02073.xml;0.00000;0.08438;0.00400;0.91162
news_02075.xml;0.00000;0.01000;0.00000;0.99000
news_02077.xml;0.00000;0.08029;0.00571;0.91400
news_02080.xml;0.01000;0.03821;0.00400;0.94779
news_02086.xml;0.00000;0.03567;0.00333;0.96100
news_02089.xml;0.01250;0.54393;0.20207;0.24150
news_02092.xml;0.00000;0.00000;0.00000;100.000
news_02093.xml;0.00000;0.00200;0.00000;0.99800
news_02099.xml;0.01000;0.03750;0.00000;0.95250
news_02100.xml;0.00000;0.34848;0.01400;0.63752
news_02102.xml;0.01000;0.05917;0.01400;0.91683
news_02105.xml;0.00000;0.01000;0.00000;0.99000
news_02110.xml;0.03371;0.86008;0.00393;0.10228
news_02117.xml;0.00000;0.00000;0.00000;100.000
news_02121.xml;0.00000;0.04267;0.00400;0.95333
news_02128.xml;0.00000;0.02000;0.00000;0.98000
news_02131.xml;0.00000;0.00000;0.00000;100.000
news_02139.xml;0.00889;0.19242;0.02700;0.77169
news_02140.xml;0.00000;0.00200;0.00000;0.99800
news_02144.xml;0.02476;0.10975;0.01464;0.85085
news_02161.xml;0.03440;0.36601;0.08223;0.51736
news_02165.xml;0.00000;0.01943;0.01314;0.96743
news_02172.xml;0.00167;0.03667;0.01000;0.95167
news_02174.xml;0.00200;0.10433;0.03989;0.85378
news_02175.xml;0.00333;0.01571;0.00167;0.97929
news_02178.xml;0.00500;0.06917;0.00000;0.92583
news_02180.xml;0.00000;0.01500;0.00000;0.98500
news_02194.xml;0.00143;0.91549;0.04225;0.04083
news_02195.xml;0.00000;0.02786;0.02492;0.94722
news_02202.xml;0.00000;0.00000;0.00000;100.000
news_02209.xml;0.00000;100.000;0.00000;0.00000
news_02212.xml;0.02000;0.88100;0.00000;0.09900
news_02215.xml;0.00000;0.09300;0.01343;0.89357
news_02217.xml;0.00000;0.16505;0.01900;0.81595
news_02218.xml;0.00250;0.08750;0.00250;0.90750
news_02224.xml;0.01750;0.56613;0.13529;0.28108
news_02227.xml;0.00250;0.04200;0.01333;0.94217
news_02230.xml;0.00000;0.00000;0.00000;100.000
news_02231.xml;0.04033;0.34235;0.26689;0.35043
news_02233.xml;0.00167;0.02250;0.00000;0.97583
news_02234.xml;0.00000;0.01000;0.00000;0.99000
news_02240.xml;0.00000;0.14555;0.01000;0.84445
news_02247.xml;0.00000;0.16949;0.04810;0.78242
news_02250.xml;0.00250;0.01657;0.00143;0.97950
news_02253.xml;0.00000;100.000;0.00000;0.00000
news_02254.xml;0.00000;0.00000;0.00000;100.000
news_02257.xml;0.01000;0.11483;0.14583;0.72933
news_02260.xml;0.00000;0.01000;0.00000;0.99000
news_02264.xml;0.00167;0.57897;0.12437;0.29500
news_02270.xml;0.01000;0.60267;0.04200;0.34533
news_02271.xml;0.00500;0.33538;0.00500;0.65462
news_02272.xml;0.00000;0.09517;0.01450;0.89033
news_02281.xml;0.00000;0.03933;0.00000;0.96067
news_02286.xml;0.00000;0.00600;0.00000;0.99400
news_02289.xml;0.00000;0.01767;0.01533;0.96700
news_02290.xml;0.00000;0.00000;0.00000;100.000
news_02291.xml;0.00200;0.90567;0.00000;0.09233
news_02298.xml;0.00000;0.07167;0.00833;0.92000
news_02299.xml;0.04633;0.60476;0.04045;0.30845
news_02300.xml;0.02333;0.87296;0.05343;0.05028
news_02306.xml;0.00560;0.92645;0.03783;0.03012
news_02307.xml;0.00333;0.03333;0.02167;0.94167
news_02308.xml;0.01500;0.01667;0.00333;0.96500
news_02312.xml;0.00000;0.00000;0.00000;100.000
news_02313.xml;0.01167;0.01983;0.01000;0.95850
news_02316.xml;0.00000;100.000;0.00000;0.00000
news_02321.xml;0.00000;0.00000;0.00000;100.000
news_02323.xml;0.00000;0.00000;0.00000;100.000
news_02329.xml;0.00000;0.00000;0.00000;100.000
news_02332.xml;0.00643;0.84567;0.02298;0.12493
news_02338.xml;0.00000;0.00000;0.00000;100.000
news_02347.xml;0.00000;0.00000;0.00000;100.000
news_02348.xml;0.00000;0.04625;0.02000;0.93375
news_02351.xml;0.02000;0.03000;0.00500;0.94500
news_02354.xml;0.00000;0.00000;0.00000;100.000
news_02358.xml;0.00000;0.01000;0.00000;0.99000
news_02363.xml;0.01167;0.07606;0.05667;0.85561
news_02365.xml;0.00000;0.02400;0.00000;0.97600
news_02369.xml;0.00000;0.05768;0.03893;0.90339
news_02374.xml;0.00000;0.00000;0.00000;100.000
news_02375.xml;0.00333;0.00500;0.00000;0.99167
news_02381.xml;0.01583;0.89125;0.04250;0.05042
news_02392.xml;0.00286;0.06821;0.00714;0.92179
news_02393.xml;0.00000;100.000;0.00000;0.00000
news_02394.xml;0.00500;0.00778;0.00422;0.98300
news_02398.xml;0.00400;0.06967;0.00900;0.91733
news_02400.xml;0.00500;0.02867;0.02583;0.94050
news_02401.xml;0.00000;0.01000;0.00000;0.99000
news_02403.xml;0.00000;0.00000;0.00000;100.000
news_02404.xml;0.77838;0.05300;0.01050;0.15812
news_02405.xml;0.00000;0.12029;0.01867;0.86105
news_02407.xml;0.01250;0.07393;0.00000;0.91357
news_02408.xml;0.01000;0.00000;0.01000;0.98000
news_02413.xml;0.00500;0.00000;0.00000;0.99500
news_02414.xml;0.00000;0.04533;0.02300;0.93167
news_02415.xml;0.00000;100.000;0.00000;0.00000
news_02418.xml;0.00000;0.00879;0.00800;0.98321
news_02419.xml;0.01000;0.03000;0.00000;0.96000
news_02422.xml;0.00000;0.00000;0.00000;100.000
news_02425.xml;0.00000;0.00000;0.00000;100.000
news_02431.xml;0.00000;0.00000;0.00000;100.000
news_02433.xml;0.03310;0.35090;0.06217;0.55383
news_02434.xml;0.02217;0.61687;0.19921;0.16175
news_02435.xml;0.00000;0.10517;0.00533;0.88950
news_02445.xml;0.00000;0.01875;0.00000;0.98125
news_02449.xml;0.00000;0.03917;0.00000;0.96083
news_02451.xml;0.00000;0.00643;0.00000;0.99357
news_02456.xml;0.00000;0.05789;0.00000;0.94211
news_02457.xml;0.00000;0.00700;0.01000;0.98300
news_02461.xml;0.00571;0.02345;0.00000;0.97083
news_02462.xml;0.00000;100.000;0.00000;0.00000
news_02463.xml;0.00200;0.91424;0.00000;0.08376
news_02466.xml;0.00250;0.00400;0.00000;0.99350
news_02469.xml;0.01500;0.41174;0.01167;0.56160
news_02470.xml;0.02150;0.13500;0.04417;0.79933
news_02475.xml;0.00567;0.94150;0.00000;0.05283
news_02476.xml;0.00000;0.00167;0.00667;0.99167
news_02495.xml;0.00000;0.00000;0.00000;100.000
news_02498.xml;0.03000;0.09125;0.01500;0.86375
news_02505.xml;0.01167;0.43207;0.07776;0.47850
news_02506.xml;0.00000;0.00000;0.00000;100.000
news_02509.xml;0.00500;0.07000;0.00000;0.92500
news_02513.xml;0.00000;0.07545;0.00743;0.91712
news_02524.xml;0.00000;0.00000;0.00000;100.000
news_02527.xml;0.00972;0.16626;0.04333;0.78068
news_02529.xml;0.00000;0.01000;0.00000;0.99000
news_02534.xml;0.00000;0.01367;0.01000;0.97633
news_02535.xml;0.00000;0.71322;0.08200;0.20478
news_02537.xml;0.00333;0.02333;0.00167;0.97167
news_02540.xml;0.00450;0.07750;0.00000;0.91800
news_02541.xml;0.01750;0.86407;0.04676;0.07167
news_02542.xml;0.00000;0.00000;0.00000;100.000
news_02552.xml;0.00000;0.00000;0.00000;100.000
news_02556.xml;0.00000;100.000;0.00000;0.00000
news_02559.xml;0.00250;0.06417;0.00000;0.93333
news_02565.xml;0.00167;0.02200;0.00000;0.97633
news_02571.xml;0.01000;0.66502;0.03186;0.29312
news_02577.xml;0.00167;0.16211;0.00733;0.82889
news_02578.xml;0.02200;0.21550;0.02267;0.73983
news_02580.xml;0.00000;0.05143;0.01714;0.93143
news_02583.xml;0.00833;0.15200;0.02810;0.81157
news_02584.xml;0.00000;0.07133;0.01250;0.91617
news_02588.xml;0.00950;0.26311;0.09289;0.63450
news_02591.xml;0.00000;0.81964;0.04292;0.13744
news_02595.xml;0.00250;0.00400;0.00000;0.99350
news_02596.xml;0.00000;0.15550;0.01000;0.83450
news_02600.xml;0.00000;0.12982;0.02350;0.84668
news_02603.xml;0.00333;0.11333;0.00000;0.88333
news_02606.xml;0.00000;100.000;0.00000;0.00000
news_02613.xml;0.00000;0.01500;0.00000;0.98500
news_02617.xml;0.00000;0.00000;0.00000;100.000
news_02618.xml;0.00500;0.02533;0.00200;0.96767
news_02619.xml;0.00000;0.05533;0.00250;0.94217
news_02621.xml;0.00833;0.04367;0.00733;0.94067
news_02625.xml;0.01000;0.58543;0.13090;0.27367
news_02626.xml;0.00000;100.000;0.00000;0.00000
news_02627.xml;0.01000;0.77952;0.06495;0.14552
news_02628.xml;0.00000;0.00000;0.00000;100.000
news_02629.xml;0.00000;0.79150;0.00000;0.20850
news_02630.xml;0.00000;0.05933;0.00500;0.93567
news_02642.xml;0.00250;0.02183;0.02233;0.95333
news_02645.xml;0.01200;0.09050;0.01250;0.88500
news_02648.xml;0.00000;0.08657;0.00400;0.90943
news_02650.xml;0.00000;100.000;0.00000;0.00000
news_02652.xml;0.00000;100.000;0.00000;0.00000
news_02653.xml;0.00000;0.00000;0.00000;100.000
news_02655.xml;0.00143;0.02200;0.00000;0.97657
news_02658.xml;0.08738;0.68908;0.09237;0.13117
news_02662.xml;0.00500;0.03333;0.01143;0.95024
news_02664.xml;0.00000;0.00000;0.00000;100.000
news_02671.xml;0.01000;0.17957;0.02800;0.78243
news_02676.xml;0.00000;0.00625;0.01908;0.97467
news_02678.xml;0.01000;0.38690;0.01700;0.58610
news_02679.xml;0.01100;0.07700;0.04100;0.87100
news_02683.xml;0.00000;0.49406;0.05300;0.45294
news_02684.xml;0.00000;0.01200;0.00000;0.98800
news_02688.xml;0.02033;0.25048;0.02750;0.70169
news_02695.xml;0.00000;0.00000;0.00000;100.000
news_02696.xml;0.00500;0.71645;0.01833;0.26022
news_02697.xml;0.00700;0.47200;0.01833;0.50267
news_02698.xml;0.00000;0.05250;0.00000;0.94750
news_02707.xml;0.00000;0.03833;0.00000;0.96167
news_02708.xml;0.00000;0.97731;0.00000;0.02269
news_02709.xml;0.00000;0.00000;0.00000;100.000
news_02712.xml;0.00000;0.99667;0.00000;0.00333
news_02714.xml;0.00250;0.00250;0.00000;0.99500
news_02716.xml;0.01250;0.04950;0.02275;0.91525
news_02718.xml;0.00000;0.94983;0.02150;0.02867
news_02720.xml;0.02050;0.82067;0.00000;0.15883
news_02723.xml;0.00000;0.00400;0.00000;0.99600
news_02726.xml;0.00000;0.01750;0.00000;0.98250
news_02734.xml;0.00143;0.05257;0.00900;0.93700
news_02736.xml;0.00000;0.00000;0.00000;100.000
news_02737.xml;0.00000;0.00000;0.00000;100.000
news_02741.xml;0.01371;0.61807;0.02500;0.34321
news_02746.xml;0.02393;0.74250;0.07581;0.15776
news_02750.xml;0.00000;0.17000;0.03400;0.79600
news_02770.xml;0.00000;0.08843;0.00943;0.90214
news_02775.xml;0.01000;0.03500;0.02000;0.93500
news_02777.xml;0.00500;0.03150;0.01600;0.94750
news_02778.xml;0.01000;0.00167;0.00650;0.98183
news_02781.xml;0.01500;0.29200;0.18317;0.50983
news_02783.xml;0.00000;0.02000;0.01000;0.97000
news_02789.xml;0.00000;0.00000;0.00000;100.000
news_02790.xml;0.00000;0.02500;0.01000;0.96500
news_02791.xml;0.00000;0.00000;0.00000;100.000
news_02800.xml;0.01200;0.16010;0.02793;0.79998
news_02804.xml;0.00500;0.30768;0.15517;0.53215
news_02806.xml;0.00000;0.00000;0.00000;100.000
news_02807.xml;0.00000;0.00000;0.00000;100.000
news_02814.xml;0.01667;0.07167;0.00143;0.91024
news_02817.xml;0.81838;0.04300;0.01050;0.12812
news_02821.xml;0.00000;0.10617;0.02200;0.87183
news_02822.xml;0.01143;0.03667;0.00714;0.94476
news_02824.xml;0.05833;0.05667;0.00000;0.88500
news_02825.xml;0.00000;0.00750;0.00000;0.99250
news_02826.xml;0.00000;0.04629;0.00325;0.95046
news_02830.xml;0.00000;0.00167;0.00000;0.99833
news_02831.xml;0.02276;0.82365;0.04233;0.11125
news_02832.xml;0.00000;0.06767;0.00733;0.92500
news_02833.xml;0.00667;0.00000;0.00750;0.98583
news_02841.xml;0.00000;0.00000;0.00667;0.99333
news_02845.xml;0.00000;0.00000;0.00000;100.000
news_02851.xml;0.01667;0.59632;0.01483;0.37218
news_02852.xml;0.00000;0.02083;0.00000;0.97917
news_02856.xml;0.00000;0.06250;0.01500;0.92250
news_02857.xml;0.02850;0.87757;0.03860;0.05533
news_02862.xml;0.00333;0.19899;0.01033;0.78735
news_02866.xml;0.00000;0.02800;0.00000;0.97200
news_02867.xml;0.00867;0.84317;0.03517;0.11300
news_02870.xml;0.00000;0.01000;0.00000;0.99000
news_02871.xml;0.00000;0.06017;0.00400;0.93583
news_02873.xml;0.04000;0.02857;0.00000;0.93143
news_02874.xml;0.00000;0.05000;0.00333;0.94667
news_02876.xml;0.02350;0.40969;0.24681;0.32000
news_02880.xml;0.00000;100.000;0.00000;0.00000
news_02881.xml;0.04657;0.02300;0.00000;0.93043
news_02882.xml;0.00250;0.02750;0.02625;0.94375
news_02883.xml;0.02000;0.51064;0.28519;0.18417
news_02886.xml;0.00000;0.00000;0.01000;0.99000
news_02887.xml;0.00167;0.03683;0.01733;0.94417
news_02888.xml;0.00000;0.07767;0.00000;0.92233
news_02903.xml;0.00000;0.00000;0.02000;0.98000
news_02905.xml;0.00500;0.01945;0.01333;0.96221
news_02910.xml;0.01333;0.04567;0.01033;0.93067
news_02911.xml;0.00333;0.01043;0.01000;0.97624
news_02923.xml;0.00000;0.00000;0.00000;100.000
news_02927.xml;0.00000;0.00000;0.00000;100.000
news_02929.xml;0.00250;0.72175;0.07250;0.20325
news_02931.xml;0.00000;0.00400;0.00000;0.99600
news_02932.xml;0.00000;100.000;0.00000;0.00000
news_02936.xml;0.00000;0.09333;0.00333;0.90333
news_02939.xml;0.03000;0.04583;0.02583;0.89833
news_02942.xml;0.00000;0.00000;0.00000;100.000
news_02946.xml;0.01143;0.03667;0.00714;0.94476
news_02950.xml;0.00000;0.00000;0.00000;100.000
news_02952.xml;0.00000;0.01245;0.00400;0.98355
news_02957.xml;0.00600;0.00650;0.00400;0.98350
news_02961.xml;0.00000;0.96189;0.02700;0.01111
news_02964.xml;0.00000;0.05900;0.02450;0.91650
news_02967.xml;0.00500;0.04200;0.01000;0.94300
news_02969.xml;0.00400;0.05500;0.01900;0.92200
news_02971.xml;0.00000;0.98533;0.00667;0.00800
news_02976.xml;0.02000;0.05967;0.00000;0.92033
news_02977.xml;0.00000;0.00400;0.00000;0.99600
news_02982.xml;0.00500;0.58006;0.04040;0.37455
news_02983.xml;0.00000;0.00000;0.00000;100.000
news_02987.xml;0.00556;0.09733;0.01533;0.88178
news_02991.xml;0.01867;0.69600;0.03483;0.25050
news_02992.xml;0.01400;0.35050;0.11175;0.52375
news_02993.xml;0.00000;0.00000;0.00000;100.000
news_02994.xml;0.01000;0.01583;0.00167;0.97250
news_02996.xml;0.03000;0.01200;0.00000;0.95800
news_03000.xml;0.00583;0.00250;0.00667;0.98500
news_03001.xml;0.00000;0.05533;0.00000;0.94467
news_03007.xml;0.01500;0.00333;0.00500;0.97667
news_03008.xml;0.00500;0.85758;0.02117;0.11625
news_03010.xml;0.01000;0.06533;0.00000;0.92467
news_03014.xml;0.00000;0.03250;0.00000;0.96750
news_03018.xml;0.02950;0.46737;0.21350;0.28963
news_03019.xml;0.02493;0.75990;0.06024;0.15493
news_03020.xml;0.00000;0.07679;0.03500;0.88821
news_03023.xml;0.00000;0.08744;0.02726;0.88530
news_03033.xml;0.00000;0.02850;0.00000;0.97150
news_03040.xml;0.00000;0.03283;0.01000;0.95717
news_03044.xml;0.00000;0.66410;0.03283;0.30307
news_03047.xml;0.00000;0.06333;0.00000;0.93667
news_03052.xml;0.00000;0.04833;0.03092;0.92075
news_03058.xml;0.00000;0.00700;0.00000;0.99300
news_03064.xml;0.00750;0.04417;0.00000;0.94833
news_03065.xml;0.00000;0.03650;0.00000;0.96350
news_03067.xml;0.03367;0.33117;0.03067;0.60450
news_03068.xml;0.00567;0.48502;0.07965;0.42967
news_03069.xml;0.00000;0.00000;0.00000;100.000
news_03072.xml;0.00000;0.00000;0.00000;100.000
news_03084.xml;0.00000;0.04167;0.02000;0.93833
news_03085.xml;0.00000;0.00000;0.01667;0.98333
news_03086.xml;0.00000;0.01000;0.00000;0.99000
news_03087.xml;0.00000;0.03283;0.00000;0.96717
news_03090.xml;0.00000;0.00000;0.00000;100.000
news_03091.xml;0.00000;0.92350;0.03983;0.03667
news_03095.xml;0.02983;0.41881;0.05483;0.49652
news_03103.xml;0.00750;0.02750;0.00000;0.96500
news_03111.xml;0.00000;0.02607;0.00643;0.96750
news_03118.xml;0.00000;0.00000;0.00000;100.000
news_03120.xml;0.01250;0.14250;0.00000;0.84500
news_03121.xml;0.00000;0.75279;0.08621;0.16100
news_03126.xml;0.00000;0.01000;0.00500;0.98500
news_03127.xml;0.00000;0.00000;0.00000;100.000
news_03129.xml;0.00000;0.01125;0.00000;0.98875
news_03132.xml;0.02167;0.66594;0.09956;0.21283
news_03133.xml;0.00000;0.12045;0.01500;0.86455
news_03134.xml;0.02950;0.55617;0.05400;0.36033
news_03140.xml;0.00000;0.01000;0.00000;0.99000
news_03145.xml;0.00000;0.01117;0.00000;0.98883
news_03147.xml;0.00500;0.02000;0.00250;0.97250
news_03152.xml;0.00750;0.02250;0.00667;0.96333
news_03154.xml;0.00000;0.00000;0.00000;100.000
news_03156.xml;0.01000;0.03933;0.01283;0.93783
news_03157.xml;0.00000;0.00000;0.00000;100.000
news_03159.xml;0.00333;0.07583;0.01000;0.91083
news_03160.xml;0.01000;0.02333;0.00000;0.96667
news_03167.xml;0.01000;0.92763;0.00250;0.05987
news_03170.xml;0.00361;0.04933;0.00500;0.94206
news_03176.xml;0.00667;0.05600;0.01875;0.91858
news_03179.xml;0.00200;0.89233;0.00000;0.10567
news_03182.xml;0.00000;0.00000;0.00000;100.000
news_03183.xml;0.00000;0.00000;0.00000;100.000
news_03187.xml;0.00000;0.05333;0.01000;0.93667
news_03189.xml;0.00000;0.05833;0.00833;0.93333
news_03192.xml;0.04990;0.01000;0.00167;0.93843
news_03195.xml;0.00000;0.06150;0.00750;0.93100
news_03197.xml;0.01000;0.56033;0.08075;0.34892
news_03203.xml;0.00000;100.000;0.00000;0.00000
news_03206.xml;0.03000;0.03000;0.01000;0.93000
news_03208.xml;0.04464;0.55040;0.08536;0.31960
news_03209.xml;0.00361;0.03100;0.00250;0.96289
news_03219.xml;0.00200;0.36253;0.03039;0.60508
news_03225.xml;0.00765;0.83757;0.04678;0.10800
news_03231.xml;0.00000;100.000;0.00000;0.00000
news_03232.xml;0.00250;0.06917;0.01250;0.91583
news_03234.xml;0.00000;0.05625;0.01333;0.93042
news_03236.xml;0.02767;0.42042;0.16558;0.38633
news_03237.xml;0.02083;0.00750;0.00000;0.97167
news_03238.xml;0.00000;0.03000;0.00000;0.97000
news_03247.xml;0.00000;0.00000;0.00000;100.000
news_03248.xml;0.00000;0.00200;0.00200;0.99600
news_03250.xml;0.00500;0.02500;0.00000;0.97000
news_03253.xml;0.00000;0.00000;0.00000;100.000
news_03254.xml;0.00867;0.05767;0.01000;0.92367
news_03255.xml;0.00000;0.03000;0.00000;0.97000
news_03256.xml;0.01250;0.54145;0.04317;0.40288
news_03257.xml;0.00000;0.02964;0.00850;0.96186
news_03259.xml;0.00000;0.00000;0.00000;100.000
news_03262.xml;0.00000;0.01000;0.00500;0.98500
news_03269.xml;0.00000;0.02000;0.00000;0.98000
news_03271.xml;0.00400;0.03933;0.00850;0.94817
news_03274.xml;0.01250;0.12917;0.01450;0.84383
news_03285.xml;0.00000;0.00000;0.00000;100.000
news_03286.xml;0.03250;0.38830;0.28462;0.29458
news_03287.xml;0.00000;0.99444;0.00556;0.00000
news_03293.xml;0.00000;0.08250;0.00500;0.91250
news_03300.xml;0.01450;0.05050;0.02300;0.91200
news_03304.xml;0.04500;0.51771;0.11945;0.31783
news_03314.xml;0.00583;0.71083;0.10038;0.18295
news_03316.xml;0.01400;0.13976;0.00000;0.84624
news_03319.xml;0.00000;0.03429;0.00000;0.96571
news_03323.xml;0.00200;0.17714;0.03728;0.78358
news_03330.xml;0.00361;0.03881;0.00000;0.95758
news_03331.xml;0.00000;0.01567;0.00800;0.97633
news_03333.xml;0.01000;0.02067;0.01400;0.95533
news_03334.xml;0.00250;0.04050;0.00000;0.95700
news_03337.xml;0.04200;0.03367;0.00000;0.92433
news_03341.xml;0.00200;0.05250;0.00800;0.93750
news_03343.xml;0.03583;0.21097;0.29159;0.46161
news_03344.xml;0.00361;0.01378;0.02056;0.96206
news_03352.xml;0.01500;0.14455;0.00000;0.84045
news_03354.xml;0.00000;0.00000;0.00000;100.000
news_03355.xml;0.00000;0.00000;0.00000;100.000
news_03359.xml;0.01150;0.50915;0.24652;0.23283
news_03369.xml;0.01500;0.01367;0.01250;0.95883
news_03371.xml;0.00250;0.11850;0.00000;0.87900
news_03372.xml;0.00000;0.95939;0.02950;0.01111
news_03374.xml;0.00200;0.51857;0.04767;0.43176
news_03380.xml;0.00222;0.02950;0.01778;0.95050
news_03381.xml;0.02083;0.52013;0.17278;0.28626
news_03383.xml;0.00000;0.01200;0.00000;0.98800
news_03385.xml;0.00000;0.05350;0.00000;0.94650
news_03386.xml;0.00000;0.00000;0.00000;100.000
news_03388.xml;0.03750;0.64381;0.09417;0.22452
news_03390.xml;0.00000;0.00500;0.00000;0.99500
news_03392.xml;0.01533;0.70933;0.02900;0.24633
news_03395.xml;0.00000;0.00900;0.01200;0.97900
news_03396.xml;0.00000;100.000;0.00000;0.00000
news_03398.xml;0.00250;0.00250;0.00000;0.99500
news_03400.xml;0.00000;0.04700;0.01000;0.94300
news_03402.xml;0.00000;0.01000;0.00000;0.99000
news_03405.xml;0.00583;0.02617;0.01800;0.95000
news_03407.xml;0.01500;0.21590;0.02876;0.74033
news_03408.xml;0.00000;0.10000;0.01500;0.88500
news_03409.xml;0.00000;0.03375;0.00833;0.95792
news_03412.xml;0.00000;0.02762;0.00000;0.97238
news_03415.xml;0.00250;0.00250;0.00000;0.99500
news_03417.xml;0.00000;0.00000;0.00000;100.000
news_03421.xml;0.00333;0.00000;0.00667;0.99000
news_03425.xml;0.00000;0.04333;0.00000;0.95667
news_03427.xml;0.00250;0.00250;0.00000;0.99500
news_03431.xml;0.00250;0.37602;0.08389;0.53760
news_03433.xml;0.00000;100.000;0.00000;0.00000
news_03436.xml;0.00000;0.07667;0.00333;0.92000
news_03441.xml;0.00000;0.01900;0.01000;0.97100
news_03442.xml;0.00000;0.21667;0.02000;0.76333
news_03446.xml;0.01226;0.89895;0.04867;0.04012
news_03447.xml;0.00000;0.05233;0.00500;0.94267
news_03454.xml;0.00000;0.01667;0.00000;0.98333
news_03455.xml;0.01767;0.66939;0.04867;0.26428
news_03469.xml;0.00000;100.000;0.00000;0.00000
news_03471.xml;0.01250;0.04117;0.00000;0.94633
news_03472.xml;0.00000;0.01000;0.00000;0.99000
news_03477.xml;0.00000;0.07533;0.00333;0.92133
news_03478.xml;0.00900;0.02629;0.00200;0.96271
news_03481.xml;0.00000;0.00000;0.00000;100.000
news_03483.xml;0.02600;0.66268;0.13715;0.17417
news_03484.xml;0.02333;0.53526;0.19730;0.24411
news_03491.xml;0.00000;0.01000;0.00000;0.99000
news_03498.xml;0.01283;0.39332;0.22990;0.36394
news_03507.xml;0.00000;0.01250;0.00000;0.98750
news_03511.xml;0.00700;0.06643;0.06432;0.86225
news_03517.xml;0.04083;0.56423;0.25491;0.14002
news_03519.xml;0.00000;0.01167;0.01000;0.97833
news_03523.xml;0.00000;0.04933;0.00000;0.95067
news_03524.xml;0.01700;0.70017;0.01333;0.26950
news_03526.xml;0.00167;0.03500;0.00000;0.96333
news_03530.xml;0.00000;0.05433;0.00000;0.94567
news_03531.xml;0.02143;0.52598;0.05083;0.40176
news_03532.xml;0.00000;100.000;0.00000;0.00000
news_03533.xml;0.01000;0.06831;0.00500;0.91669
news_03538.xml;0.01000;0.03000;0.01467;0.94533
news_03540.xml;0.11383;0.01250;0.01548;0.85820
news_03544.xml;0.02500;0.39167;0.03617;0.54717
news_03545.xml;0.06376;0.68324;0.13083;0.12217
news_03547.xml;0.00400;0.00200;0.00533;0.98867
news_03552.xml;0.01750;0.07333;0.02583;0.88333
news_03554.xml;0.00167;0.53403;0.15433;0.30998
news_03555.xml;0.01333;0.54414;0.08252;0.36000
news_03556.xml;0.00000;0.01000;0.00000;0.99000
news_03558.xml;0.00000;0.01476;0.01314;0.97210
news_03559.xml;0.00333;0.51833;0.02950;0.44884
news_03562.xml;0.00000;0.00000;0.00000;100.000
news_03563.xml;0.00000;0.01000;0.00000;0.99000
news_03567.xml;0.00000;0.06667;0.00400;0.92933
news_03573.xml;0.10406;0.01250;0.01833;0.86510
news_03581.xml;0.00667;0.85511;0.03122;0.10700
news_03583.xml;0.00250;0.00250;0.00000;0.99500
news_03588.xml;0.00000;0.01048;0.00000;0.98952
news_03591.xml;0.00250;0.04317;0.01200;0.94233
news_03603.xml;0.00000;0.01000;0.00000;0.99000
news_03604.xml;0.00000;0.06600;0.00000;0.93400
news_03605.xml;0.00000;0.00250;0.00000;0.99750
news_03607.xml;0.00000;0.01000;0.00000;0.99000
news_03608.xml;0.01679;0.72930;0.05283;0.20108
news_03609.xml;0.01317;0.65693;0.17146;0.15844
news_03616.xml;0.00200;0.05167;0.01500;0.93133
news_03617.xml;0.00000;0.99667;0.00000;0.00333
news_03618.xml;0.00000;0.14390;0.03067;0.82543
news_03620.xml;0.01117;0.40994;0.25566;0.32323
news_03623.xml;0.00000;0.00333;0.00000;0.99667
news_03628.xml;0.00000;0.00167;0.00000;0.99833
news_03632.xml;0.00000;0.03722;0.00000;0.96278
news_03633.xml;0.00500;0.02000;0.00750;0.96750
news_03635.xml;0.00000;100.000;0.00000;0.00000
news_03638.xml;0.05467;0.47305;0.23995;0.23233
news_03639.xml;0.01843;0.74231;0.00250;0.23676
news_03640.xml;0.00667;0.54300;0.03950;0.41083
news_03643.xml;0.00200;0.27977;0.04214;0.67608
news_03644.xml;0.00000;0.00000;0.00000;100.000
news_03645.xml;0.00000;0.00200;0.00000;0.99800
news_03646.xml;0.03250;0.12488;0.07000;0.77262
news_03654.xml;0.00400;0.00200;0.00533;0.98867
news_03669.xml;0.00900;0.07500;0.01400;0.90200
news_03671.xml;0.00250;0.05667;0.01000;0.93083
news_03672.xml;0.00000;0.01750;0.00000;0.98250
news_03673.xml;0.01000;0.83203;0.01143;0.14654
news_03676.xml;0.00400;0.00200;0.00533;0.98867
news_03682.xml;0.01500;0.03229;0.00000;0.95271
news_03685.xml;0.00000;0.11417;0.04750;0.83833
news_03687.xml;0.01000;0.00333;0.02500;0.96167
news_03688.xml;0.00000;0.94083;0.00250;0.05667
news_03689.xml;0.00000;0.00000;0.00000;100.000
news_03694.xml;0.01333;0.05060;0.01543;0.92064
news_03695.xml;0.00400;0.00200;0.00533;0.98867
news_03698.xml;0.00000;0.97667;0.00000;0.02333
news_03706.xml;0.02000;0.03750;0.00250;0.94000
news_03707.xml;0.00000;0.00000;0.00000;100.000
news_03709.xml;0.00000;0.06167;0.02750;0.91083
news_03710.xml;0.00250;0.80190;0.03760;0.15800
news_03711.xml;0.00500;0.05283;0.00667;0.93550
news_03714.xml;0.00000;0.57602;0.05267;0.37131
news_03717.xml;0.01250;0.09929;0.02750;0.86071
news_03722.xml;0.00250;0.03750;0.00250;0.95750
news_03725.xml;0.00000;0.00000;0.00333;0.99667
news_03726.xml;0.00000;0.00000;0.00000;100.000
news_03729.xml;0.00400;0.02367;0.01450;0.95783
news_03730.xml;0.00000;0.02429;0.00733;0.96838
news_03732.xml;0.00000;0.03500;0.00000;0.96500
news_03735.xml;0.00000;0.00000;0.00000;100.000
news_03736.xml;0.01143;0.85764;0.03143;0.09950
news_03741.xml;0.00583;0.10321;0.02179;0.86917
news_03743.xml;0.00000;0.01000;0.00400;0.98600
news_03745.xml;0.02317;0.41644;0.32606;0.23433
news_03748.xml;0.01000;0.92796;0.00250;0.05954
news_03752.xml;0.00000;0.02450;0.00000;0.97550
news_03753.xml;0.00250;0.03350;0.00250;0.96150
news_03758.xml;0.01000;0.08000;0.02250;0.88750
news_03759.xml;0.00000;0.00000;0.00000;100.000
news_03763.xml;0.04283;0.36355;0.08417;0.50945
news_03766.xml;0.00000;0.00500;0.00000;0.99500
news_03767.xml;0.03543;0.20425;0.17608;0.58424
news_03772.xml;0.03817;0.25805;0.14533;0.55845
news_03775.xml;0.02000;0.03417;0.00000;0.94583
news_03777.xml;0.00200;0.86817;0.00000;0.12983
news_03778.xml;0.00000;0.71083;0.08783;0.20133
news_03779.xml;0.01000;0.04489;0.00000;0.94511
news_03781.xml;0.00400;0.03200;0.00200;0.96200
news_03782.xml;0.00000;0.01000;0.00000;0.99000
news_03783.xml;0.00000;0.04331;0.02583;0.93086
news_03785.xml;0.01000;0.03800;0.00000;0.95200
news_03789.xml;0.00000;100.000;0.00000;0.00000
news_03791.xml;0.00500;0.04500;0.00000;0.95000
news_03796.xml;0.00000;0.01000;0.00333;0.98667
news_03799.xml;0.00429;0.00571;0.00000;0.99000
news_03800.xml;0.00182;0.56711;0.11559;0.31548
news_03805.xml;0.00250;0.00250;0.00000;0.99500
news_03811.xml;0.00000;0.01000;0.00000;0.99000
news_03812.xml;0.02000;0.09250;0.01250;0.87500
news_03813.xml;0.00000;0.00000;0.00000;100.000
news_03819.xml;0.00000;0.00667;0.00000;0.99333
news_03820.xml;0.00000;0.01867;0.01333;0.96800
news_03822.xml;0.00750;0.34736;0.17890;0.46624
news_03825.xml;0.00000;0.02450;0.00400;0.97150
news_03826.xml;0.00714;0.29121;0.05036;0.65129
news_03828.xml;0.00000;0.00167;0.00000;0.99833
news_03831.xml;0.01000;0.00000;0.00000;0.99000
news_03832.xml;0.00000;0.02417;0.00000;0.97583
news_03833.xml;0.00250;0.00250;0.00000;0.99500
news_03838.xml;0.04314;0.45060;0.06417;0.44210
news_03839.xml;0.13906;0.01250;0.02833;0.82010
news_03841.xml;0.05467;0.11525;0.09350;0.73658
news_03842.xml;0.00000;0.02950;0.00250;0.96800
news_03843.xml;0.00000;0.02750;0.00667;0.96583
news_03845.xml;0.00400;0.05033;0.01300;0.93267
news_03846.xml;0.00250;0.03429;0.01317;0.95005
news_03847.xml;0.01833;0.02333;0.00600;0.95233
news_03848.xml;0.00000;0.00000;0.00000;100.000
news_03851.xml;0.00000;0.00833;0.00000;0.99167
news_03854.xml;0.03260;0.20167;0.12764;0.63810
news_03857.xml;0.00000;0.02667;0.00000;0.97333
news_03859.xml;0.00000;0.00000;0.00000;100.000
news_03860.xml;0.00000;0.02000;0.00000;0.98000
news_03863.xml;0.00000;0.03400;0.00000;0.96600
news_03864.xml;0.00333;0.00500;0.00000;0.99167
news_03868.xml;0.00000;0.00167;0.00000;0.99833
news_03870.xml;0.00500;0.00000;0.00000;0.99500
news_03874.xml;0.00000;0.00667;0.00000;0.99333
news_03877.xml;0.00000;0.06000;0.00000;0.94000
news_03878.xml;0.00000;100.000;0.00000;0.00000
news_03880.xml;0.00500;0.02833;0.01000;0.95667
news_03884.xml;0.00000;0.01964;0.00000;0.98036
news_03887.xml;0.00000;100.000;0.00000;0.00000
news_03890.xml;0.01000;0.02300;0.00400;0.96300
news_03891.xml;0.01400;0.04685;0.00200;0.93715
news_03893.xml;0.00333;0.09117;0.00167;0.90383
news_03897.xml;0.00000;100.000;0.00000;0.00000
news_03908.xml;0.01950;0.47789;0.06811;0.43450
news_03909.xml;0.00200;0.99217;0.00000;0.00583
news_03915.xml;0.00000;100.000;0.00000;0.00000
news_03923.xml;0.00000;0.01200;0.01700;0.97100
news_03926.xml;0.00000;0.00000;0.00000;100.000
news_03928.xml;0.01167;0.32515;0.06833;0.59485
news_03933.xml;0.00000;0.02250;0.03000;0.94750
news_03937.xml;0.00000;0.03000;0.00800;0.96200
news_03938.xml;0.00000;0.01750;0.03000;0.95250
news_03942.xml;0.00000;0.00000;0.00000;100.000
news_03944.xml;0.00000;0.00600;0.01400;0.98000
news_03946.xml;0.02883;0.48960;0.08260;0.39898
news_03948.xml;0.01750;0.57185;0.10732;0.30333
news_03950.xml;0.00000;0.95882;0.01575;0.02543
news_03965.xml;0.01433;0.54599;0.07942;0.36026
news_03970.xml;0.01200;0.66381;0.10200;0.22219
